{"type":"FeatureCollection","name":"Alaska Fault Trace Mapping, 2021 (Bender & Haeussler, USGS; doi:10.5066/P9H02FXB), coords rounded to 1e-6. Display copy built by tools/faults/build_faults.py.","features":[{"type":"Feature","properties":{"FaultName":"Stevens","Change":"Added","QfaultID":0,"Feature":"South-facing scarps in alluvium","SlipSense1":"Strike-slip","SlipSense2":"Right-lateral transtension; down-to-the-south"},"geometry":{"type":"LineString","coordinates":[[-148.109155,66.375824],[-148.165224,66.366117],[-148.244731,66.351461],[-148.331409,66.335977],[-148.370478,66.329327],[-148.441998,66.316937],[-148.503506,66.307742],[-148.561069,66.297467],[-148.624773,66.285924],[-148.639463,66.282827],[-148.671626,66.276614],[-148.710347,66.269538]]}},{"type":"Feature","properties":{"FaultName":"Stevens","Change":"Added","QfaultID":0,"Feature":"South-facing scarps in alluvium","SlipSense1":"Strike-slip","SlipSense2":"Right-lateral transtension; down-to-the-south"},"geometry":{"type":"LineString","coordinates":[[-149.020819,66.322362],[-149.064537,66.310398],[-149.104048,66.300225],[-149.155411,66.2881],[-149.20264,66.275751],[-149.268586,66.258363],[-149.302446,66.249114],[-149.336977,66.23922],[-149.368986,66.229308],[-149.378131,66.226331]]}},{"type":"Feature","properties":{"FaultName":"Stevens","Change":"Added","QfaultID":0,"Feature":"South-facing scarps in alluvium","SlipSense1":"Strike-slip","SlipSense2":"Right-lateral transtension; down-to-the-south"},"geometry":{"type":"LineString","coordinates":[[-149.404493,66.212245],[-149.430072,66.20339],[-149.477005,66.189857],[-149.515742,66.176464],[-149.560774,66.162349],[-149.58667,66.154566]]}},{"type":"Feature","properties":{"FaultName":"Stevens","Change":"Added","QfaultID":0,"Feature":"South-facing scarps in alluvium","SlipSense1":"Strike-slip","SlipSense2":"Right-lateral transtension; down-to-the-south"},"geometry":{"type":"LineString","coordinates":[[-149.467732,66.179948],[-149.522787,66.163689],[-149.575033,66.148681],[-149.620402,66.136013]]}},{"type":"Feature","properties":{"FaultName":"Dall Mountain","Change":"Revised","QfaultID":5430,"Feature":"Range-front linear slope-breaks and west-facing scarps in alluvium and colluvium","SlipSense1":"Normal","SlipSense2":"Down-to-the-west"},"geometry":{"type":"LineString","coordinates":[[-149.712069,66.43489],[-149.712775,66.433812],[-149.713397,66.432516],[-149.71366,66.431616],[-149.714197,66.429746],[-149.715074,66.429077],[-149.716255,66.427987],[-149.717106,66.427485],[-149.71756,66.426495],[-149.717614,66.425423]]}},{"type":"Feature","properties":{"FaultName":"Dall Mountain","Change":"Revised","QfaultID":5430,"Feature":"Range-front linear slope-breaks and west-facing scarps in alluvium and colluvium","SlipSense1":"Normal","SlipSense2":"Down-to-the-west"},"geometry":{"type":"LineString","coordinates":[[-149.717547,66.42473],[-149.717954,66.424406],[-149.718515,66.42423],[-149.71869,66.423877],[-149.719038,66.423552],[-149.718728,66.4229],[-149.719331,66.422463],[-149.719495,66.422181],[-149.719835,66.421903],[-149.72001,66.42155],[-149.719993,66.421287],[-149.720326,66.420318],[-149.720362,66.419723],[-149.720611,66.419276],[-149.720586,66.419061],[-149.720698,66.41873],[-149.720757,66.417992],[-149.7209,66.416732],[-149.721315,66.415622],[-149.720649,66.413863],[-149.7201,66.41249]]}},{"type":"Feature","properties":{"FaultName":"Dall Mountain","Change":"Revised","QfaultID":5430,"Feature":"Range-front linear slope-breaks and west-facing scarps in alluvium and colluvium","SlipSense1":"Normal","SlipSense2":"Down-to-the-west"},"geometry":{"type":"LineString","coordinates":[[-149.720064,66.410867],[-149.719997,66.410174],[-149.719317,66.40925],[-149.718595,66.408587],[-149.718258,66.408101],[-149.717909,66.407329],[-149.717426,66.406649]]}},{"type":"Feature","properties":{"FaultName":"Dall Mountain","Change":"Revised","QfaultID":5430,"Feature":"Range-front linear slope-breaks and west-facing scarps in alluvium and colluvium","SlipSense1":"Normal","SlipSense2":"Down-to-the-west"},"geometry":{"type":"LineString","coordinates":[[-149.720296,66.40794],[-149.719553,66.407038],[-149.720216,66.40622],[-149.719956,66.405999],[-149.719224,66.405765],[-149.718679,66.405107],[-149.718593,66.404533],[-149.718512,66.403934],[-149.718439,66.403646]]}},{"type":"Feature","properties":{"FaultName":"Dall Mountain","Change":"Revised","QfaultID":5430,"Feature":"Range-front linear slope-breaks and west-facing scarps in alluvium and colluvium","SlipSense1":"Normal","SlipSense2":"Down-to-the-west"},"geometry":{"type":"LineString","coordinates":[[-149.720731,66.40559],[-149.720524,66.405036],[-149.720767,66.404255],[-149.720706,66.403896],[-149.72101,66.403475],[-149.72082,66.403184],[-149.720819,66.402826],[-149.720397,66.402505],[-149.720448,66.401815],[-149.720676,66.401129],[-149.72105,66.400638],[-149.720957,66.400111],[-149.720171,66.399112],[-149.718877,66.397958],[-149.718526,66.397567]]}},{"type":"Feature","properties":{"FaultName":"Dall Mountain","Change":"Revised","QfaultID":5430,"Feature":"Range-front linear slope-breaks and west-facing scarps in alluvium and colluvium","SlipSense1":"Normal","SlipSense2":"Down-to-the-west"},"geometry":{"type":"LineString","coordinates":[[-149.715897,66.39478],[-149.716303,66.394457],[-149.716355,66.393767],[-149.715531,66.393006],[-149.715276,66.392379],[-149.715029,66.391705],[-149.714878,66.391176],[-149.715064,66.390752],[-149.715666,66.390314],[-149.716308,66.389997]]}},{"type":"Feature","properties":{"FaultName":"Dall Mountain","Change":"Revised","QfaultID":5430,"Feature":"Range-front linear slope-breaks and west-facing scarps in alluvium and colluvium","SlipSense1":"Normal","SlipSense2":"Down-to-the-west"},"geometry":{"type":"LineString","coordinates":[[-149.716958,66.388893],[-149.717049,66.388323],[-149.717173,66.387921],[-149.717072,66.387442],[-149.717505,66.386213],[-149.717572,66.385428],[-149.718702,66.383907],[-149.718561,66.383307],[-149.71772,66.382284],[-149.71705,66.38167],[-149.716743,66.380637],[-149.716796,66.380304],[-149.716618,66.379942],[-149.716356,66.379363],[-149.715418,66.378575]]}},{"type":"Feature","properties":{"FaultName":"Dall Mountain","Change":"Revised","QfaultID":5430,"Feature":"Range-front linear slope-breaks and west-facing scarps in alluvium and colluvium","SlipSense1":"Normal","SlipSense2":"Down-to-the-west"},"geometry":{"type":"LineString","coordinates":[[-149.720536,66.375394],[-149.718124,66.373852],[-149.716499,66.372928],[-149.716273,66.372492],[-149.716032,66.372152],[-149.715556,66.371806]]}},{"type":"Feature","properties":{"FaultName":"Dall Mountain","Change":"Revised","QfaultID":5430,"Feature":"Range-front linear slope-breaks and west-facing scarps in alluvium and colluvium","SlipSense1":"Normal","SlipSense2":"Down-to-the-west"},"geometry":{"type":"LineString","coordinates":[[-149.714793,66.373622],[-149.714208,66.372844],[-149.713091,66.372076]]}},{"type":"Feature","properties":{"FaultName":"Dall Mountain","Change":"Revised","QfaultID":5430,"Feature":"Range-front linear slope-breaks and west-facing scarps in alluvium and colluvium","SlipSense1":"Normal","SlipSense2":"Down-to-the-west"},"geometry":{"type":"LineString","coordinates":[[-149.714167,66.369409],[-149.713227,66.367906],[-149.713633,66.367583],[-149.713591,66.367105],[-149.714235,66.366406],[-149.714816,66.36499],[-149.714808,66.364299],[-149.714099,66.363565],[-149.713304,66.362996],[-149.710965,66.361742]]}},{"type":"Feature","properties":{"FaultName":"Dall Mountain","Change":"Revised","QfaultID":5430,"Feature":"Range-front linear slope-breaks and west-facing scarps in alluvium and colluvium","SlipSense1":"Normal","SlipSense2":"Down-to-the-west"},"geometry":{"type":"LineString","coordinates":[[-149.713227,66.367906],[-149.712916,66.366968],[-149.712879,66.366538],[-149.7131,66.366043],[-149.712747,66.36559],[-149.712286,66.365149]]}},{"type":"Feature","properties":{"FaultName":"Dall Mountain","Change":"Revised","QfaultID":5430,"Feature":"Range-front linear slope-breaks and west-facing scarps in alluvium and colluvium","SlipSense1":"Normal","SlipSense2":"Down-to-the-west"},"geometry":{"type":"LineString","coordinates":[[-149.709149,66.360765],[-149.70727,66.359595]]}},{"type":"Feature","properties":{"FaultName":"Dall Mountain","Change":"Revised","QfaultID":5430,"Feature":"Range-front linear slope-breaks and west-facing scarps in alluvium and colluvium","SlipSense1":"Normal","SlipSense2":"Down-to-the-west"},"geometry":{"type":"LineString","coordinates":[[-149.711439,66.360109],[-149.709903,66.359378]]}},{"type":"Feature","properties":{"FaultName":"Dall Mountain","Change":"Revised","QfaultID":5430,"Feature":"Range-front linear slope-breaks and west-facing scarps in alluvium and colluvium","SlipSense1":"Normal","SlipSense2":"Down-to-the-west"},"geometry":{"type":"LineString","coordinates":[[-149.708295,66.358358],[-149.70714,66.357827]]}},{"type":"Feature","properties":{"FaultName":"Dall Mountain","Change":"Revised","QfaultID":5430,"Feature":"Range-front linear slope-breaks and west-facing scarps in alluvium and colluvium","SlipSense1":"Normal","SlipSense2":"Down-to-the-west"},"geometry":{"type":"LineString","coordinates":[[-149.708444,66.359268],[-149.707352,66.358715],[-149.706722,66.357978],[-149.706085,66.35738],[-149.705484,66.356858],[-149.704289,66.355911],[-149.702935,66.355523]]}},{"type":"Feature","properties":{"FaultName":"Dall Mountain","Change":"Revised","QfaultID":5430,"Feature":"Range-front linear slope-breaks and west-facing scarps in alluvium and colluvium","SlipSense1":"Normal","SlipSense2":"Down-to-the-west"},"geometry":{"type":"LineString","coordinates":[[-149.702673,66.353991],[-149.70254,66.353344],[-149.702573,66.352773],[-149.702361,66.351885],[-149.70224,66.351166],[-149.70203,66.350636]]}},{"type":"Feature","properties":{"FaultName":"Dall Mountain","Change":"Revised","QfaultID":5430,"Feature":"Range-front linear slope-breaks and west-facing scarps in alluvium and colluvium","SlipSense1":"Normal","SlipSense2":"Down-to-the-west"},"geometry":{"type":"LineString","coordinates":[[-149.70254,66.353344],[-149.700809,66.352726],[-149.700686,66.352389],[-149.700465,66.35193],[-149.700148,66.351326],[-149.700463,66.350833],[-149.700485,66.350333],[-149.700075,66.349941],[-149.699552,66.349522],[-149.699534,66.348901],[-149.699546,66.348091],[-149.698733,66.34764],[-149.698107,66.347123],[-149.697685,66.346445],[-149.697342,66.346006],[-149.697164,66.345644],[-149.697148,66.345381],[-149.696703,66.344845],[-149.696003,66.344421],[-149.695312,66.34395],[-149.694535,66.343644],[-149.694317,66.343161],[-149.693597,66.342498],[-149.692465,66.341467],[-149.691785,66.340925],[-149.690613,66.339773],[-149.691345,66.338886],[-149.691276,66.338217],[-149.690775,66.337297],[-149.690372,66.3365],[-149.689349,66.335519],[-149.688183,66.334702],[-149.686978,66.334122],[-149.68624,66.333578],[-149.685224,66.333289],[-149.684082,66.332686],[-149.68356,66.332267],[-149.682637,66.331766],[-149.682115,66.331347],[-149.682218,66.330706],[-149.681817,66.330266],[-149.681462,66.329541],[-149.67967,66.328946]]}},{"type":"Feature","properties":{"FaultName":"Dall Mountain","Change":"Revised","QfaultID":5430,"Feature":"Range-front linear slope-breaks and west-facing scarps in alluvium and colluvium","SlipSense1":"Normal","SlipSense2":"Down-to-the-west"},"geometry":{"type":"LineString","coordinates":[[-149.67778,66.328228],[-149.677179,66.327569],[-149.676579,66.327267],[-149.67599,66.326893],[-149.675182,66.326419],[-149.674193,66.325964],[-149.673561,66.325494],[-149.673274,66.325081],[-149.672677,66.324398],[-149.672119,66.323835],[-149.671699,66.323513],[-149.671729,66.323324],[-149.671537,66.323056],[-149.671301,66.322692],[-149.670791,66.32256],[-149.670805,66.322107],[-149.670419,66.321214],[-149.669848,66.320365],[-149.66931,66.319683],[-149.668299,66.318273],[-149.666465,66.316484],[-149.665744,66.315914],[-149.66617,66.315754],[-149.665096,66.314667]]}},{"type":"Feature","properties":{"FaultName":"Dall Mountain","Change":"Revised","QfaultID":5430,"Feature":"Range-front linear slope-breaks and west-facing scarps in alluvium and colluvium","SlipSense1":"Normal","SlipSense2":"Down-to-the-west"},"geometry":{"type":"LineString","coordinates":[[-149.670805,66.322107],[-149.669228,66.320921],[-149.668574,66.320224],[-149.668233,66.319774],[-149.667586,66.31922],[-149.667421,66.318596],[-149.667455,66.318203],[-149.666984,66.317833],[-149.666361,66.317495],[-149.666244,66.317122],[-149.665561,66.316424]]}},{"type":"Feature","properties":{"FaultName":"Dall Mountain","Change":"Revised","QfaultID":5430,"Feature":"Range-front linear slope-breaks and west-facing scarps in alluvium and colluvium","SlipSense1":"Normal","SlipSense2":"Down-to-the-west"},"geometry":{"type":"LineString","coordinates":[[-149.663922,66.314342],[-149.663734,66.314051],[-149.663421,66.313614],[-149.662973,66.313101],[-149.662654,66.31252],[-149.662544,66.312112],[-149.662462,66.311705],[-149.662248,66.311389],[-149.662501,66.311098],[-149.662457,66.310643],[-149.662389,66.310153],[-149.662221,66.309731]]}},{"type":"Feature","properties":{"FaultName":"Dall Mountain","Change":"Revised","QfaultID":5430,"Feature":"Range-front linear slope-breaks and west-facing scarps in alluvium and colluvium","SlipSense1":"Normal","SlipSense2":"Down-to-the-west"},"geometry":{"type":"LineString","coordinates":[[-149.664809,66.31396],[-149.66493,66.313582],[-149.664694,66.313397],[-149.664579,66.313013],[-149.664169,66.312453],[-149.663937,66.312066],[-149.663963,66.311721],[-149.664169,66.311178],[-149.664036,66.310721],[-149.664096,66.310353],[-149.664195,66.309557],[-149.664069,66.308874],[-149.664134,66.308291],[-149.664082,66.308064],[-149.663389,66.30761],[-149.662489,66.307348]]}},{"type":"Feature","properties":{"FaultName":"Dall Mountain","Change":"Revised","QfaultID":5430,"Feature":"Range-front linear slope-breaks and west-facing scarps in alluvium and colluvium","SlipSense1":"Normal","SlipSense2":"Down-to-the-west"},"geometry":{"type":"LineString","coordinates":[[-149.661411,66.303075],[-149.660953,66.302848],[-149.660239,66.302529],[-149.6591,66.302284],[-149.658367,66.302074],[-149.657783,66.301677],[-149.657434,66.301286],[-149.657272,66.300829],[-149.657322,66.30052],[-149.65713,66.300253],[-149.656754,66.300028],[-149.656679,66.299764],[-149.656106,66.299296],[-149.656039,66.298984]]}},{"type":"Feature","properties":{"FaultName":"Dall Mountain","Change":"Revised","QfaultID":5430,"Feature":"Range-front linear slope-breaks and west-facing scarps in alluvium and colluvium","SlipSense1":"Normal","SlipSense2":"Down-to-the-west"},"geometry":{"type":"LineString","coordinates":[[-149.66373,66.307328],[-149.663362,66.306975],[-149.663498,66.306793],[-149.663432,66.306548],[-149.663383,66.305974],[-149.663369,66.305402],[-149.663692,66.305153],[-149.663865,66.304957],[-149.663644,66.304794],[-149.66378,66.304611],[-149.663424,66.304187],[-149.662423,66.303817],[-149.661302,66.303315]]}},{"type":"Feature","properties":{"FaultName":"Dall Mountain","Change":"Revised","QfaultID":5430,"Feature":"Range-front linear slope-breaks and west-facing scarps in alluvium and colluvium","SlipSense1":"Normal","SlipSense2":"Down-to-the-west"},"geometry":{"type":"LineString","coordinates":[[-149.664359,66.304746],[-149.664168,66.304619],[-149.664268,66.304543],[-149.664173,66.304328],[-149.663951,66.30406],[-149.663673,66.303779],[-149.663148,66.303562],[-149.662476,66.303163]]}},{"type":"Feature","properties":{"FaultName":"Dall Mountain","Change":"Revised","QfaultID":5430,"Feature":"Range-front linear slope-breaks and west-facing scarps in alluvium and colluvium","SlipSense1":"Normal","SlipSense2":"Down-to-the-west"},"geometry":{"type":"LineString","coordinates":[[-149.656363,66.296688],[-149.655891,66.295603],[-149.655138,66.294796],[-149.655097,66.294318],[-149.654893,66.294122],[-149.654568,66.293946],[-149.654783,66.293714],[-149.654664,66.293353],[-149.654359,66.293059]]}},{"type":"Feature","properties":{"FaultName":"Dall Mountain","Change":"Revised","QfaultID":5430,"Feature":"Range-front linear slope-breaks and west-facing scarps in alluvium and colluvium","SlipSense1":"Normal","SlipSense2":"Down-to-the-west"},"geometry":{"type":"LineString","coordinates":[[-149.656828,66.290907],[-149.656647,66.290568],[-149.656099,66.290315],[-149.655914,66.29],[-149.656183,66.289793],[-149.65587,66.289546],[-149.655846,66.289331],[-149.655364,66.289032],[-149.6549,66.288256],[-149.654598,66.287938],[-149.654652,66.287606],[-149.65478,66.28718],[-149.655456,66.286459]]}},{"type":"Feature","properties":{"FaultName":"Dall Mountain","Change":"Revised","QfaultID":5430,"Feature":"Range-front linear slope-breaks and west-facing scarps in alluvium and colluvium","SlipSense1":"Normal","SlipSense2":"Down-to-the-west"},"geometry":{"type":"LineString","coordinates":[[-149.658456,66.290306],[-149.658084,66.290058],[-149.658127,66.289796],[-149.658122,66.289463],[-149.658234,66.289132],[-149.657881,66.288765],[-149.657876,66.288431],[-149.657414,66.288013],[-149.656737,66.287828],[-149.65645,66.287415],[-149.65585,66.286756],[-149.655456,66.286459],[-149.655321,66.286205],[-149.655238,66.285988],[-149.655081,66.285686],[-149.654746,66.285391],[-149.6548,66.285238],[-149.654567,66.285041],[-149.654445,66.284882],[-149.654044,66.284633],[-149.653553,66.284024],[-149.65343,66.283878],[-149.653162,66.283716],[-149.653189,66.28355],[-149.652743,66.283395],[-149.652486,66.283161],[-149.652765,66.282895],[-149.652694,66.282785],[-149.652303,66.282656],[-149.651842,66.282226],[-149.649807,66.281159],[-149.649367,66.280969],[-149.649192,66.280773],[-149.648963,66.280552],[-149.648658,66.280437],[-149.648263,66.280331],[-149.647942,66.280132],[-149.647443,66.280119],[-149.64715,66.280111],[-149.646516,66.279844]]}},{"type":"Feature","properties":{"FaultName":"Dall Mountain","Change":"Revised","QfaultID":5430,"Feature":"Range-front linear slope-breaks and west-facing scarps in alluvium and colluvium","SlipSense1":"Normal","SlipSense2":"Down-to-the-west"},"geometry":{"type":"LineString","coordinates":[[-149.647942,66.280132],[-149.647727,66.279714],[-149.647459,66.279406],[-149.646464,66.27835]]}},{"type":"Feature","properties":{"FaultName":"Dall Mountain","Change":"Revised","QfaultID":5430,"Feature":"Range-front linear slope-breaks and west-facing scarps in alluvium and colluvium","SlipSense1":"Normal","SlipSense2":"Down-to-the-west"},"geometry":{"type":"LineString","coordinates":[[-149.646194,66.278056],[-149.645766,66.277644],[-149.645278,66.277388],[-149.644659,66.276628],[-149.644344,66.276391],[-149.644212,66.276115],[-149.644448,66.27575],[-149.6441,66.275068],[-149.640513,66.273227],[-149.639818,66.272937],[-149.639227,66.272664],[-149.638835,66.272467],[-149.638393,66.272141],[-149.637854,66.271983],[-149.637319,66.271797],[-149.636434,66.271588]]}},{"type":"Feature","properties":{"FaultName":"Dall Mountain","Change":"Revised","QfaultID":5430,"Feature":"Range-front linear slope-breaks and west-facing scarps in alluvium and colluvium","SlipSense1":"Normal","SlipSense2":"Down-to-the-west"},"geometry":{"type":"LineString","coordinates":[[-149.635421,66.271303],[-149.63413,66.270768],[-149.633225,66.270472],[-149.632338,66.270062],[-149.631803,66.269876],[-149.630691,66.269332],[-149.630304,66.269107],[-149.629952,66.268883],[-149.629679,66.268604],[-149.629442,66.268326],[-149.628506,66.268],[-149.627957,66.267685],[-149.626521,66.26696]]}},{"type":"Feature","properties":{"FaultName":"Dall Mountain","Change":"Revised","QfaultID":5430,"Feature":"Range-front linear slope-breaks and west-facing scarps in alluvium and colluvium","SlipSense1":"Normal","SlipSense2":"Down-to-the-west"},"geometry":{"type":"LineString","coordinates":[[-149.625892,66.2667],[-149.625233,66.266411],[-149.624858,66.266115],[-149.62422,66.265912],[-149.623694,66.265669],[-149.623476,66.265491],[-149.623166,66.265225],[-149.622925,66.26519],[-149.622641,66.264982],[-149.622427,66.264776],[-149.621975,66.264521],[-149.621248,66.264216],[-149.620745,66.26383],[-149.620344,66.263691],[-149.620067,66.26344],[-149.619673,66.263258],[-149.618231,66.262575],[-149.617312,66.26215],[-149.616735,66.261791],[-149.615968,66.261513],[-149.61549,66.2612],[-149.614791,66.260938]]}},{"type":"Feature","properties":{"FaultName":"Dall Mountain","Change":"Revised","QfaultID":5430,"Feature":"Range-front linear slope-breaks and west-facing scarps in alluvium and colluvium","SlipSense1":"Normal","SlipSense2":"Down-to-the-west"},"geometry":{"type":"LineString","coordinates":[[-149.613283,66.26044],[-149.612939,66.260173],[-149.611644,66.259667],[-149.611161,66.259382],[-149.61046,66.25892],[-149.609864,66.25846],[-149.609124,66.25824]]}},{"type":"Feature","properties":{"FaultName":"Dall Mountain","Change":"Revised","QfaultID":5430,"Feature":"Range-front linear slope-breaks and west-facing scarps in alluvium and colluvium","SlipSense1":"Normal","SlipSense2":"Down-to-the-west"},"geometry":{"type":"LineString","coordinates":[[-149.61204,66.260922],[-149.611807,66.260615],[-149.611434,66.260305],[-149.611282,66.260158],[-149.611035,66.259936],[-149.610761,66.259672],[-149.610569,66.259476],[-149.610346,66.259403],[-149.610255,66.259238],[-149.609803,66.259121],[-149.609733,66.258976],[-149.609647,66.258783],[-149.609255,66.258482],[-149.609124,66.25824],[-149.608638,66.258151],[-149.608297,66.25797],[-149.607853,66.257772],[-149.607593,66.25767]]}},{"type":"Feature","properties":{"FaultName":"Dall Mountain","Change":"Revised","QfaultID":5430,"Feature":"Range-front linear slope-breaks and west-facing scarps in alluvium and colluvium","SlipSense1":"Normal","SlipSense2":"Down-to-the-west"},"geometry":{"type":"LineString","coordinates":[[-149.607325,66.257422],[-149.607154,66.257024],[-149.606773,66.256656],[-149.606576,66.256603],[-149.606496,66.256374],[-149.606191,66.25608],[-149.606021,66.25604],[-149.605679,66.255792],[-149.605456,66.255715],[-149.605243,66.255578],[-149.605144,66.255468],[-149.604554,66.255297],[-149.604229,66.255121],[-149.603802,66.25486],[-149.603149,66.254532],[-149.603055,66.254387],[-149.602913,66.25418],[-149.60259,66.254171],[-149.602145,66.254016],[-149.601704,66.253659],[-149.601495,66.253498],[-149.601489,66.253355],[-149.601114,66.25313],[-149.601151,66.252905],[-149.60065,66.252546],[-149.6004,66.252455],[-149.600217,66.252319],[-149.599916,66.25218],[-149.599815,66.252082],[-149.599356,66.25201]]}},{"type":"Feature","properties":{"FaultName":"Dall Mountain","Change":"Revised","QfaultID":5430,"Feature":"Range-front linear slope-breaks and west-facing scarps in alluvium and colluvium","SlipSense1":"Normal","SlipSense2":"Down-to-the-west"},"geometry":{"type":"LineString","coordinates":[[-149.599135,66.251742],[-149.598791,66.251506],[-149.598289,66.251159],[-149.597834,66.251242],[-149.597442,66.251124],[-149.59735,66.250967],[-149.59695,66.250717],[-149.596551,66.250099],[-149.596192,66.249779],[-149.596293,66.249341],[-149.596176,66.24898],[-149.596029,66.248618],[-149.595884,66.248424],[-149.595792,66.247909],[-149.595484,66.247817],[-149.594886,66.247515],[-149.594498,66.247194],[-149.593982,66.24693],[-149.593961,66.246703],[-149.593607,66.246527],[-149.593638,66.246337],[-149.59341,66.246116],[-149.592981,66.246045],[-149.592395,66.245671],[-149.591948,66.245528],[-149.589613,66.243987],[-149.589433,66.243827],[-149.588731,66.243629],[-149.588186,66.243543],[-149.587993,66.243288],[-149.587647,66.243064],[-149.587298,66.243042],[-149.58715,66.242871],[-149.58695,66.242651],[-149.586745,66.242467],[-149.586269,66.242323],[-149.585563,66.241613],[-149.584136,66.240811],[-149.583716,66.240144],[-149.583492,66.2399],[-149.5831,66.239782]]}},{"type":"Feature","properties":{"FaultName":"Dall Mountain","Change":"Revised","QfaultID":5430,"Feature":"Range-front linear slope-breaks and west-facing scarps in alluvium and colluvium","SlipSense1":"Normal","SlipSense2":"Down-to-the-west"},"geometry":{"type":"LineString","coordinates":[[-149.582664,66.238922],[-149.582102,66.238764],[-149.58179,66.238339],[-149.581252,66.237859],[-149.580338,66.237334],[-149.580578,66.236947],[-149.5806,66.236816],[-149.580442,66.236705],[-149.579757,66.235864],[-149.579531,66.235452],[-149.579037,66.234879]]}},{"type":"Feature","properties":{"FaultName":"Dall Mountain","Change":"Revised","QfaultID":5430,"Feature":"Range-front linear slope-breaks and west-facing scarps in alluvium and colluvium","SlipSense1":"Normal","SlipSense2":"Down-to-the-west"},"geometry":{"type":"LineString","coordinates":[[-149.578233,66.234404],[-149.578171,66.233889],[-149.577952,66.233609],[-149.577872,66.233381],[-149.577999,66.233146],[-149.577695,66.232851],[-149.577599,66.232539],[-149.577666,66.232135],[-149.577578,66.231597],[-149.577373,66.231055],[-149.576835,66.230575],[-149.575594,66.230077],[-149.574313,66.229291],[-149.572893,66.228633],[-149.572464,66.228382],[-149.571976,66.228131],[-149.571495,66.227665],[-149.57064,66.22732],[-149.569819,66.227131],[-149.569102,66.227028],[-149.568544,66.226846],[-149.568109,66.226631],[-149.567471,66.226042],[-149.567099,66.225626],[-149.566651,66.225137],[-149.565257,66.224504],[-149.564724,66.224167]]}},{"type":"Feature","properties":{"FaultName":"Dall Mountain","Change":"Revised","QfaultID":5430,"Feature":"Range-front linear slope-breaks and west-facing scarps in alluvium and colluvium","SlipSense1":"Normal","SlipSense2":"Down-to-the-west"},"geometry":{"type":"LineString","coordinates":[[-149.561124,66.222305],[-149.560722,66.222068],[-149.560083,66.221848],[-149.559309,66.221374],[-149.558938,66.221125],[-149.558843,66.220991],[-149.558307,66.2205],[-149.55784,66.219951],[-149.557697,66.219744],[-149.557458,66.219595],[-149.557048,66.219405],[-149.555579,66.218876],[-149.554927,66.218727],[-149.554588,66.218647],[-149.553789,66.218148],[-149.553322,66.217956],[-149.553066,66.217723],[-149.552764,66.217417],[-149.551987,66.217324],[-149.551318,66.217461],[-149.550969,66.217439],[-149.5503,66.217397],[-149.549811,66.217336],[-149.54915,66.217426],[-149.548641,66.217483],[-149.548149,66.217434],[-149.547631,66.217372],[-149.546586,66.217117],[-149.546241,66.216893],[-149.546064,66.216722],[-149.545768,66.216559],[-149.54563,66.216328],[-149.545663,66.216127],[-149.545527,66.215885],[-149.545365,66.215797]]}},{"type":"Feature","properties":{"FaultName":"Purcell Mountain","Change":"Added","QfaultID":0,"Feature":"Aligned south-facing scarps, range-front slope breaks, and linear depressions","SlipSense1":"Normal","SlipSense2":"Down-to-the-south"},"geometry":{"type":"LineString","coordinates":[[-157.138817,66.146877],[-157.129625,66.144839],[-157.121434,66.143853],[-157.112359,66.142813],[-157.105113,66.142204],[-157.102892,66.141661],[-157.099888,66.141467],[-157.096669,66.141194],[-157.093753,66.140872],[-157.090768,66.140845],[-157.087266,66.140786],[-157.085395,66.140612],[-157.082606,66.140498],[-157.081375,66.140521],[-157.079514,66.140431],[-157.078605,66.140573],[-157.075914,66.140415],[-157.073447,66.14042],[-157.06512,66.141329],[-157.064103,66.141432],[-157.062765,66.141415],[-157.061231,66.141486],[-157.059887,66.141428],[-157.058637,66.141284],[-157.057322,66.141476],[-157.056296,66.141495],[-157.054748,66.14144],[-157.053419,66.141507],[-157.051665,66.141456],[-157.050518,66.14131],[-157.04959,66.141286],[-157.048387,66.141559],[-157.047478,66.141702],[-157.046261,66.14185],[-157.044824,66.141877],[-157.043672,66.141689],[-157.04294,66.141577],[-157.041821,66.141682],[-157.040403,66.141876],[-157.039167,66.141857],[-157.037726,66.141842],[-157.035669,66.141838],[-157.033617,66.141876],[-157.031547,66.141748],[-157.027219,66.141661],[-157.024625,66.141458],[-157.022858,66.141281],[-157.019425,66.140927],[-157.01701,66.140469],[-157.015429,66.140122],[-157.013349,66.13991],[-157.010891,66.139997]]}},{"type":"Feature","properties":{"FaultName":"Purcell Mountain","Change":"Added","QfaultID":0,"Feature":"Aligned south-facing scarps, range-front slope breaks, and linear depressions","SlipSense1":"Normal","SlipSense2":"Down-to-the-south"},"geometry":{"type":"LineString","coordinates":[[-157.016823,66.14156],[-157.012351,66.141099],[-157.006867,66.140782],[-157.0044,66.140786],[-157.003369,66.140763],[-157.00183,66.140791],[-156.999881,66.140827],[-156.997623,66.140869],[-156.9958,66.141111],[-156.993869,66.141314]]}},{"type":"Feature","properties":{"FaultName":"Purcell Mountain","Change":"Added","QfaultID":0,"Feature":"Aligned south-facing scarps, range-front slope breaks, and linear depressions","SlipSense1":"Normal","SlipSense2":"Down-to-the-south"},"geometry":{"type":"LineString","coordinates":[[-156.980013,66.139139],[-156.9763,66.138578],[-156.972504,66.138533],[-156.968835,66.138371],[-156.962192,66.137978],[-156.958511,66.137702],[-156.954039,66.137897],[-156.949318,66.138383]]}},{"type":"Feature","properties":{"FaultName":"Purcell Mountain","Change":"Added","QfaultID":0,"Feature":"Aligned south-facing scarps, range-front slope breaks, and linear depressions","SlipSense1":"Normal","SlipSense2":"Down-to-the-south"},"geometry":{"type":"LineString","coordinates":[[-156.944809,66.138235],[-156.942675,66.137988],[-156.939001,66.137769],[-156.935874,66.137425],[-156.933346,66.137414],[-156.931975,66.137724],[-156.92813,66.137222],[-156.925997,66.136974],[-156.924144,66.136722],[-156.920488,66.136673],[-156.919361,66.136636],[-156.915942,66.136183],[-156.912816,66.135839],[-156.909884,66.134691],[-156.908976,66.134079],[-156.905509,66.13317],[-156.903614,66.132518],[-156.901323,66.132101],[-156.897905,66.131648],[-156.895529,66.130433],[-156.894883,66.129645],[-156.893165,66.129332],[-156.891563,66.128789],[-156.889035,66.128777],[-156.885879,66.128147]]}},{"type":"Feature","properties":{"FaultName":"Purcell Mountain","Change":"Added","QfaultID":0,"Feature":"Aligned south-facing scarps, range-front slope breaks, and linear depressions","SlipSense1":"Normal","SlipSense2":"Down-to-the-south"},"geometry":{"type":"LineString","coordinates":[[-156.868125,66.126175],[-156.865817,66.125587],[-156.865483,66.125079],[-156.865288,66.124568],[-156.863504,66.123628],[-156.862622,66.123244],[-156.859552,66.123412],[-156.854717,66.122811],[-156.849999,66.12198],[-156.848824,66.121486],[-156.846419,66.1213],[-156.845251,66.120863],[-156.843546,66.120664],[-156.839424,66.120165],[-156.834993,66.119385],[-156.830823,66.118429]]}},{"type":"Feature","properties":{"FaultName":"Purcell Mountain","Change":"Added","QfaultID":0,"Feature":"Aligned south-facing scarps, range-front slope breaks, and linear depressions","SlipSense1":"Normal","SlipSense2":"Down-to-the-south"},"geometry":{"type":"LineString","coordinates":[[-156.8406,66.117345],[-156.83546,66.117387],[-156.831346,66.117173],[-156.826166,66.11697],[-156.823082,66.116849],[-156.819673,66.116451],[-156.81389,66.116151],[-156.808983,66.116179],[-156.804075,66.116206],[-156.79957,66.116055],[-156.796886,66.115873],[-156.791559,66.115907],[-156.787497,66.115976],[-156.784446,66.116314],[-156.782882,66.116112],[-156.779212,66.115889],[-156.776277,66.115996],[-156.773289,66.11559],[-156.771713,66.115274],[-156.769478,66.115369],[-156.768195,66.115163],[-156.764373,66.114828],[-156.760609,66.115063],[-156.758631,66.114925],[-156.75719,66.114549],[-156.754401,66.114711],[-156.752102,66.114178],[-156.749955,66.113758],[-156.745754,66.113828],[-156.743205,66.113586],[-156.740241,66.113407],[-156.736023,66.113307],[-156.734937,66.113668],[-156.731868,66.113833],[-156.728653,66.113944],[-156.726115,66.113815],[-156.722877,66.113698],[-156.720794,66.113904],[-156.719013,66.114334],[-156.713983,66.114532]]}},{"type":"Feature","properties":{"FaultName":"Purcell Mountain","Change":"Added","QfaultID":0,"Feature":"Aligned south-facing scarps, range-front slope breaks, and linear depressions","SlipSense1":"Normal","SlipSense2":"Down-to-the-south"},"geometry":{"type":"LineString","coordinates":[[-156.703435,66.11425],[-156.698028,66.113483],[-156.694801,66.113479],[-156.692532,66.113231],[-156.688846,66.112835],[-156.683833,66.113203],[-156.679929,66.113439],[-156.676479,66.11401],[-156.674126,66.114334],[-156.671488,66.114606]]}},{"type":"Feature","properties":{"FaultName":"Purcell Mountain","Change":"Added","QfaultID":0,"Feature":"Aligned south-facing scarps, range-front slope breaks, and linear depressions","SlipSense1":"Normal","SlipSense2":"Down-to-the-south"},"geometry":{"type":"LineString","coordinates":[[-156.661388,66.114243],[-156.657937,66.114813],[-156.654856,66.114863],[-156.649562,66.115235],[-156.647753,66.115379],[-156.643792,66.115043],[-156.640516,66.114525],[-156.637558,66.114401],[-156.634903,66.114502],[-156.632376,66.114485],[-156.629548,66.114245],[-156.626865,66.11406],[-156.623369,66.114173],[-156.619162,66.114184],[-156.616193,66.113946],[-156.613387,66.113934],[-156.61141,66.113794],[-156.609147,66.113602],[-156.607763,66.113796],[-156.605248,66.113893],[-156.602609,66.114164],[-156.600928,66.11419],[-156.598693,66.114283],[-156.596447,66.114262],[-156.59364,66.114249],[-156.591512,66.113998],[-156.588426,66.11399],[-156.584784,66.114047],[-156.580438,66.114059],[-156.577076,66.114112],[-156.574108,66.113874]]}},{"type":"Feature","properties":{"FaultName":"Purcell Mountain","Change":"Added","QfaultID":0,"Feature":"Aligned south-facing scarps, range-front slope breaks, and linear depressions","SlipSense1":"Normal","SlipSense2":"Down-to-the-south"},"geometry":{"type":"LineString","coordinates":[[-156.545753,66.115119],[-156.541541,66.11507],[-156.539434,66.115046],[-156.537732,66.114844],[-156.535901,66.114758],[-156.533256,66.114971],[-156.532027,66.115332],[-156.529926,66.115365],[-156.527265,66.115406],[-156.523996,66.114943],[-156.511557,66.115421],[-156.505949,66.11545],[-156.502049,66.115738],[-156.498299,66.116138],[-156.497167,66.115532],[-156.495056,66.11545],[-156.491139,66.115567],[-156.489334,66.115766]]}},{"type":"Feature","properties":{"FaultName":"Purcell Mountain","Change":"Added","QfaultID":0,"Feature":"Aligned south-facing scarps, range-front slope breaks, and linear depressions","SlipSense1":"Normal","SlipSense2":"Down-to-the-south"},"geometry":{"type":"LineString","coordinates":[[-156.478985,66.116095],[-156.47566,66.116546],[-156.473601,66.117034],[-156.472221,66.117283],[-156.47067,66.117193],[-156.468677,66.11688],[-156.466166,66.117032],[-156.464377,66.117402],[-156.461435,66.117447],[-156.456672,66.117518],[-156.452812,66.118262],[-156.451126,66.11823],[-156.449502,66.118883],[-156.447292,66.119259],[-156.4456,66.11917],[-156.44147,66.120032]]}},{"type":"Feature","properties":{"FaultName":"Kigluaik","Change":"Revised","QfaultID":5440,"Feature":"Aligned north-facing scarps and a range-front slope-breaks","SlipSense1":"Normal","SlipSense2":"Down-to-the-north"},"geometry":{"type":"LineString","coordinates":[[-164.779789,65.039924],[-164.782609,65.039094],[-164.786316,65.038087],[-164.790241,65.037642],[-164.793678,65.037346],[-164.797624,65.036957],[-164.7992,65.036444],[-164.80135,65.036352],[-164.804258,65.0354],[-164.810932,65.034649],[-164.816269,65.035028],[-164.822802,65.035671],[-164.829226,65.036033],[-164.837751,65.036883],[-164.843489,65.037879],[-164.848989,65.038554],[-164.853107,65.038604],[-164.856283,65.038575],[-164.867413,65.039377],[-164.871798,65.04011],[-164.883152,65.04224],[-164.89027,65.043669],[-164.892333,65.043005],[-164.895279,65.04355],[-164.90538,65.04596],[-164.910011,65.046964]]}},{"type":"Feature","properties":{"FaultName":"Kigluaik","Change":"Revised","QfaultID":5440,"Feature":"Aligned north-facing scarps and a range-front slope-breaks","SlipSense1":"Normal","SlipSense2":"Down-to-the-north"},"geometry":{"type":"LineString","coordinates":[[-164.966772,65.044855],[-164.969418,65.045066],[-164.971454,65.045031],[-164.973587,65.044592],[-164.975097,65.044521],[-164.97615,65.044375]]}},{"type":"Feature","properties":{"FaultName":"Kigluaik","Change":"Revised","QfaultID":5440,"Feature":"Aligned north-facing scarps and a range-front slope-breaks","SlipSense1":"Normal","SlipSense2":"Down-to-the-north"},"geometry":{"type":"LineString","coordinates":[[-164.98014,65.046259],[-164.982676,65.046622],[-164.985848,65.046651],[-164.989062,65.046568],[-164.990267,65.046375],[-164.991361,65.046334],[-164.992622,65.046281],[-164.994049,65.046],[-164.994963,65.046152],[-164.996141,65.046105],[-164.997415,65.046087]]}},{"type":"Feature","properties":{"FaultName":"Kigluaik","Change":"Revised","QfaultID":5440,"Feature":"Aligned north-facing scarps and a range-front slope-breaks","SlipSense1":"Normal","SlipSense2":"Down-to-the-north"},"geometry":{"type":"LineString","coordinates":[[-165.006199,65.046477],[-165.008914,65.04643],[-165.012848,65.046224],[-165.014718,65.0462],[-165.015978,65.046147],[-165.018139,65.045994],[-165.021367,65.045946],[-165.023764,65.046174],[-165.026867,65.046026],[-165.028542,65.045727],[-165.030897,65.045632],[-165.03195,65.045702],[-165.033155,65.045509],[-165.034789,65.045104],[-165.03622,65.044822],[-165.038237,65.044535]]}},{"type":"Feature","properties":{"FaultName":"Kigluaik","Change":"Revised","QfaultID":5440,"Feature":"Aligned north-facing scarps and a range-front slope-breaks","SlipSense1":"Normal","SlipSense2":"Down-to-the-north"},"geometry":{"type":"LineString","coordinates":[[-165.048464,65.038846],[-165.050598,65.038484],[-165.052606,65.038342],[-165.054301,65.037951],[-165.056043,65.037677],[-165.058823,65.037329],[-165.059804,65.037289],[-165.062089,65.037127],[-165.064535,65.037013],[-165.066185,65.037046],[-165.06832,65.036864]]}},{"type":"Feature","properties":{"FaultName":"Kigluaik","Change":"Revised","QfaultID":5440,"Feature":"Aligned north-facing scarps and a range-front slope-breaks","SlipSense1":"Normal","SlipSense2":"Down-to-the-north"},"geometry":{"type":"LineString","coordinates":[[-165.064904,65.034085],[-165.067142,65.034214],[-165.072149,65.034089],[-165.073744,65.033976],[-165.075761,65.034237],[-165.078022,65.034422],[-165.079262,65.03445]]}},{"type":"Feature","properties":{"FaultName":"Kigluaik","Change":"Revised","QfaultID":5440,"Feature":"Aligned north-facing scarps and a range-front slope-breaks","SlipSense1":"Normal","SlipSense2":"Down-to-the-north"},"geometry":{"type":"LineString","coordinates":[[-165.06465,65.031041],[-165.067398,65.031424],[-165.068772,65.031442],[-165.072891,65.031149],[-165.07555,65.031306],[-165.07803,65.031014],[-165.08133,65.030721]]}},{"type":"Feature","properties":{"FaultName":"Kigluaik","Change":"Revised","QfaultID":5440,"Feature":"Aligned north-facing scarps and a range-front slope-breaks","SlipSense1":"Normal","SlipSense2":"Down-to-the-north"},"geometry":{"type":"LineString","coordinates":[[-165.168213,65.026686],[-165.170005,65.026894],[-165.171964,65.027235],[-165.174295,65.027934],[-165.175958,65.028104],[-165.177566,65.028421],[-165.178767,65.028576],[-165.180708,65.02887],[-165.183628,65.029334],[-165.18555,65.029581],[-165.188616,65.029842],[-165.190575,65.030183],[-165.19379,65.030529],[-165.195418,65.030894],[-165.200006,65.032104],[-165.203245,65.033075],[-165.205224,65.033462],[-165.206242,65.033726],[-165.207721,65.034004],[-165.210086,65.034219],[-165.211841,65.034333],[-165.213728,65.034775],[-165.217595,65.035604],[-165.219741,65.036124],[-165.222366,65.036416],[-165.224105,65.036772],[-165.226303,65.036854],[-165.228949,65.037482],[-165.231095,65.037822],[-165.232891,65.038318],[-165.23416,65.03878],[-165.235709,65.039511],[-165.23757,65.040027],[-165.23858,65.040411],[-165.239941,65.040819],[-165.241681,65.041175],[-165.242902,65.041375],[-165.245668,65.041874],[-165.247026,65.041992],[-165.248729,65.042399],[-165.249776,65.042733],[-165.250646,65.042911],[-165.253284,65.043514],[-165.254023,65.043509]]}},{"type":"Feature","properties":{"FaultName":"Kigluaik","Change":"Revised","QfaultID":5440,"Feature":"Aligned north-facing scarps and a range-front slope-breaks","SlipSense1":"Normal","SlipSense2":"Down-to-the-north"},"geometry":{"type":"LineString","coordinates":[[-165.256337,65.043834],[-165.258287,65.044006],[-165.260238,65.044178],[-165.262411,65.044478],[-165.263946,65.044608],[-165.264585,65.044779],[-165.265176,65.044832],[-165.266651,65.044533],[-165.267461,65.044282],[-165.268384,65.044311],[-165.269126,65.044594],[-165.270871,65.04454],[-165.272855,65.044373],[-165.274415,65.044284],[-165.275614,65.044149],[-165.276177,65.044132],[-165.276946,65.044341],[-165.277629,65.04434],[-165.278637,65.044435],[-165.280301,65.044604],[-165.28082,65.044759],[-165.28143,65.044859],[-165.281902,65.044897],[-165.283167,65.044926],[-165.28424,65.045041],[-165.285018,65.045273],[-165.286266,65.0454],[-165.287119,65.045675],[-165.288728,65.045847],[-165.290687,65.045898]]}},{"type":"Feature","properties":{"FaultName":"Kigluaik","Change":"Revised","QfaultID":5440,"Feature":"Aligned north-facing scarps and a range-front slope-breaks","SlipSense1":"Normal","SlipSense2":"Down-to-the-north"},"geometry":{"type":"LineString","coordinates":[[-165.301615,65.047176],[-165.303097,65.047598],[-165.30562,65.048474],[-165.307217,65.049177],[-165.308616,65.049533],[-165.310191,65.0499],[-165.312087,65.050076],[-165.313167,65.050069],[-165.314424,65.050074],[-165.317843,65.050211],[-165.319884,65.050183],[-165.321148,65.050067],[-165.32377,65.049925],[-165.326916,65.049672],[-165.328153,65.04963],[-165.329371,65.049541],[-165.329944,65.049548]]}},{"type":"Feature","properties":{"FaultName":"Kigluaik","Change":"Revised","QfaultID":5440,"Feature":"Aligned north-facing scarps and a range-front slope-breaks","SlipSense1":"Normal","SlipSense2":"Down-to-the-north"},"geometry":{"type":"LineString","coordinates":[[-165.33912,65.051216],[-165.340264,65.051783],[-165.341526,65.052221],[-165.34286,65.052557],[-165.345935,65.053104],[-165.347928,65.053657],[-165.349147,65.054266],[-165.350946,65.054761],[-165.352556,65.054933],[-165.354601,65.055193],[-165.357101,65.055589],[-165.359906,65.056035],[-165.362315,65.056485],[-165.363692,65.056505],[-165.36572,65.056863],[-165.367723,65.056741]]}},{"type":"Feature","properties":{"FaultName":"Kigluaik","Change":"Revised","QfaultID":5440,"Feature":"Aligned north-facing scarps and a range-front slope-breaks","SlipSense1":"Normal","SlipSense2":"Down-to-the-north"},"geometry":{"type":"LineString","coordinates":[[-165.370894,65.056822],[-165.371673,65.057054],[-165.372032,65.056956],[-165.373151,65.057043],[-165.375277,65.05708],[-165.376098,65.056996],[-165.377465,65.056993],[-165.378567,65.057177],[-165.379677,65.057241],[-165.381302,65.05717],[-165.382465,65.057085],[-165.383886,65.056933],[-165.384372,65.056729],[-165.384796,65.05665],[-165.385443,65.056699],[-165.386016,65.056705],[-165.386755,65.056699],[-165.388522,65.056835],[-165.390041,65.057061],[-165.391114,65.057175],[-165.392251,65.057164],[-165.392724,65.057346],[-165.394285,65.057256],[-165.395589,65.057377],[-165.396571,65.057547],[-165.39764,65.057372],[-165.398909,65.057544],[-165.40017,65.057837],[-165.401561,65.058169],[-165.402372,65.058061],[-165.403712,65.058686],[-165.404057,65.058829],[-165.405099,65.058729],[-165.405643,65.058665],[-165.406457,65.058701],[-165.407018,65.05854],[-165.408347,65.058443],[-165.409069,65.058534],[-165.410395,65.058847],[-165.411178,65.058669],[-165.4119,65.05876],[-165.412757,65.058625],[-165.41366,65.058463],[-165.414368,65.058242],[-165.414794,65.058307],[-165.415413,65.058286],[-165.416188,65.058229],[-165.416694,65.058072],[-165.417146,65.058063],[-165.418023,65.057974],[-165.418966,65.05805],[-165.419963,65.057976],[-165.421155,65.057961],[-165.421771,65.057796],[-165.422243,65.057833],[-165.423228,65.057593],[-165.423904,65.057711],[-165.424499,65.057632],[-165.425268,65.057491],[-165.425739,65.057456],[-165.426567,65.057528],[-165.427376,65.057553],[-165.42788,65.0576],[-165.428816,65.05752],[-165.429755,65.057306],[-165.430087,65.057282],[-165.430589,65.057185],[-165.431263,65.057159],[-165.431664,65.057094],[-165.432181,65.057032],[-165.432923,65.056965],[-165.433416,65.056845],[-165.434007,65.056825],[-165.435329,65.056644],[-165.436804,65.056415],[-165.437397,65.056263],[-165.438062,65.056214],[-165.439093,65.056018],[-165.44056,65.055633],[-165.441489,65.055396],[-165.443054,65.055179],[-165.444272,65.05509],[-165.445083,65.054982],[-165.44717,65.054925],[-165.451221,65.054651],[-165.461268,65.053839],[-165.465015,65.05366],[-165.467424,65.053554],[-165.468553,65.05311],[-165.470644,65.052787],[-165.472129,65.052654],[-165.473787,65.052387]]}},{"type":"Feature","properties":{"FaultName":"Kigluaik","Change":"Revised","QfaultID":5440,"Feature":"Aligned north-facing scarps and a range-front slope-breaks","SlipSense1":"Normal","SlipSense2":"Down-to-the-north"},"geometry":{"type":"LineString","coordinates":[[-165.492733,65.048631],[-165.493905,65.048568],[-165.495074,65.048361],[-165.496623,65.048247],[-165.497314,65.048124],[-165.498468,65.047605],[-165.499461,65.047387],[-165.500129,65.047072],[-165.501688,65.046981],[-165.503717,65.046783],[-165.504794,65.046631],[-165.505771,65.046511],[-165.506288,65.046521],[-165.50721,65.046404],[-165.508101,65.046628],[-165.509654,65.046248],[-165.511879,65.045698],[-165.513439,65.045197],[-165.516337,65.044621],[-165.517754,65.043914],[-165.519713,65.04348],[-165.52192,65.043027],[-165.523283,65.042601],[-165.524358,65.042304]]}},{"type":"Feature","properties":{"FaultName":"Kigluaik","Change":"Revised","QfaultID":5440,"Feature":"Aligned north-facing scarps and a range-front slope-breaks","SlipSense1":"Normal","SlipSense2":"Down-to-the-north"},"geometry":{"type":"LineString","coordinates":[[-165.529546,65.040721],[-165.531502,65.040624],[-165.532924,65.040615],[-165.534564,65.040446],[-165.53624,65.040225],[-165.537646,65.039904]]}},{"type":"Feature","properties":{"FaultName":"Kigluaik","Change":"Revised","QfaultID":5440,"Feature":"Aligned north-facing scarps and a range-front slope-breaks","SlipSense1":"Normal","SlipSense2":"Down-to-the-north"},"geometry":{"type":"LineString","coordinates":[[-165.538753,65.039412],[-165.541197,65.039255],[-165.542349,65.039145],[-165.543518,65.038938],[-165.544621,65.038712],[-165.545919,65.038543],[-165.548998,65.037857],[-165.551624,65.03759],[-165.552171,65.037669],[-165.554341,65.037267],[-165.554781,65.03709],[-165.555516,65.036939],[-165.556463,65.036748],[-165.55741,65.036557],[-165.563924,65.035495],[-165.566384,65.03483]]}},{"type":"Feature","properties":{"FaultName":"Kigluaik","Change":"Revised","QfaultID":5440,"Feature":"Aligned north-facing scarps and a range-front slope-breaks","SlipSense1":"Normal","SlipSense2":"Down-to-the-north"},"geometry":{"type":"LineString","coordinates":[[-165.567868,65.034286],[-165.568688,65.034201],[-165.569449,65.033976],[-165.569947,65.033939],[-165.57078,65.033612],[-165.572039,65.033349],[-165.573123,65.033076],[-165.5743,65.032892],[-165.575663,65.032742],[-165.576373,65.032665],[-165.577488,65.032606],[-165.578315,65.0324],[-165.578718,65.032274],[-165.579391,65.032248],[-165.580397,65.032197],[-165.581997,65.031933]]}},{"type":"Feature","properties":{"FaultName":"Kigluaik","Change":"Revised","QfaultID":5440,"Feature":"Aligned north-facing scarps and a range-front slope-breaks","SlipSense1":"Normal","SlipSense2":"Down-to-the-north"},"geometry":{"type":"LineString","coordinates":[[-165.583194,65.031796],[-165.583887,65.031817],[-165.584346,65.031686],[-165.584622,65.031665],[-165.585247,65.031523],[-165.586057,65.031414],[-165.586554,65.031377],[-165.588158,65.031257],[-165.589003,65.031098],[-165.590174,65.031035],[-165.591306,65.030878],[-165.592513,65.030764],[-165.593381,65.030796],[-165.59423,65.030781],[-165.594894,65.030731],[-165.596117,65.03052]]}},{"type":"Feature","properties":{"FaultName":"Kigluaik","Change":"Revised","QfaultID":5440,"Feature":"Aligned north-facing scarps and a range-front slope-breaks","SlipSense1":"Normal","SlipSense2":"Down-to-the-north"},"geometry":{"type":"LineString","coordinates":[[-165.597359,65.030355],[-165.597928,65.030216],[-165.598868,65.030146],[-165.600901,65.029825],[-165.601693,65.029777],[-165.603399,65.029172],[-165.604554,65.029071],[-165.605604,65.028964],[-165.606306,65.029171],[-165.607696,65.02914],[-165.608853,65.029126],[-165.61019,65.028968],[-165.611319,65.028725],[-165.611926,65.028622],[-165.612947,65.02869],[-165.613936,65.028356],[-165.614584,65.028351],[-165.615557,65.028307],[-165.616488,65.028324],[-165.617411,65.028241],[-165.617745,65.028057],[-165.618447,65.028019],[-165.620289,65.027925],[-165.621118,65.027863],[-165.621694,65.027849],[-165.622156,65.027727],[-165.622572,65.02774],[-165.623508,65.027525],[-165.624144,65.027492],[-165.625077,65.02735],[-165.625465,65.027379],[-165.626154,65.027226],[-165.627479,65.02704],[-165.628123,65.027108],[-165.628864,65.027081],[-165.629541,65.0269],[-165.630618,65.026777],[-165.632308,65.026809],[-165.635137,65.026786],[-165.636621,65.026571],[-165.637736,65.026307],[-165.63881,65.026082],[-165.639779,65.025877],[-165.640813,65.025691],[-165.642294,65.025688],[-165.643058,65.025607],[-165.643892,65.025556],[-165.644287,65.025479],[-165.64511,65.025333],[-165.645879,65.025263],[-165.646257,65.025283],[-165.646917,65.025089],[-165.647389,65.025126],[-165.647967,65.02501],[-165.648707,65.02487],[-165.649294,65.024706],[-165.649529,65.024724],[-165.650093,65.024574],[-165.6517,65.024504],[-165.651987,65.024752],[-165.652395,65.024857],[-165.653405,65.024762],[-165.65425,65.024602],[-165.654932,65.024705],[-165.655538,65.024737],[-165.656092,65.024753],[-165.657205,65.024689],[-165.658045,65.024626],[-165.658467,65.024652],[-165.659294,65.024667],[-165.66123,65.023806],[-165.662847,65.023414],[-165.664622,65.022889],[-165.666251,65.022526],[-165.6673,65.022477],[-165.668893,65.022538],[-165.670165,65.022684],[-165.670964,65.021871],[-165.672597,65.021688],[-165.67389,65.021711]]}},{"type":"Feature","properties":{"FaultName":"Kigluaik","Change":"Revised","QfaultID":5440,"Feature":"Aligned north-facing scarps and a range-front slope-breaks","SlipSense1":"Normal","SlipSense2":"Down-to-the-north"},"geometry":{"type":"LineString","coordinates":[[-165.689705,65.022065],[-165.690635,65.021905],[-165.691504,65.021599],[-165.692382,65.021653],[-165.69302,65.021816],[-165.69378,65.021759],[-165.694479,65.021556]]}},{"type":"Feature","properties":{"FaultName":"Kigluaik","Change":"Revised","QfaultID":5440,"Feature":"Aligned north-facing scarps and a range-front slope-breaks","SlipSense1":"Normal","SlipSense2":"Down-to-the-north"},"geometry":{"type":"LineString","coordinates":[[-165.697041,65.022056],[-165.697914,65.02193],[-165.699079,65.021481],[-165.700463,65.021045],[-165.703051,65.02076],[-165.705555,65.020782],[-165.707918,65.021147],[-165.709987,65.021322],[-165.712,65.021532]]}},{"type":"Feature","properties":{"FaultName":"Kigluaik","Change":"Revised","QfaultID":5440,"Feature":"Aligned north-facing scarps and a range-front slope-breaks","SlipSense1":"Normal","SlipSense2":"Down-to-the-north"},"geometry":{"type":"LineString","coordinates":[[-165.788629,64.995492],[-165.791953,64.995673],[-165.794271,64.995497],[-165.801524,64.994861],[-165.803992,64.994769],[-165.806641,64.994568],[-165.808549,64.99423],[-165.81024,64.993812],[-165.811347,64.993844],[-165.812481,64.993294],[-165.814781,64.993235],[-165.817962,64.992357],[-165.822659,64.991825],[-165.8258,64.991818],[-165.830123,64.991372],[-165.832483,64.991135],[-165.835494,64.9905]]}},{"type":"Feature","properties":{"FaultName":"Kigluaik","Change":"Revised","QfaultID":5440,"Feature":"Aligned north-facing scarps and a range-front slope-breaks","SlipSense1":"Normal","SlipSense2":"Down-to-the-north"},"geometry":{"type":"LineString","coordinates":[[-165.87204,64.982906],[-165.874978,64.982102]]}},{"type":"Feature","properties":{"FaultName":"Kigluaik","Change":"Revised","QfaultID":5440,"Feature":"Aligned north-facing scarps and a range-front slope-breaks","SlipSense1":"Normal","SlipSense2":"Down-to-the-north"},"geometry":{"type":"LineString","coordinates":[[-165.873928,64.982389],[-165.876909,64.982387],[-165.879002,64.982287],[-165.881234,64.982177],[-165.883176,64.982058],[-165.886554,64.981679],[-165.889261,64.981298],[-165.890862,64.980886],[-165.893065,64.980601]]}},{"type":"Feature","properties":{"FaultName":"Kigluaik","Change":"Revised","QfaultID":5440,"Feature":"Aligned north-facing scarps and a range-front slope-breaks","SlipSense1":"Normal","SlipSense2":"Down-to-the-north"},"geometry":{"type":"LineString","coordinates":[[-165.894047,64.980156],[-165.89547,64.979986],[-165.897532,64.979979],[-165.899587,64.979791],[-165.901292,64.979449],[-165.903317,64.979023],[-165.904977,64.978745],[-165.908017,64.978029],[-165.909258,64.977934],[-165.910016,64.977876],[-165.910912,64.977807],[-165.911859,64.977523]]}},{"type":"Feature","properties":{"FaultName":"Kigluaik","Change":"Revised","QfaultID":5440,"Feature":"Aligned north-facing scarps and a range-front slope-breaks","SlipSense1":"Normal","SlipSense2":"Down-to-the-north"},"geometry":{"type":"LineString","coordinates":[[-165.908025,64.977215],[-165.908958,64.977233],[-165.90956,64.976976],[-165.911089,64.976889]]}},{"type":"Feature","properties":{"FaultName":"Kigluaik","Change":"Revised","QfaultID":5440,"Feature":"Aligned north-facing scarps and a range-front slope-breaks","SlipSense1":"Normal","SlipSense2":"Down-to-the-north"},"geometry":{"type":"LineString","coordinates":[[-165.913583,64.976396],[-165.914786,64.976213],[-165.916177,64.975805],[-165.916967,64.975322]]}},{"type":"Feature","properties":{"FaultName":"Kigluaik","Change":"Revised","QfaultID":5440,"Feature":"Aligned north-facing scarps and a range-front slope-breaks","SlipSense1":"Normal","SlipSense2":"Down-to-the-north"},"geometry":{"type":"LineString","coordinates":[[-165.912049,64.975308],[-165.912501,64.975032],[-165.913816,64.97478],[-165.917608,64.973826],[-165.918942,64.973452],[-165.921536,64.972861],[-165.922971,64.97272],[-165.924293,64.971986]]}},{"type":"Feature","properties":{"FaultName":"Kigluaik","Change":"Revised","QfaultID":5440,"Feature":"Aligned north-facing scarps and a range-front slope-breaks","SlipSense1":"Normal","SlipSense2":"Down-to-the-north"},"geometry":{"type":"LineString","coordinates":[[-166.021432,64.957074],[-166.024067,64.957111],[-166.026902,64.957084],[-166.029366,64.956989],[-166.031184,64.955401],[-166.032776,64.955132],[-166.035901,64.954986],[-166.038587,64.955405],[-166.041612,64.955556],[-166.045167,64.955087],[-166.047891,64.955068],[-166.050054,64.954803],[-166.052657,64.954504],[-166.05439,64.954563],[-166.056993,64.954264],[-166.059196,64.954092]]}},{"type":"Feature","properties":{"FaultName":"Kigluaik","Change":"Revised","QfaultID":5440,"Feature":"Aligned north-facing scarps and a range-front slope-breaks","SlipSense1":"Normal","SlipSense2":"Down-to-the-north"},"geometry":{"type":"LineString","coordinates":[[-165.724377,65.013614],[-165.726042,65.013778],[-165.727559,65.013591],[-165.729221,65.01361],[-165.731418,65.013685],[-165.732985,65.013615],[-165.733693,65.013538],[-165.735551,65.013349],[-165.737449,65.013254],[-165.738449,65.013058],[-165.739647,65.012654],[-165.740513,65.012275],[-165.741661,65.011755],[-165.742716,65.011554],[-165.743783,65.011112],[-165.745071,65.010653],[-165.746465,65.010041],[-165.749777,65.008706],[-165.751696,65.008392],[-165.754437,65.008137],[-165.755465,65.008276],[-165.756966,65.008186],[-165.762263,65.006966],[-165.767582,65.005261],[-165.770426,65.003768],[-165.773227,65.002712]]}},{"type":"Feature","properties":{"FaultName":"Council","Change":"Added","QfaultID":0,"Feature":"East-facing range-front scarp","SlipSense1":"Normal","SlipSense2":"Down-to-the-east"},"geometry":{"type":"LineString","coordinates":[[-163.706318,64.820173],[-163.713589,64.822825],[-163.71591,64.824061],[-163.719465,64.825737],[-163.721521,64.82699],[-163.723843,64.828225],[-163.725865,64.829767],[-163.728397,64.83122],[-163.730111,64.832264],[-163.731351,64.833107],[-163.732816,64.83382],[-163.733369,64.834246],[-163.734873,64.835072],[-163.736323,64.836133],[-163.737524,64.836863],[-163.739508,64.838292],[-163.741125,64.839054],[-163.741375,64.839384],[-163.742504,64.839851],[-163.74362,64.840394],[-163.744723,64.840842],[-163.745885,64.84146],[-163.747238,64.842238]]}},{"type":"Feature","properties":{"FaultName":"Council","Change":"Added","QfaultID":0,"Feature":"East-facing range-front scarp","SlipSense1":"Normal","SlipSense2":"Down-to-the-east"},"geometry":{"type":"LineString","coordinates":[[-163.749198,64.843209],[-163.75015,64.843609],[-163.751346,64.843937],[-163.752032,64.844354],[-163.753307,64.844907],[-163.754033,64.845437],[-163.755023,64.84595],[-163.757073,64.846397],[-163.758216,64.846958],[-163.76008,64.847647],[-163.761914,64.849028],[-163.763307,64.849919],[-163.765553,64.850928],[-163.767594,64.852124],[-163.7699,64.853302],[-163.772014,64.85432],[-163.774433,64.855434],[-163.777235,64.856869],[-163.779807,64.858031],[-163.781849,64.859226],[-163.783316,64.85994],[-163.784195,64.860518],[-163.786291,64.861479]]}},{"type":"Feature","properties":{"FaultName":"Council","Change":"Added","QfaultID":0,"Feature":"East-facing range-front scarp","SlipSense1":"Normal","SlipSense2":"Down-to-the-east"},"geometry":{"type":"LineString","coordinates":[[-163.791029,64.864576],[-163.793052,64.865715],[-163.79538,64.86695],[-163.797364,64.867976],[-163.79868,64.868641],[-163.800571,64.869788],[-163.80202,64.870445],[-163.804368,64.871736],[-163.806992,64.873815],[-163.809096,64.875179]]}},{"type":"Feature","properties":{"FaultName":"Council","Change":"Added","QfaultID":0,"Feature":"East-facing range-front scarp","SlipSense1":"Normal","SlipSense2":"Down-to-the-east"},"geometry":{"type":"LineString","coordinates":[[-163.813506,64.878872],[-163.815305,64.88014],[-163.817999,64.88164],[-163.82056,64.883147],[-163.824002,64.885232],[-163.827569,64.888058]]}},{"type":"Feature","properties":{"FaultName":"Council","Change":"Added","QfaultID":0,"Feature":"East-facing range-front scarp","SlipSense1":"Normal","SlipSense2":"Down-to-the-east"},"geometry":{"type":"LineString","coordinates":[[-163.642701,64.80767],[-163.644941,64.807962],[-163.648441,64.80832],[-163.651219,64.808866],[-163.655572,64.80941],[-163.65835,64.809956],[-163.662502,64.810895],[-163.66479,64.811328],[-163.667315,64.811794],[-163.669034,64.811878],[-163.670518,64.812265],[-163.671828,64.812471],[-163.673073,64.812489],[-163.674068,64.812763],[-163.674856,64.812762],[-163.678092,64.813327],[-163.68147,64.813979],[-163.683584,64.81423],[-163.686379,64.814823],[-163.688321,64.815229],[-163.690296,64.815729],[-163.694242,64.816393],[-163.69658,64.816966],[-163.698127,64.817205]]}},{"type":"Feature","properties":{"FaultName":"Bendeleben","Change":"Revised","QfaultID":5450,"Feature":"Parallel south-facing scarps in alluvium, and range-front slope breaks","SlipSense1":"Normal","SlipSense2":"Down-to-the-south"},"geometry":{"type":"LineString","coordinates":[[-163.699616,65.093366],[-163.696843,65.093568],[-163.692878,65.094024],[-163.690356,65.09454]]}},{"type":"Feature","properties":{"FaultName":"Bendeleben","Change":"Revised","QfaultID":5450,"Feature":"Parallel south-facing scarps in alluvium, and range-front slope breaks","SlipSense1":"Normal","SlipSense2":"Down-to-the-south"},"geometry":{"type":"LineString","coordinates":[[-163.684238,65.095549],[-163.681515,65.095897],[-163.679646,65.096043],[-163.678973,65.096354],[-163.678119,65.096557],[-163.676796,65.096639],[-163.675814,65.09688],[-163.6749,65.097116],[-163.673946,65.097235],[-163.673103,65.097467],[-163.672575,65.09738],[-163.671352,65.097546],[-163.670607,65.097652],[-163.670202,65.097917],[-163.668989,65.098112],[-163.667667,65.098193],[-163.666764,65.098459],[-163.666129,65.098678],[-163.664878,65.098965],[-163.663686,65.099219],[-163.662732,65.099338],[-163.662083,65.099108],[-163.660384,65.099333],[-163.658596,65.099713],[-163.657365,65.100059],[-163.655766,65.100368],[-163.655022,65.100684],[-163.65375,65.100912],[-163.65211,65.101103],[-163.650431,65.101387],[-163.648235,65.101822],[-163.644839,65.102691]]}},{"type":"Feature","properties":{"FaultName":"Bendeleben","Change":"Revised","QfaultID":5450,"Feature":"Parallel south-facing scarps in alluvium, and range-front slope breaks","SlipSense1":"Normal","SlipSense2":"Down-to-the-south"},"geometry":{"type":"LineString","coordinates":[[-163.649998,65.100754],[-163.647147,65.10135]]}},{"type":"Feature","properties":{"FaultName":"Bendeleben","Change":"Revised","QfaultID":5450,"Feature":"Parallel south-facing scarps in alluvium, and range-front slope breaks","SlipSense1":"Normal","SlipSense2":"Down-to-the-south"},"geometry":{"type":"LineString","coordinates":[[-163.644564,65.101899],[-163.642569,65.102502],[-163.640194,65.103038],[-163.63772,65.10349],[-163.635663,65.103917],[-163.633945,65.104292],[-163.631429,65.104627],[-163.628826,65.105117],[-163.627265,65.105333]]}},{"type":"Feature","properties":{"FaultName":"Bendeleben","Change":"Revised","QfaultID":5450,"Feature":"Parallel south-facing scarps in alluvium, and range-front slope breaks","SlipSense1":"Normal","SlipSense2":"Down-to-the-south"},"geometry":{"type":"LineString","coordinates":[[-163.628416,65.105864],[-163.626125,65.106149],[-163.624534,65.106319],[-163.622194,65.106463],[-163.620634,65.106559],[-163.619377,65.106708],[-163.618955,65.106638],[-163.617325,65.107026],[-163.615917,65.107233]]}},{"type":"Feature","properties":{"FaultName":"Bendeleben","Change":"Revised","QfaultID":5450,"Feature":"Parallel south-facing scarps in alluvium, and range-front slope breaks","SlipSense1":"Normal","SlipSense2":"Down-to-the-south"},"geometry":{"type":"LineString","coordinates":[[-163.591441,65.120551],[-163.590628,65.120505],[-163.590302,65.120717],[-163.589387,65.120869],[-163.588211,65.121253],[-163.587796,65.121206],[-163.586269,65.121564],[-163.585888,65.121779],[-163.585346,65.12186],[-163.585044,65.121974],[-163.584066,65.122274],[-163.583502,65.122453],[-163.582944,65.122487],[-163.582014,65.12276],[-163.581728,65.122921],[-163.580725,65.12315],[-163.57872,65.123609],[-163.577193,65.123966],[-163.575983,65.124256],[-163.574472,65.12466],[-163.573907,65.124839],[-163.573,65.125014],[-163.572204,65.125183],[-163.571903,65.125465],[-163.571369,65.12557],[-163.570511,65.125886],[-163.569237,65.126156],[-163.568433,65.126301],[-163.567095,65.126383],[-163.565654,65.126495],[-163.564484,65.126734],[-163.563656,65.126976],[-163.563051,65.127037],[-163.562033,65.127387],[-163.56142,65.127593],[-163.560872,65.127818],[-163.560451,65.128084],[-163.55995,65.128282],[-163.559592,65.1284],[-163.558962,65.12839],[-163.558229,65.128411],[-163.557689,65.12866],[-163.556877,65.128949],[-163.556177,65.129064],[-163.555564,65.129269],[-163.554146,65.129452],[-163.553398,65.129593],[-163.552929,65.129718],[-163.551956,65.129705],[-163.550928,65.129696],[-163.549472,65.130097],[-163.54901,65.130077],[-163.547927,65.130407],[-163.54494,65.130493],[-163.544542,65.130661],[-163.543945,65.130746],[-163.54314,65.130723],[-163.542208,65.130995],[-163.541102,65.131255],[-163.539971,65.131443],[-163.538896,65.131629],[-163.537542,65.131831],[-163.536746,65.132]]}},{"type":"Feature","properties":{"FaultName":"Bendeleben","Change":"Revised","QfaultID":5450,"Feature":"Parallel south-facing scarps in alluvium, and range-front slope breaks","SlipSense1":"Normal","SlipSense2":"Down-to-the-south"},"geometry":{"type":"LineString","coordinates":[[-163.487454,65.139953],[-163.486637,65.140147],[-163.485793,65.140258],[-163.484984,65.140475],[-163.484223,65.140665],[-163.483398,65.14075],[-163.479657,65.141301],[-163.476621,65.142084],[-163.475598,65.142673],[-163.473861,65.143342]]}},{"type":"Feature","properties":{"FaultName":"Bendeleben","Change":"Revised","QfaultID":5450,"Feature":"Parallel south-facing scarps in alluvium, and range-front slope breaks","SlipSense1":"Normal","SlipSense2":"Down-to-the-south"},"geometry":{"type":"LineString","coordinates":[[-163.472087,65.143485],[-163.470853,65.143956],[-163.469091,65.144302],[-163.468143,65.144443],[-163.467302,65.144566],[-163.465397,65.144825],[-163.464775,65.145006],[-163.463871,65.14531],[-163.463329,65.145895],[-163.46274,65.146506],[-163.461832,65.147184],[-163.461506,65.147563],[-163.460861,65.14801],[-163.460239,65.148527],[-163.459729,65.148702],[-163.459945,65.149336],[-163.459898,65.149699],[-163.459882,65.149987],[-163.458822,65.150219],[-163.457818,65.150616],[-163.456638,65.150831],[-163.453137,65.15109],[-163.451638,65.151204],[-163.450187,65.151292],[-163.447285,65.151635],[-163.445818,65.152011],[-163.444207,65.1523],[-163.44199,65.152649],[-163.437748,65.153408],[-163.436105,65.154107],[-163.435882,65.154288],[-163.435061,65.154385],[-163.434016,65.154496],[-163.433186,65.15457],[-163.432604,65.154533],[-163.431767,65.154752],[-163.430642,65.154963],[-163.429813,65.155037],[-163.428904,65.155212],[-163.428258,65.155322],[-163.427356,65.15552],[-163.427053,65.155635],[-163.426032,65.155648],[-163.425642,65.155839],[-163.425051,65.155947],[-163.424246,65.155923],[-163.423265,65.156054],[-163.422475,65.156078],[-163.421486,65.156185],[-163.420425,65.156417],[-163.4195,65.156712],[-163.417817,65.156957],[-163.416389,65.157115]]}},{"type":"Feature","properties":{"FaultName":"Bendeleben","Change":"Revised","QfaultID":5450,"Feature":"Parallel south-facing scarps in alluvium, and range-front slope breaks","SlipSense1":"Normal","SlipSense2":"Down-to-the-south"},"geometry":{"type":"LineString","coordinates":[[-163.414619,65.157605],[-163.414231,65.157571],[-163.41346,65.157617],[-163.412594,65.157683],[-163.411991,65.15772],[-163.411354,65.157859],[-163.410967,65.158026],[-163.410565,65.158251],[-163.410469,65.158372],[-163.409521,65.158501],[-163.407535,65.158793],[-163.406228,65.159073],[-163.405812,65.159054],[-163.405033,65.159245],[-163.404203,65.159319],[-163.403868,65.159507],[-163.403286,65.15947],[-163.402895,65.159493],[-163.402672,65.159674],[-163.402424,65.159785],[-163.401914,65.15996]]}},{"type":"Feature","properties":{"FaultName":"Bendeleben","Change":"Revised","QfaultID":5450,"Feature":"Parallel south-facing scarps in alluvium, and range-front slope breaks","SlipSense1":"Normal","SlipSense2":"Down-to-the-south"},"geometry":{"type":"LineString","coordinates":[[-163.400022,65.160601],[-163.399679,65.160933],[-163.398929,65.161074],[-163.398028,65.161272],[-163.397174,65.161443],[-163.396511,65.161842],[-163.395809,65.162124],[-163.39541,65.162292],[-163.394899,65.162298],[-163.394317,65.162429],[-163.393383,65.162701],[-163.392793,65.162808],[-163.392202,65.163083],[-163.391915,65.163244],[-163.390989,65.163372],[-163.389976,65.163576],[-163.389425,65.163801],[-163.3881,65.163929],[-163.386688,65.164133],[-163.386018,65.164173],[-163.385403,65.16421]]}},{"type":"Feature","properties":{"FaultName":"Bendeleben","Change":"Revised","QfaultID":5450,"Feature":"Parallel south-facing scarps in alluvium, and range-front slope breaks","SlipSense1":"Normal","SlipSense2":"Down-to-the-south"},"geometry":{"type":"LineString","coordinates":[[-163.384812,65.164653],[-163.38419,65.164666],[-163.383145,65.164777],[-163.382546,65.16486],[-163.381868,65.165045],[-163.381181,65.165206],[-163.38071,65.16533]]}},{"type":"Feature","properties":{"FaultName":"Bendeleben","Change":"Revised","QfaultID":5450,"Feature":"Parallel south-facing scarps in alluvium, and range-front slope breaks","SlipSense1":"Normal","SlipSense2":"Down-to-the-south"},"geometry":{"type":"LineString","coordinates":[[-163.379368,65.166753],[-163.377963,65.166981],[-163.377093,65.167105],[-163.376534,65.167306],[-163.376071,65.167454],[-163.375305,65.167547],[-163.374722,65.167678],[-163.374395,65.168057],[-163.37386,65.168161],[-163.373053,65.168473],[-163.372375,65.168658],[-163.371967,65.168802],[-163.371584,65.169017],[-163.370977,65.169077],[-163.370379,65.16916],[-163.369844,65.169264],[-163.369501,65.169429],[-163.369389,65.169603],[-163.369125,65.169667],[-163.368686,65.169717],[-163.368079,65.169777],[-163.367792,65.169771],[-163.367042,65.169743]]}},{"type":"Feature","properties":{"FaultName":"Bendeleben","Change":"Revised","QfaultID":5450,"Feature":"Parallel south-facing scarps in alluvium, and range-front slope breaks","SlipSense1":"Normal","SlipSense2":"Down-to-the-south"},"geometry":{"type":"LineString","coordinates":[[-163.369451,65.170127],[-163.368916,65.170231],[-163.368406,65.170237],[-163.367487,65.170182],[-163.366563,65.170079],[-163.365907,65.170061],[-163.365136,65.170006],[-163.364466,65.170046],[-163.364059,65.170056],[-163.363656,65.17008],[-163.363125,65.170126],[-163.362713,65.170122],[-163.362201,65.170124],[-163.361478,65.170009],[-163.360995,65.169994],[-163.360248,65.17001],[-163.359577,65.17005]]}},{"type":"Feature","properties":{"FaultName":"Bendeleben","Change":"Revised","QfaultID":5450,"Feature":"Parallel south-facing scarps in alluvium, and range-front slope breaks","SlipSense1":"Normal","SlipSense2":"Down-to-the-south"},"geometry":{"type":"LineString","coordinates":[[-163.361011,65.173464],[-163.359946,65.173348],[-163.358185,65.173704],[-163.35737,65.174077],[-163.354531,65.174786],[-163.353105,65.175122],[-163.351956,65.175263],[-163.34938,65.175992],[-163.347942,65.176293],[-163.345583,65.17665]]}},{"type":"Feature","properties":{"FaultName":"Bendeleben","Change":"Revised","QfaultID":5450,"Feature":"Parallel south-facing scarps in alluvium, and range-front slope breaks","SlipSense1":"Normal","SlipSense2":"Down-to-the-south"},"geometry":{"type":"LineString","coordinates":[[-163.321793,65.179899],[-163.320968,65.179481],[-163.319152,65.178654],[-163.317716,65.178199],[-163.316784,65.177715],[-163.316319,65.177347],[-163.314919,65.176999],[-163.314633,65.176656],[-163.314084,65.176293],[-163.313475,65.176006],[-163.312865,65.175719],[-163.312267,65.175466],[-163.311562,65.175149],[-163.30885,65.173943],[-163.307643,65.173403]]}},{"type":"Feature","properties":{"FaultName":"Bendeleben","Change":"Revised","QfaultID":5450,"Feature":"Parallel south-facing scarps in alluvium, and range-front slope breaks","SlipSense1":"Normal","SlipSense2":"Down-to-the-south"},"geometry":{"type":"LineString","coordinates":[[-163.325063,65.176145],[-163.323052,65.176012],[-163.321533,65.175815],[-163.320588,65.175548],[-163.318962,65.175033],[-163.317803,65.174382],[-163.316344,65.173858],[-163.31546,65.173515],[-163.314684,65.172985],[-163.312723,65.172239],[-163.311135,65.171326],[-163.309186,65.170867],[-163.30842,65.170624]]}},{"type":"Feature","properties":{"FaultName":"Bendeleben","Change":"Revised","QfaultID":5450,"Feature":"Parallel south-facing scarps in alluvium, and range-front slope breaks","SlipSense1":"Normal","SlipSense2":"Down-to-the-south"},"geometry":{"type":"LineString","coordinates":[[-163.306232,65.170215],[-163.302691,65.169598],[-163.299618,65.168845],[-163.297344,65.168537],[-163.295479,65.168479],[-163.292352,65.167922],[-163.291235,65.16782],[-163.290119,65.16755],[-163.28909,65.167539],[-163.287852,65.167757],[-163.286806,65.167866],[-163.286145,65.167762],[-163.284557,65.167784],[-163.28391,65.167894],[-163.282825,65.167886],[-163.281747,65.167902]]}},{"type":"Feature","properties":{"FaultName":"Bendeleben","Change":"Revised","QfaultID":5450,"Feature":"Parallel south-facing scarps in alluvium, and range-front slope breaks","SlipSense1":"Normal","SlipSense2":"Down-to-the-south"},"geometry":{"type":"LineString","coordinates":[[-163.28562,65.170178],[-163.284113,65.169764],[-163.282787,65.169375],[-163.281484,65.169057],[-163.279511,65.168526],[-163.277245,65.168241]]}},{"type":"Feature","properties":{"FaultName":"Bendeleben","Change":"Revised","QfaultID":5450,"Feature":"Parallel south-facing scarps in alluvium, and range-front slope breaks","SlipSense1":"Normal","SlipSense2":"Down-to-the-south"},"geometry":{"type":"LineString","coordinates":[[-163.273903,65.167959],[-163.27187,65.167672],[-163.270044,65.167492],[-163.268425,65.167252],[-163.267007,65.166928],[-163.265628,65.166722],[-163.264359,65.166677],[-163.263355,65.166569],[-163.262638,65.166299],[-163.261563,65.165979],[-163.260782,65.165858],[-163.260129,65.165609],[-163.25918,65.165497],[-163.257864,65.165479]]}},{"type":"Feature","properties":{"FaultName":"Bendeleben","Change":"Revised","QfaultID":5450,"Feature":"Parallel south-facing scarps in alluvium, and range-front slope breaks","SlipSense1":"Normal","SlipSense2":"Down-to-the-south"},"geometry":{"type":"LineString","coordinates":[[-163.286378,65.171483],[-163.285338,65.171372],[-163.28433,65.171221],[-163.283456,65.171061],[-163.282736,65.170816],[-163.282379,65.170703],[-163.281587,65.170788],[-163.280821,65.170815],[-163.280017,65.170728],[-163.279283,65.170579],[-163.278435,65.170361],[-163.277881,65.170202],[-163.276981,65.170102]]}},{"type":"Feature","properties":{"FaultName":"Bendeleben","Change":"Revised","QfaultID":5450,"Feature":"Parallel south-facing scarps in alluvium, and range-front slope breaks","SlipSense1":"Normal","SlipSense2":"Down-to-the-south"},"geometry":{"type":"LineString","coordinates":[[-163.274234,65.169382],[-163.273363,65.168686],[-163.272617,65.1685],[-163.271928,65.168349],[-163.271029,65.168249],[-163.270187,65.168049],[-163.269007,65.167927],[-163.267949,65.167625],[-163.265628,65.166722]]}},{"type":"Feature","properties":{"FaultName":"Bendeleben","Change":"Revised","QfaultID":5450,"Feature":"Parallel south-facing scarps in alluvium, and range-front slope breaks","SlipSense1":"Normal","SlipSense2":"Down-to-the-south"},"geometry":{"type":"LineString","coordinates":[[-163.273073,65.170276],[-163.272781,65.169948],[-163.271959,65.16967],[-163.270322,65.169134],[-163.269264,65.168698],[-163.267702,65.168388],[-163.266789,65.168384],[-163.266139,65.168212],[-163.265175,65.168192],[-163.264117,65.168024],[-163.263019,65.168012],[-163.26187,65.167984],[-163.260619,65.167924],[-163.259062,65.167767],[-163.256715,65.167426],[-163.255421,65.167234],[-163.254873,65.167093],[-163.254056,65.166969],[-163.253247,65.166729],[-163.252476,65.166602],[-163.250773,65.166281],[-163.250378,65.166189],[-163.248509,65.16605]]}},{"type":"Feature","properties":{"FaultName":"Bendeleben","Change":"Revised","QfaultID":5450,"Feature":"Parallel south-facing scarps in alluvium, and range-front slope breaks","SlipSense1":"Normal","SlipSense2":"Down-to-the-south"},"geometry":{"type":"LineString","coordinates":[[-163.257618,65.166989],[-163.256338,65.166566],[-163.254451,65.166102],[-163.253883,65.16604],[-163.253443,65.166085],[-163.252052,65.166014],[-163.251318,65.165865],[-163.250962,65.165752],[-163.250196,65.165644],[-163.249003,65.165618],[-163.247471,65.16567],[-163.246309,65.165604]]}},{"type":"Feature","properties":{"FaultName":"Bendeleben","Change":"Revised","QfaultID":5450,"Feature":"Parallel south-facing scarps in alluvium, and range-front slope breaks","SlipSense1":"Normal","SlipSense2":"Down-to-the-south"},"geometry":{"type":"LineString","coordinates":[[-163.258531,65.1659],[-163.257864,65.165479],[-163.256927,65.165189],[-163.256352,65.165242],[-163.255421,65.165048],[-163.255052,65.164897],[-163.25419,65.164909],[-163.252614,65.16483],[-163.251944,65.164735],[-163.250777,65.16465],[-163.249296,65.164719],[-163.24846,65.164672]]}},{"type":"Feature","properties":{"FaultName":"Bendeleben","Change":"Revised","QfaultID":5450,"Feature":"Parallel south-facing scarps in alluvium, and range-front slope breaks","SlipSense1":"Normal","SlipSense2":"Down-to-the-south"},"geometry":{"type":"LineString","coordinates":[[-163.108513,65.166533],[-163.10749,65.166712],[-163.106079,65.167273],[-163.105044,65.167765],[-163.104141,65.167961],[-163.102283,65.168548],[-163.101531,65.168687],[-163.100401,65.169064],[-163.099353,65.169341],[-163.098507,65.169366],[-163.097383,65.16924],[-163.096371,65.169107],[-163.095263,65.169027],[-163.09416,65.169139],[-163.093264,65.169359],[-163.092449,65.169478],[-163.091024,65.169824],[-163.090099,65.169782],[-163.08969,65.169925],[-163.088781,65.16993],[-163.087927,65.169931],[-163.086786,65.169926],[-163.085729,65.170179],[-163.085049,65.170362],[-163.083578,65.170567],[-163.082051,65.170775],[-163.081122,65.171068],[-163.080327,65.171426],[-163.079487,65.171642],[-163.078428,65.172063],[-163.077491,65.172333],[-163.077017,65.172624],[-163.075399,65.173077],[-163.074462,65.173347],[-163.073191,65.173468]]}},{"type":"Feature","properties":{"FaultName":"Bendeleben","Change":"Revised","QfaultID":5450,"Feature":"Parallel south-facing scarps in alluvium, and range-front slope breaks","SlipSense1":"Normal","SlipSense2":"Down-to-the-south"},"geometry":{"type":"LineString","coordinates":[[-163.082682,65.169397],[-163.081832,65.169757],[-163.081157,65.170132],[-163.080095,65.170193],[-163.079424,65.170232],[-163.078302,65.170632],[-163.077645,65.170886],[-163.076958,65.170878],[-163.076079,65.170977],[-163.074778,65.171004],[-163.07395,65.170908],[-163.072519,65.171063],[-163.071495,65.171242]]}},{"type":"Feature","properties":{"FaultName":"Bendeleben","Change":"Revised","QfaultID":5450,"Feature":"Parallel south-facing scarps in alluvium, and range-front slope breaks","SlipSense1":"Normal","SlipSense2":"Down-to-the-south"},"geometry":{"type":"LineString","coordinates":[[-163.055107,65.173457],[-163.053905,65.173402],[-163.053107,65.173333],[-163.052379,65.173337],[-163.05121,65.173385],[-163.050688,65.17332],[-163.049775,65.173315],[-163.048437,65.173124],[-163.047786,65.173084],[-163.04716,65.17312],[-163.046854,65.173023],[-163.046421,65.172952],[-163.045937,65.172865],[-163.045376,65.172821],[-163.043581,65.172905],[-163.042879,65.17285],[-163.041929,65.172732],[-163.041197,65.172582],[-163.040323,65.172556],[-163.039839,65.172469],[-163.039316,65.172403],[-163.038781,65.1723],[-163.038448,65.172396],[-163.037887,65.172351],[-163.037427,65.17234],[-163.03711,65.172205],[-163.036752,65.172225],[-163.036636,65.172289],[-163.035762,65.172263],[-163.034729,65.172169],[-163.033824,65.172049],[-163.033072,65.171977],[-163.032362,65.172037],[-163.031852,65.172009],[-163.031289,65.172099],[-163.030746,65.172111],[-163.030132,65.172185],[-163.029786,65.172243],[-163.029166,65.172298],[-163.028489,65.172317],[-163.027991,65.172327],[-163.027926,65.172407],[-163.026905,65.172351],[-163.025866,65.172238]]}},{"type":"Feature","properties":{"FaultName":"Bendeleben","Change":"Revised","QfaultID":5450,"Feature":"Parallel south-facing scarps in alluvium, and range-front slope breaks","SlipSense1":"Normal","SlipSense2":"Down-to-the-south"},"geometry":{"type":"LineString","coordinates":[[-163.027582,65.173731],[-163.026907,65.173616],[-163.025975,65.173555]]}},{"type":"Feature","properties":{"FaultName":"Bendeleben","Change":"Revised","QfaultID":5450,"Feature":"Parallel south-facing scarps in alluvium, and range-front slope breaks","SlipSense1":"Normal","SlipSense2":"Down-to-the-south"},"geometry":{"type":"LineString","coordinates":[[-163.02378,65.173949],[-163.023052,65.173953],[-163.022198,65.173849],[-163.020852,65.173773],[-163.019436,65.173624],[-163.018537,65.173522],[-163.017553,65.173579],[-163.015862,65.173561],[-163.013233,65.173463],[-163.012328,65.173342]]}},{"type":"Feature","properties":{"FaultName":"Bendeleben","Change":"Revised","QfaultID":5450,"Feature":"Parallel south-facing scarps in alluvium, and range-front slope breaks","SlipSense1":"Normal","SlipSense2":"Down-to-the-south"},"geometry":{"type":"LineString","coordinates":[[-163.024791,65.172856],[-163.024153,65.172854],[-163.023297,65.172885],[-163.022701,65.173015],[-163.021947,65.173077],[-163.020995,65.173094],[-163.020095,65.173126],[-163.019564,65.173176],[-163.019009,65.17315],[-163.018415,65.173146],[-163.01763,65.173114],[-163.017203,65.173062],[-163.016565,65.173061],[-163.016183,65.173006],[-163.015613,65.173077],[-163.014963,65.173038],[-163.01419,65.173044],[-163.012328,65.173342],[-163.010683,65.173188],[-163.009798,65.172989],[-163.008899,65.172888],[-163.008135,65.172778],[-163.007669,65.172747],[-163.00737,65.172669],[-163.006445,65.172626],[-163.006285,65.172693],[-163.005544,65.172659],[-163.004351,65.172631],[-163.003265,65.172655],[-163.002493,65.172661],[-163.001687,65.172707],[-163.00076,65.172799],[-163.000193,65.172736],[-162.999579,65.172809],[-162.998735,65.172877]]}},{"type":"Feature","properties":{"FaultName":"Bendeleben","Change":"Revised","QfaultID":5450,"Feature":"Parallel south-facing scarps in alluvium, and range-front slope breaks","SlipSense1":"Normal","SlipSense2":"Down-to-the-south"},"geometry":{"type":"LineString","coordinates":[[-163.001326,65.172084],[-162.999481,65.17219],[-162.99865,65.172261],[-162.997178,65.172465],[-162.996385,65.172655],[-162.995826,65.172687],[-162.995028,65.172684],[-162.993091,65.172508]]}},{"type":"Feature","properties":{"FaultName":"Bendeleben","Change":"Revised","QfaultID":5450,"Feature":"Parallel south-facing scarps in alluvium, and range-front slope breaks","SlipSense1":"Normal","SlipSense2":"Down-to-the-south"},"geometry":{"type":"LineString","coordinates":[[-163.004622,65.172062],[-163.001326,65.172084],[-162.99946,65.171843],[-162.998933,65.171852],[-162.99737,65.171985],[-162.99625,65.172114],[-162.995304,65.172254],[-162.994188,65.172447],[-162.993091,65.172508],[-162.992489,65.17253]]}},{"type":"Feature","properties":{"FaultName":"Bendeleben","Change":"Revised","QfaultID":5450,"Feature":"Parallel south-facing scarps in alluvium, and range-front slope breaks","SlipSense1":"Normal","SlipSense2":"Down-to-the-south"},"geometry":{"type":"LineString","coordinates":[[-162.990276,65.172185],[-162.989846,65.17209],[-162.989464,65.172052],[-162.989044,65.172076],[-162.988673,65.172074],[-162.988032,65.172026],[-162.987215,65.171965],[-162.986697,65.171863],[-162.986091,65.171838],[-162.985138,65.171797],[-162.984644,65.171765],[-162.983281,65.171688],[-162.98248,65.17159],[-162.981801,65.171605],[-162.981303,65.171561],[-162.980495,65.171176],[-162.979431,65.170878],[-162.978341,65.170677],[-162.97762,65.170562],[-162.976745,65.170409],[-162.975655,65.170207],[-162.974575,65.170126],[-162.973877,65.170082],[-162.973124,65.170041],[-162.97273,65.169968],[-162.9724,65.169915],[-162.971816,65.16996],[-162.971447,65.169873],[-162.970643,65.169763],[-162.969936,65.16978],[-162.969343,65.169706],[-162.968688,65.169707],[-162.966668,65.169535],[-162.965682,65.169568],[-162.964793,65.169547],[-162.964019,65.169531],[-162.963342,65.169462],[-162.962805,65.169385],[-162.962483,65.169272],[-162.961978,65.169205],[-162.961779,65.16912],[-162.961177,65.169107],[-162.960763,65.169058],[-162.960301,65.169037],[-162.95997,65.168984],[-162.959405,65.168908],[-162.958661,65.168807],[-162.957968,65.168691],[-162.957526,65.168644],[-162.957185,65.168556],[-162.956481,65.168405],[-162.955899,65.168366],[-162.954992,65.168202],[-162.9543,65.168086],[-162.95396,65.167914],[-162.953485,65.167677],[-162.952803,65.167417],[-162.951759,65.167093],[-162.951128,65.166901],[-162.95048,65.166747],[-162.949629,65.16658],[-162.948485,65.166298]]}},{"type":"Feature","properties":{"FaultName":"Bendeleben","Change":"Revised","QfaultID":5450,"Feature":"Parallel south-facing scarps in alluvium, and range-front slope breaks","SlipSense1":"Normal","SlipSense2":"Down-to-the-south"},"geometry":{"type":"LineString","coordinates":[[-162.940612,65.16616],[-162.938875,65.165803],[-162.938104,65.16562],[-162.93797,65.165556],[-162.937436,65.16549],[-162.937039,65.165405],[-162.936509,65.165351],[-162.936108,65.165254],[-162.935726,65.165216],[-162.935347,65.16519],[-162.934801,65.165173],[-162.934437,65.165194],[-162.933354,65.1651],[-162.932617,65.165022],[-162.931916,65.164966],[-162.93112,65.16488],[-162.930834,65.164788],[-162.930306,65.164651],[-162.929795,65.164656],[-162.929344,65.164669],[-162.929035,65.164591],[-162.928593,65.164544],[-162.92818,65.164412],[-162.928015,65.164254],[-162.928027,65.164026],[-162.927934,65.163911],[-162.927764,65.163825],[-162.927493,65.163781],[-162.927178,65.163775],[-162.926797,65.163653],[-162.926512,65.163561],[-162.92586,65.163394],[-162.925215,65.163335],[-162.924505,65.16334],[-162.923715,65.163361],[-162.922033,65.163265]]}},{"type":"Feature","properties":{"FaultName":"Bendeleben","Change":"Revised","QfaultID":5450,"Feature":"Parallel south-facing scarps in alluvium, and range-front slope breaks","SlipSense1":"Normal","SlipSense2":"Down-to-the-south"},"geometry":{"type":"LineString","coordinates":[[-162.928816,65.164568],[-162.928369,65.164647],[-162.928146,65.164618],[-162.927765,65.164448],[-162.924604,65.163735],[-162.924169,65.163754],[-162.923342,65.163705],[-162.922895,65.163689],[-162.922466,65.163725],[-162.92093,65.163819],[-162.920681,65.163839],[-162.920263,65.163779],[-162.919669,65.163747],[-162.919419,65.163809],[-162.919207,65.163815],[-162.918761,65.163798],[-162.918458,65.163744],[-162.918001,65.163782],[-162.916597,65.163664],[-162.916048,65.163593],[-162.915712,65.163522],[-162.915534,65.163545],[-162.915167,65.163553],[-162.914971,65.163475],[-162.914662,65.163444],[-162.914136,65.163402],[-162.913543,65.16337],[-162.9134,65.163324],[-162.91313,65.163238],[-162.912986,65.163144],[-162.912622,65.163075],[-162.912343,65.163091],[-162.910804,65.162819],[-162.910566,65.162743],[-162.910491,65.162687],[-162.910365,65.162605],[-162.910153,65.162563]]}},{"type":"Feature","properties":{"FaultName":"Bendeleben","Change":"Revised","QfaultID":5450,"Feature":"Parallel south-facing scarps in alluvium, and range-front slope breaks","SlipSense1":"Normal","SlipSense2":"Down-to-the-south"},"geometry":{"type":"LineString","coordinates":[[-162.916684,65.163226],[-162.916266,65.163166],[-162.916113,65.163043],[-162.915701,65.162911],[-162.915406,65.16288],[-162.914992,65.162832],[-162.914451,65.162743],[-162.913938,65.162652],[-162.913502,65.162713],[-162.913133,65.162626],[-162.912777,65.16267],[-162.91246,65.162568],[-162.912191,65.16244],[-162.911984,65.162416],[-162.911849,65.162351],[-162.911264,65.162301],[-162.911126,65.162225],[-162.910861,65.162108],[-162.910491,65.162021],[-162.910027,65.161904],[-162.909916,65.161826],[-162.909389,65.161689],[-162.90883,65.161546]]}},{"type":"Feature","properties":{"FaultName":"Koyukuk Basin","Change":"Added","QfaultID":0,"Feature":"Scarps and lineaments in alluvium","SlipSense1":"Strike-slip","SlipSense2":"Right-lateral"},"geometry":{"type":"LineString","coordinates":[[-156.739114,65.374697],[-156.778567,65.366453],[-156.782406,65.365602],[-156.78726,65.364661],[-156.790928,65.363813],[-156.793943,65.36326],[-156.79776,65.362195],[-156.801768,65.36134],[-156.805953,65.360553],[-156.811932,65.35895],[-156.815925,65.357952],[-156.81957,65.356889],[-156.826673,65.354624],[-156.833798,65.352572],[-156.839226,65.350621],[-156.844017,65.349109],[-156.852729,65.347598],[-156.859524,65.345693],[-156.866029,65.344292],[-156.87081,65.342709],[-156.875753,65.341051],[-156.881243,65.339739],[-156.885067,65.338814],[-156.889225,65.337811],[-156.894343,65.33622],[-156.897494,65.335379],[-156.898988,65.334995],[-156.902826,65.334212],[-156.906162,65.333509],[-156.913282,65.331524],[-156.918761,65.33014],[-156.923729,65.328765],[-156.930537,65.327071],[-156.937352,65.325447],[-156.94086,65.324725],[-156.945037,65.323412],[-156.948909,65.322437],[-156.953235,65.321453],[-156.955761,65.320645],[-156.958839,65.319685],[-156.962448,65.318381],[-156.965691,65.316847],[-156.968815,65.315268],[-156.973181,65.313617],[-156.979339,65.311743],[-156.984754,65.310357],[-156.990704,65.308676],[-156.997771,65.306832],[-157.00342,65.305536],[-157.008802,65.304911],[-157.014332,65.30357],[-157.020052,65.301893],[-157.02607,65.299829],[-157.031444,65.29811],[-157.037359,65.297189],[-157.042016,65.29515],[-157.050315,65.292186],[-157.06482,65.286867],[-157.080972,65.282133],[-157.087429,65.280011],[-157.096627,65.278072],[-157.100687,65.276852],[-157.102231,65.275443],[-157.107046,65.273875],[-157.183215,65.256907],[-157.194209,65.254346],[-157.202897,65.25303],[-157.206959,65.251692]]}},{"type":"Feature","properties":{"FaultName":"Koyukuk Basin","Change":"Added","QfaultID":0,"Feature":"Scarps and lineaments in alluvium","SlipSense1":"Strike-slip","SlipSense2":"Right-lateral"},"geometry":{"type":"LineString","coordinates":[[-157.206839,65.24967],[-157.209139,65.248981],[-157.211003,65.248444],[-157.215242,65.246885],[-157.218563,65.245724],[-157.220488,65.244734],[-157.222764,65.243356],[-157.227362,65.240505],[-157.234119,65.237729],[-157.240534,65.235434],[-157.244123,65.233673],[-157.246264,65.232607],[-157.249246,65.231476],[-157.25045,65.231119],[-157.256405,65.228786],[-157.260932,65.227314],[-157.26266,65.226598],[-157.268766,65.225031],[-157.27245,65.223623],[-157.276607,65.222396],[-157.28578,65.219544],[-157.289123,65.219094],[-157.291935,65.217989],[-157.295888,65.216956],[-157.298135,65.216814],[-157.300551,65.216193],[-157.301342,65.215226],[-157.302596,65.214344],[-157.305881,65.21342],[-157.308196,65.211945],[-157.310544,65.210755],[-157.314721,65.209717],[-157.317136,65.209095],[-157.321515,65.207862],[-157.324224,65.205904],[-157.327022,65.204704],[-157.329132,65.203424],[-157.333239,65.201816]]}},{"type":"Feature","properties":{"FaultName":"Koyukuk Basin","Change":"Added","QfaultID":0,"Feature":"Scarps and lineaments in alluvium","SlipSense1":"Strike-slip","SlipSense2":"Right-lateral"},"geometry":{"type":"LineString","coordinates":[[-156.964935,65.331215],[-156.96772,65.330478],[-156.970498,65.329685],[-156.974984,65.328289],[-156.980787,65.326468],[-156.987823,65.324303],[-156.992375,65.322268],[-156.999172,65.32],[-157.005572,65.318263],[-157.011831,65.31629],[-157.018255,65.314789],[-157.024765,65.312003],[-157.046667,65.304643],[-157.051649,65.302456]]}},{"type":"Feature","properties":{"FaultName":"Stevens","Change":"Added","QfaultID":0,"Feature":"Elongate linear mound","SlipSense1":"Strike-slip","SlipSense2":"Right-lateral transtension"},"geometry":{"type":"LineString","coordinates":[[-149.094704,66.280966],[-149.051389,66.292188],[-149.011522,66.300523],[-148.998744,66.3058],[-148.992436,66.307994],[-148.974494,66.312456],[-148.962813,66.31496]]}},{"type":"Feature","properties":{"FaultName":"Stevens","Change":"Added","QfaultID":0,"Feature":"North-facing scarps in alluvium","SlipSense1":"Strike-slip","SlipSense2":"Right-lateral transtension; down-to-the-north"},"geometry":{"type":"LineString","coordinates":[[-148.90347,66.248459],[-148.889425,66.251123],[-148.878798,66.254369],[-148.863622,66.256757],[-148.833034,66.262714],[-148.807081,66.265949],[-148.780754,66.271077],[-148.772002,66.273662],[-148.75212,66.275889],[-148.737767,66.279963],[-148.732029,66.282165],[-148.715746,66.284027],[-148.700211,66.28806],[-148.690556,66.289179],[-148.687109,66.291693],[-148.680874,66.2934],[-148.671942,66.293825],[-148.658342,66.296963],[-148.654797,66.29995],[-148.644407,66.301759],[-148.632257,66.30351],[-148.626015,66.305215],[-148.615478,66.307733],[-148.61055,66.308765],[-148.603324,66.309482],[-148.586776,66.312517],[-148.57628,66.314796],[-148.566908,66.31735],[-148.551966,66.321151],[-148.544196,66.321609],[-148.540091,66.321472],[-148.532472,66.324084],[-148.525923,66.324342],[-148.507841,66.326125],[-148.500804,66.328754],[-148.493914,66.333537],[-148.479051,66.336858],[-148.40223,66.353835],[-148.391703,66.356102],[-148.38602,66.357818],[-148.370693,66.360398],[-148.364583,66.358516],[-148.359835,66.358592],[-148.345142,66.360952],[-148.328282,66.365147],[-148.309856,66.36833],[-148.283638,66.371958],[-148.278917,66.374659],[-148.271563,66.375836],[-148.264411,66.376064],[-148.253429,66.377591]]}},{"type":"Feature","properties":{"FaultName":"Stevens","Change":"Added","QfaultID":0,"Feature":"North-facing scarps in alluvium","SlipSense1":"Strike-slip","SlipSense2":"Right-lateral transtension; down-to-the-north"},"geometry":{"type":"LineString","coordinates":[[-148.324149,66.313537],[-148.299057,66.317681],[-148.27681,66.319532],[-148.26389,66.321947],[-148.253848,66.3247],[-148.246787,66.327318],[-148.231565,66.32941],[-148.222871,66.328626],[-148.207771,66.33287],[-148.184332,66.334668],[-148.16553,66.336866],[-148.153282,66.338818],[-148.137356,66.341355],[-148.13273,66.343578],[-148.116525,66.34467],[-148.107255,66.346487],[-148.083168,66.351114],[-148.077625,66.352109],[-148.069681,66.353255],[-148.059284,66.35479],[-148.051925,66.355957],[-148.041684,66.35678],[-148.035551,66.357752],[-148.025525,66.360254],[-148.019285,66.361699],[-148.010908,66.36211],[-148.002316,66.36084],[-147.987643,66.362932],[-147.971741,66.365215],[-147.955195,66.367713],[-147.937526,66.369929],[-147.921135,66.371712],[-147.888294,66.375511],[-147.845884,66.379661],[-147.834399,66.380664],[-147.817408,66.382415],[-147.795919,66.385668],[-147.783676,66.387356],[-147.764805,66.389508],[-147.747527,66.392437]]}},{"type":"Feature","properties":{"FaultName":"Stevens","Change":"Added","QfaultID":0,"Feature":"South-facing scarps in alluvium","SlipSense1":"Strike-slip","SlipSense2":"Right-lateral transtension; down-to-the-south"},"geometry":{"type":"LineString","coordinates":[[-148.101565,66.326693],[-148.08027,66.332136],[-148.057312,66.337039],[-148.047348,66.339306],[-148.026561,66.342372],[-148.009448,66.344854],[-148.005503,66.346621],[-147.989506,66.34938],[-147.966944,66.352375],[-147.957607,66.35442],[-147.941546,66.357412],[-147.926069,66.360424],[-147.916032,66.36292]]}},{"type":"Feature","properties":{"FaultName":"Stevens","Change":"Added","QfaultID":0,"Feature":"South-facing scarps in alluvium","SlipSense1":"Strike-slip","SlipSense2":"Right-lateral transtension; down-to-the-south"},"geometry":{"type":"LineString","coordinates":[[-148.406596,66.390941],[-148.396483,66.393283],[-148.379566,66.396288],[-148.361847,66.399562],[-148.353197,66.401952],[-148.339839,66.402089],[-148.328183,66.404673],[-148.313646,66.406858],[-148.303645,66.408602],[-148.293706,66.410048],[-148.277693,66.412179],[-148.26382,66.414682],[-148.258417,66.415687]]}},{"type":"Feature","properties":{"FaultName":"Zaikoff Bay","Change":"Added","QfaultID":0,"Feature":"Southeast-facing scarps","SlipSense1":"Thrust","SlipSense2":"Up-to-the-north"},"geometry":{"type":"LineString","coordinates":[[-147.140306,60.340709],[-147.141865,60.340194],[-147.142414,60.34046],[-147.145193,60.339888],[-147.146954,60.339561],[-147.150117,60.33889],[-147.152336,60.338111],[-147.157548,60.33689],[-147.159552,60.335981],[-147.161721,60.335437],[-147.163659,60.335417],[-147.166916,60.334869],[-147.169657,60.334473],[-147.17143,60.334087],[-147.172988,60.333572],[-147.176859,60.332401],[-147.17885,60.33155],[-147.180334,60.331388],[-147.182085,60.330525],[-147.184257,60.329387],[-147.186066,60.328825],[-147.188448,60.32841],[-147.189804,60.327706],[-147.191806,60.326797],[-147.19268,60.326662],[-147.194976,60.32666],[-147.197741,60.326146],[-147.201619,60.325509]]}},{"type":"Feature","properties":{"FaultName":"Zaikoff Bay","Change":"Added","QfaultID":0,"Feature":"Southeast-facing scarps","SlipSense1":"Thrust","SlipSense2":"Up-to-the-north"},"geometry":{"type":"LineString","coordinates":[[-147.17143,60.334087],[-147.174836,60.333868],[-147.178612,60.332918],[-147.181105,60.332093],[-147.18262,60.331551],[-147.183774,60.331348],[-147.184379,60.330998],[-147.185696,60.330708],[-147.186328,60.330693],[-147.187846,60.330365],[-147.188288,60.330102],[-147.189016,60.329854],[-147.190085,60.329599],[-147.191191,60.329393],[-147.19264,60.329395],[-147.193775,60.329286],[-147.19437,60.328983],[-147.195077,60.329067],[-147.196088,60.328856],[-147.196561,60.328904],[-147.197179,60.328721],[-147.197763,60.328703],[-147.198898,60.328356],[-147.199479,60.328124],[-147.200389,60.327932],[-147.200804,60.328025],[-147.201604,60.327899],[-147.201647,60.327925],[-147.202938,60.32799],[-147.203411,60.328038],[-147.204183,60.327815],[-147.205688,60.32801],[-147.207225,60.327826],[-147.208684,60.327781],[-147.209622,60.327685],[-147.21014,60.327521],[-147.210438,60.327251],[-147.211725,60.327102],[-147.212516,60.326785]]}},{"type":"Feature","properties":{"FaultName":"Decoeli Mountain","Change":"Added","QfaultID":0,"Feature":"Range-front slope-breaks, scarps, and scarps in colluvium","SlipSense1":"Thrust","SlipSense2":"Up-to-the-south"},"geometry":{"type":"LineString","coordinates":[[-138.017856,60.881699],[-138.015785,60.88082],[-138.013518,60.879929],[-138.011936,60.879473],[-138.010544,60.878943],[-138.009096,60.878819],[-138.007171,60.878445],[-138.005958,60.877959],[-138.004651,60.877658],[-138.003441,60.87766],[-138.002206,60.877514],[-138.00096,60.87739],[-138.000163,60.877076],[-137.999461,60.876871],[-137.998512,60.876758],[-137.997122,60.87652],[-137.994675,60.875985],[-137.993583,60.875855],[-137.992277,60.875651],[-137.990637,60.875212],[-137.989995,60.87499],[-137.988924,60.874521],[-137.988303,60.87396],[-137.987684,60.873692],[-137.986021,60.873397],[-137.984586,60.87325],[-137.98322,60.872966],[-137.982459,60.872778],[-137.981272,60.872636],[-137.980748,60.872282],[-137.979118,60.871527],[-137.978319,60.870921],[-137.977333,60.870681],[-137.976288,60.870557],[-137.975231,60.870261],[-137.97402,60.870068],[-137.972941,60.87011],[-137.971945,60.869991],[-137.970983,60.869803],[-137.969771,60.869415],[-137.969164,60.869124],[-137.968309,60.869022],[-137.967514,60.868903],[-137.966777,60.868571],[-137.966501,60.868124],[-137.966023,60.867678],[-137.965062,60.86749],[-137.963327,60.86704],[-137.962069,60.866743],[-137.960763,60.866539],[-137.959657,60.866042],[-137.959076,60.865997],[-137.958138,60.865861],[-137.957329,60.865472],[-137.956321,60.865376],[-137.955276,60.865154],[-137.954087,60.864622],[-137.95284,60.864206],[-137.951523,60.864122],[-137.950882,60.863996],[-137.950431,60.863894],[-137.949613,60.863821],[-137.948781,60.863575],[-137.948034,60.863462],[-137.947084,60.863251],[-137.946111,60.863086],[-137.945518,60.863064],[-137.9447,60.863088],[-137.944237,60.862911],[-137.943737,60.862608],[-137.942976,60.862322],[-137.942265,60.862335],[-137.941707,60.862244],[-137.941173,60.862107],[-137.940249,60.862143],[-137.93975,60.862034],[-137.93892,60.861887],[-137.938196,60.861825],[-137.937282,60.861642],[-137.936119,60.861455],[-137.935004,60.861273],[-137.933747,60.861171],[-137.932964,60.861127],[-137.932111,60.861122],[-137.931079,60.860975],[-137.929858,60.860902],[-137.928625,60.860852],[-137.927522,60.860744],[-137.926916,60.860648],[-137.92605,60.860374],[-137.924649,60.86006],[-137.923701,60.860142],[-137.922882,60.859971],[-137.9219,60.860121],[-137.920476,60.859951],[-137.918933,60.85962],[-137.917889,60.859398],[-137.917035,60.859296],[-137.916372,60.859412],[-137.915518,60.85931],[-137.914486,60.859162],[-137.913845,60.858939],[-137.91349,60.859043],[-137.913086,60.858946],[-137.912019,60.858867],[-137.911107,60.858879],[-137.910632,60.858725],[-137.910182,60.858818],[-137.909848,60.858485],[-137.908924,60.858618],[-137.908318,60.858229],[-137.90757,60.858018],[-137.906843,60.85737],[-137.906285,60.857084],[-137.905834,60.857079],[-137.905703,60.856844],[-137.904895,60.856455],[-137.90397,60.856393],[-137.901383,60.855644],[-137.900347,60.854814],[-137.899361,60.854379],[-137.898154,60.854771],[-137.896792,60.854876],[-137.895867,60.854716],[-137.894752,60.854436],[-137.893161,60.854002],[-137.890988,60.853133],[-137.88771,60.852517],[-137.886208,60.852146],[-137.884713,60.851625],[-137.883241,60.851059],[-137.882599,60.850641],[-137.881578,60.850275],[-137.879941,60.849835],[-137.878409,60.84909],[-137.876272,60.848152],[-137.874622,60.847442],[-137.87251,60.84675],[-137.871015,60.846229],[-137.869899,60.845754],[-137.869447,60.845261],[-137.867987,60.844672],[-137.866491,60.843956],[-137.865031,60.843172],[-137.863249,60.842129],[-137.862263,60.841402],[-137.861419,60.840593],[-137.859746,60.839929],[-137.85831,60.839196],[-137.85704,60.83863],[-137.855819,60.838264],[-137.854775,60.837748],[-137.854346,60.837307],[-137.854071,60.836567],[-137.853654,60.83581]]}},{"type":"Feature","properties":{"FaultName":"Decoeli Mountain","Change":"Added","QfaultID":0,"Feature":"Range-front slope-breaks, scarps, and scarps in colluvium","SlipSense1":"Thrust","SlipSense2":"Up-to-the-south"},"geometry":{"type":"LineString","coordinates":[[-137.802283,60.813852],[-137.801557,60.813551],[-137.800713,60.813358],[-137.800017,60.813122],[-137.798833,60.812613],[-137.798033,60.812334],[-137.796819,60.811883],[-137.796286,60.811696],[-137.795605,60.81131],[-137.79482,60.81088],[-137.794095,60.810457],[-137.793487,60.81017],[-137.79291,60.809948],[-137.791977,60.809317],[-137.791311,60.808902],[-137.79097,60.808586],[-137.790733,60.808314],[-137.790318,60.80802]]}},{"type":"Feature","properties":{"FaultName":"Decoeli Mountain","Change":"Added","QfaultID":0,"Feature":"Range-front slope-breaks, scarps, and scarps in colluvium","SlipSense1":"Thrust","SlipSense2":"Up-to-the-south"},"geometry":{"type":"LineString","coordinates":[[-137.782851,60.800999],[-137.782318,60.800179],[-137.781879,60.79937],[-137.781321,60.798498],[-137.780408,60.797145],[-137.779579,60.796313],[-137.778711,60.793404],[-137.777905,60.791942],[-137.777123,60.791018],[-137.776472,60.790623],[-137.776116,60.790336],[-137.776317,60.790043]]}},{"type":"Feature","properties":{"FaultName":"Decoeli Mountain","Change":"Added","QfaultID":0,"Feature":"Range-front slope-breaks, scarps, and scarps in colluvium","SlipSense1":"Thrust","SlipSense2":"Up-to-the-south"},"geometry":{"type":"LineString","coordinates":[[-137.779343,60.798728],[-137.778987,60.798198],[-137.778602,60.797725],[-137.778202,60.797158],[-137.778009,60.796678],[-137.777757,60.796068],[-137.777505,60.795581],[-137.777001,60.795093],[-137.776779,60.794548],[-137.776453,60.794204],[-137.776053,60.793882]]}},{"type":"Feature","properties":{"FaultName":"Decoeli Mountain","Change":"Added","QfaultID":0,"Feature":"Range-front slope-breaks, scarps, and scarps in colluvium","SlipSense1":"Thrust","SlipSense2":"Up-to-the-south"},"geometry":{"type":"LineString","coordinates":[[-137.841031,60.836903],[-137.840532,60.836502],[-137.840152,60.836066],[-137.839867,60.835837],[-137.839297,60.835476],[-137.838739,60.835092],[-137.838276,60.834914],[-137.837743,60.834777],[-137.837636,60.834496]]}},{"type":"Feature","properties":{"FaultName":"Decoeli Mountain","Change":"Added","QfaultID":0,"Feature":"Range-front slope-breaks, scarps, and scarps in colluvium","SlipSense1":"Thrust","SlipSense2":"Up-to-the-south"},"geometry":{"type":"LineString","coordinates":[[-137.837401,60.835248],[-137.837306,60.834992],[-137.837038,60.834729],[-137.836658,60.834488],[-137.836136,60.83423],[-137.83597,60.834064],[-137.83575,60.833904],[-137.835448,60.833758]]}},{"type":"Feature","properties":{"FaultName":"Decoeli Mountain","Change":"Added","QfaultID":0,"Feature":"Range-front slope-breaks, scarps, and scarps in colluvium","SlipSense1":"Thrust","SlipSense2":"Up-to-the-south"},"geometry":{"type":"LineString","coordinates":[[-137.855762,60.852797],[-137.854848,60.852614],[-137.854385,60.852339],[-137.853874,60.851961],[-137.853862,60.851789],[-137.85315,60.851606]]}},{"type":"Feature","properties":{"FaultName":"Decoeli Mountain","Change":"Added","QfaultID":0,"Feature":"Range-front slope-breaks, scarps, and scarps in colluvium","SlipSense1":"Thrust","SlipSense2":"Up-to-the-south"},"geometry":{"type":"LineString","coordinates":[[-137.850718,60.850948],[-137.850576,60.850736],[-137.850278,60.850433],[-137.850052,60.850186],[-137.849826,60.850037],[-137.849837,60.849819],[-137.849398,60.849596],[-137.848829,60.84943]]}},{"type":"Feature","properties":{"FaultName":"Decoeli Mountain","Change":"Added","QfaultID":0,"Feature":"Range-front slope-breaks, scarps, and scarps in colluvium","SlipSense1":"Thrust","SlipSense2":"Up-to-the-south"},"geometry":{"type":"LineString","coordinates":[[-137.848026,60.849484],[-137.847835,60.849149],[-137.847426,60.848691],[-137.847093,60.848397],[-137.846722,60.848177],[-137.846408,60.847847],[-137.846199,60.847549],[-137.845715,60.847315],[-137.845173,60.846958],[-137.844878,60.846591],[-137.844772,60.846169],[-137.844923,60.845875]]}},{"type":"Feature","properties":{"FaultName":"Decoeli Mountain","Change":"Added","QfaultID":0,"Feature":"Range-front slope-breaks, scarps, and scarps in colluvium","SlipSense1":"Thrust","SlipSense2":"Up-to-the-south"},"geometry":{"type":"LineString","coordinates":[[-137.845204,60.847605],[-137.844168,60.846954],[-137.843219,60.846528],[-137.842479,60.846244],[-137.841909,60.845941],[-137.841226,60.845625],[-137.840608,60.845103],[-137.840142,60.844676]]}},{"type":"Feature","properties":{"FaultName":"Decoeli Mountain","Change":"Added","QfaultID":0,"Feature":"Range-front slope-breaks, scarps, and scarps in colluvium","SlipSense1":"Thrust","SlipSense2":"Up-to-the-south"},"geometry":{"type":"LineString","coordinates":[[-138.001233,60.87945],[-138.000013,60.878879],[-137.998987,60.878544],[-137.997694,60.878116],[-137.996088,60.87756],[-137.995018,60.877189],[-137.993755,60.876826],[-137.991692,60.87655],[-137.988793,60.875566],[-137.987276,60.874837],[-137.985108,60.874396],[-137.983949,60.874076],[-137.97865,60.87311],[-137.97623,60.872548],[-137.972239,60.871981],[-137.969833,60.87139],[-137.965928,60.870407],[-137.963863,60.869643],[-137.959465,60.868145],[-137.95743,60.867445],[-137.956122,60.866924],[-137.954251,60.866396],[-137.953061,60.865767],[-137.951918,60.865417]]}},{"type":"Feature","properties":{"FaultName":"Kaltag","Change":"Revised","QfaultID":5134,"Feature":"Parallel scarps, linear slope breaks, and linear swales","SlipSense1":"Strike-slip","SlipSense2":"Right-lateral"},"geometry":{"type":"LineString","coordinates":[[-159.627509,64.098705],[-159.622928,64.099649],[-159.618842,64.100737],[-159.617444,64.101237],[-159.614819,64.102149],[-159.611366,64.103132],[-159.610262,64.103703],[-159.608128,64.103781],[-159.604752,64.10468],[-159.600549,64.106139],[-159.598223,64.106673],[-159.596361,64.10719],[-159.593843,64.108179],[-159.591038,64.109138],[-159.588488,64.109965],[-159.585134,64.110984],[-159.582297,64.111781],[-159.579499,64.11278],[-159.577404,64.113061],[-159.575116,64.113797]]}},{"type":"Feature","properties":{"FaultName":"Kaltag","Change":"Revised","QfaultID":5134,"Feature":"Parallel scarps, linear slope breaks, and linear swales","SlipSense1":"Strike-slip","SlipSense2":"Right-lateral"},"geometry":{"type":"LineString","coordinates":[[-159.57424,64.112647],[-159.570816,64.113792],[-159.568674,64.114318],[-159.567475,64.114403],[-159.566145,64.114778],[-159.564221,64.115459],[-159.562999,64.115911],[-159.561151,64.116509],[-159.559187,64.116988],[-159.557246,64.117589],[-159.554602,64.118419],[-159.553588,64.118496],[-159.550789,64.119495],[-159.548097,64.120082],[-159.546001,64.120851],[-159.542142,64.121685],[-159.539589,64.122511],[-159.537678,64.123273],[-159.535149,64.123732],[-159.534011,64.12414],[-159.533145,64.124497],[-159.529292,64.12586],[-159.526923,64.126228],[-159.525378,64.126712],[-159.52239,64.127784],[-159.517911,64.129195],[-159.513344,64.129718],[-159.510138,64.130512],[-159.508742,64.131775],[-159.505678,64.133313],[-159.502675,64.134742],[-159.498689,64.135742],[-159.4962,64.136439],[-159.493665,64.137315],[-159.491643,64.138339],[-159.488871,64.139096],[-159.485271,64.140279],[-159.48382,64.14083],[-159.4819,64.141506],[-159.480049,64.142108],[-159.478496,64.142556],[-159.476101,64.14332],[-159.472988,64.144181],[-159.470349,64.144954],[-159.467629,64.14573],[-159.464827,64.146508],[-159.461734,64.147475],[-159.460404,64.147808],[-159.458769,64.14826],[-159.456516,64.148911],[-159.454094,64.149533]]}},{"type":"Feature","properties":{"FaultName":"Kaltag","Change":"Revised","QfaultID":5134,"Feature":"Parallel scarps, linear slope breaks, and linear swales","SlipSense1":"Strike-slip","SlipSense2":"Right-lateral"},"geometry":{"type":"LineString","coordinates":[[-159.571152,64.114516],[-159.57034,64.114902],[-159.56942,64.115442],[-159.568027,64.115998]]}},{"type":"Feature","properties":{"FaultName":"Kaltag","Change":"Revised","QfaultID":5134,"Feature":"Parallel scarps, linear slope breaks, and linear swales","SlipSense1":"Strike-slip","SlipSense2":"Right-lateral"},"geometry":{"type":"LineString","coordinates":[[-159.565804,64.116496],[-159.564642,64.117192],[-159.563937,64.117426],[-159.562103,64.11782],[-159.561099,64.118273],[-159.559654,64.118564],[-159.558345,64.11885],[-159.557199,64.118921]]}},{"type":"Feature","properties":{"FaultName":"Kaltag","Change":"Revised","QfaultID":5134,"Feature":"Parallel scarps, linear slope breaks, and linear swales","SlipSense1":"Strike-slip","SlipSense2":"Right-lateral"},"geometry":{"type":"LineString","coordinates":[[-159.39688,64.166918],[-159.394381,64.167577],[-159.391297,64.168186],[-159.388236,64.168473],[-159.385018,64.168801],[-159.383103,64.169082],[-159.379623,64.170204],[-159.376368,64.171211],[-159.37375,64.172123],[-159.372126,64.172645],[-159.370215,64.17339],[-159.367069,64.174107],[-159.364988,64.174822],[-159.36104,64.175639],[-159.357874,64.17625],[-159.355304,64.176982],[-159.345641,64.17882],[-159.342201,64.179725],[-159.341133,64.180155],[-159.338223,64.180828],[-159.335263,64.182114],[-159.333346,64.182835],[-159.332659,64.183186],[-159.329821,64.183732],[-159.328802,64.183767],[-159.327743,64.183953],[-159.326032,64.18431],[-159.324875,64.184707],[-159.320798,64.185206],[-159.319698,64.185542],[-159.319171,64.185649],[-159.318338,64.185946],[-159.317061,64.186436],[-159.315472,64.187086],[-159.312954,64.187887],[-159.307426,64.189418],[-159.304902,64.190189],[-159.304451,64.19071],[-159.303177,64.190844],[-159.301199,64.191239],[-159.300658,64.191645],[-159.299625,64.191978],[-159.298321,64.19232],[-159.296155,64.192812],[-159.291441,64.194313],[-159.288894,64.194966],[-159.286013,64.19566],[-159.283953,64.196356],[-159.281412,64.197039],[-159.279998,64.197533],[-159.279367,64.197823],[-159.278962,64.198223],[-159.278133,64.198549],[-159.277198,64.198671],[-159.275956,64.198981],[-159.274363,64.199244],[-159.272623,64.199453],[-159.271307,64.199736],[-159.270671,64.199996],[-159.269595,64.200093],[-159.26891,64.200087],[-159.267621,64.200518],[-159.266376,64.200442],[-159.265628,64.201211],[-159.264766,64.201359],[-159.263393,64.201704],[-159.26246,64.202212],[-159.261581,64.203015],[-159.260466,64.203648],[-159.258967,64.204056],[-159.257757,64.204544],[-159.256305,64.204832],[-159.255706,64.205298],[-159.254129,64.20565],[-159.252976,64.206076],[-159.251922,64.206677],[-159.250302,64.206792],[-159.249065,64.207132],[-159.247373,64.207606],[-159.24614,64.207975],[-159.244533,64.208536],[-159.242925,64.209097],[-159.242084,64.209363],[-159.240177,64.209785],[-159.237514,64.210561],[-159.236763,64.210943],[-159.235603,64.211339],[-159.234909,64.21166],[-159.234256,64.211832],[-159.233671,64.212],[-159.233464,64.212364],[-159.232231,64.212733],[-159.229693,64.213444]]}},{"type":"Feature","properties":{"FaultName":"Kaltag","Change":"Revised","QfaultID":5134,"Feature":"Parallel scarps, linear slope breaks, and linear swales","SlipSense1":"Strike-slip","SlipSense2":"Right-lateral"},"geometry":{"type":"LineString","coordinates":[[-159.225186,64.214996],[-159.223133,64.21575],[-159.22177,64.216153],[-159.220417,64.216615],[-159.219837,64.216814],[-159.217448,64.217222],[-159.214961,64.217842],[-159.213251,64.218228],[-159.209275,64.219315],[-159.207925,64.21942],[-159.207052,64.219509],[-159.205108,64.220111],[-159.204005,64.220445],[-159.202792,64.220546],[-159.201961,64.220872],[-159.200995,64.221202],[-159.200169,64.221557],[-159.199725,64.22175],[-159.199181,64.221769],[-159.198282,64.222097],[-159.197462,64.222481],[-159.196678,64.222686],[-159.195763,64.222926],[-159.195079,64.223306],[-159.193996,64.223372],[-159.193004,64.223941],[-159.1921,64.224239],[-159.191609,64.224553],[-159.190616,64.224735]]}},{"type":"Feature","properties":{"FaultName":"Kaltag","Change":"Revised","QfaultID":5134,"Feature":"Parallel scarps, linear slope breaks, and linear swales","SlipSense1":"Strike-slip","SlipSense2":"Right-lateral"},"geometry":{"type":"LineString","coordinates":[[-159.189074,64.225293],[-159.188104,64.225683],[-159.187037,64.225838],[-159.186071,64.226251],[-159.18531,64.226586],[-159.184281,64.226954],[-159.181495,64.227595],[-159.179872,64.228007],[-159.178299,64.228393],[-159.176274,64.229009],[-159.175104,64.2295]]}},{"type":"Feature","properties":{"FaultName":"Kaltag","Change":"Revised","QfaultID":5134,"Feature":"Parallel scarps, linear slope breaks, and linear swales","SlipSense1":"Strike-slip","SlipSense2":"Right-lateral"},"geometry":{"type":"LineString","coordinates":[[-159.186089,64.225623],[-159.185015,64.225859],[-159.184056,64.226006],[-159.183378,64.226072],[-159.182987,64.22627],[-159.182415,64.226561],[-159.181848,64.22688],[-159.181301,64.226941],[-159.180226,64.227177],[-159.17929,64.227452],[-159.178578,64.22769],[-159.177827,64.227901],[-159.176738,64.228237],[-159.176372,64.228392],[-159.175565,64.228477]]}},{"type":"Feature","properties":{"FaultName":"Kaltag","Change":"Revised","QfaultID":5134,"Feature":"Parallel scarps, linear slope breaks, and linear swales","SlipSense1":"Strike-slip","SlipSense2":"Right-lateral"},"geometry":{"type":"LineString","coordinates":[[-159.173834,64.22999],[-159.172611,64.230132],[-159.172026,64.230351],[-159.171328,64.230489],[-159.170063,64.23076],[-159.169392,64.230869],[-159.167803,64.231165],[-159.16668,64.231317],[-159.165854,64.231473],[-159.164948,64.231732],[-159.164345,64.231853],[-159.163655,64.232033],[-159.162999,64.232226],[-159.162547,64.23227],[-159.161686,64.232413],[-159.16086,64.23257],[-159.160174,64.232778],[-159.159363,64.232834]]}},{"type":"Feature","properties":{"FaultName":"Kaltag","Change":"Revised","QfaultID":5134,"Feature":"Parallel scarps, linear slope breaks, and linear swales","SlipSense1":"Strike-slip","SlipSense2":"Right-lateral"},"geometry":{"type":"LineString","coordinates":[[-159.153487,64.236133],[-159.151431,64.236274],[-159.150631,64.236396]]}},{"type":"Feature","properties":{"FaultName":"Kaltag","Change":"Revised","QfaultID":5134,"Feature":"Parallel scarps, linear slope breaks, and linear swales","SlipSense1":"Strike-slip","SlipSense2":"Right-lateral"},"geometry":{"type":"LineString","coordinates":[[-159.150856,64.236797],[-159.149972,64.236751],[-159.148441,64.237012],[-159.145969,64.237399],[-159.143223,64.237967],[-159.141371,64.238391],[-159.139703,64.238866],[-159.138511,64.239058],[-159.137385,64.239381]]}},{"type":"Feature","properties":{"FaultName":"Kaltag","Change":"Revised","QfaultID":5134,"Feature":"Parallel scarps, linear slope breaks, and linear swales","SlipSense1":"Strike-slip","SlipSense2":"Right-lateral"},"geometry":{"type":"LineString","coordinates":[[-159.02289,64.273489],[-159.022067,64.273801],[-159.021006,64.274003],[-159.020431,64.274164],[-159.019931,64.274442],[-159.018869,64.274643],[-159.017229,64.274982],[-159.016713,64.275166],[-159.015852,64.275574],[-159.015092,64.275932],[-159.014051,64.276252],[-159.012368,64.276663],[-159.01126,64.276914],[-159.010219,64.277233],[-159.008944,64.277465],[-159.006447,64.277927],[-159.005503,64.278172],[-159.004328,64.278353],[-159.002536,64.278768],[-159.001083,64.279244],[-158.999538,64.279817],[-158.998589,64.280039],[-158.997594,64.280309],[-158.996024,64.28074],[-158.994474,64.28129],[-158.992825,64.281582],[-158.991204,64.282039],[-158.988688,64.283024],[-158.987118,64.283456]]}},{"type":"Feature","properties":{"FaultName":"Kaltag","Change":"Revised","QfaultID":5134,"Feature":"Parallel scarps, linear slope breaks, and linear swales","SlipSense1":"Strike-slip","SlipSense2":"Right-lateral"},"geometry":{"type":"LineString","coordinates":[[-158.984348,64.283927],[-158.983369,64.284291],[-158.982832,64.284356],[-158.982222,64.284638],[-158.981377,64.285141],[-158.980226,64.285464],[-158.978883,64.285626],[-158.976456,64.286181],[-158.974038,64.286782],[-158.972953,64.287174],[-158.972213,64.28765],[-158.971456,64.288031],[-158.969994,64.288459],[-158.96891,64.288851],[-158.966762,64.289753],[-158.965232,64.29042],[-158.962724,64.291144],[-158.958856,64.291935],[-158.957596,64.292261],[-158.955865,64.292721],[-158.954881,64.293062],[-158.954322,64.293318],[-158.953528,64.293486],[-158.952524,64.293709],[-158.951755,64.294019],[-158.951036,64.294304],[-158.950401,64.294443],[-158.949662,64.29461],[-158.947161,64.29538],[-158.946379,64.295619],[-158.945472,64.295767],[-158.944426,64.296063],[-158.943484,64.296331],[-158.942729,64.296403],[-158.941896,64.296667],[-158.94127,64.296854],[-158.940769,64.297132],[-158.938815,64.297575],[-158.937092,64.298082],[-158.935663,64.29839],[-158.934562,64.298687],[-158.931834,64.299417],[-158.930834,64.299663],[-158.93011,64.299924],[-158.929399,64.300256],[-158.927259,64.300895],[-158.924185,64.30185]]}},{"type":"Feature","properties":{"FaultName":"Kaltag","Change":"Revised","QfaultID":5134,"Feature":"Parallel scarps, linear slope breaks, and linear swales","SlipSense1":"Strike-slip","SlipSense2":"Right-lateral"},"geometry":{"type":"LineString","coordinates":[[-158.876771,64.314647],[-158.873493,64.316035],[-158.870977,64.316734],[-158.868217,64.317297],[-158.866174,64.317552],[-158.864187,64.318138],[-158.86216,64.318488],[-158.860578,64.318871],[-158.857568,64.319251],[-158.853593,64.320423],[-158.849514,64.32098],[-158.846832,64.321351],[-158.843533,64.321978],[-158.840344,64.322602],[-158.837333,64.322982],[-158.834237,64.323508],[-158.831351,64.323979],[-158.827943,64.324609],[-158.825603,64.325064],[-158.822522,64.325684],[-158.82083,64.32607],[-158.819161,64.326597],[-158.816618,64.327153],[-158.814801,64.327448],[-158.812468,64.327949],[-158.809168,64.328575],[-158.805735,64.329063],[-158.803715,64.32946],[-158.800665,64.330268],[-158.79823,64.33082],[-158.790923,64.332002],[-158.788919,64.332332],[-158.78746,64.332645],[-158.784412,64.333305],[-158.782935,64.333915],[-158.781355,64.334321],[-158.780248,64.334683]]}},{"type":"Feature","properties":{"FaultName":"Kaltag","Change":"Revised","QfaultID":5134,"Feature":"Parallel scarps, linear slope breaks, and linear swales","SlipSense1":"Strike-slip","SlipSense2":"Right-lateral"},"geometry":{"type":"LineString","coordinates":[[-157.878629,64.419185],[-157.871431,64.420118],[-157.861432,64.420972],[-157.85035,64.421551],[-157.836198,64.422657],[-157.827261,64.423632],[-157.817339,64.425082],[-157.810466,64.425855],[-157.794285,64.427459],[-157.778797,64.429044],[-157.768694,64.429141],[-157.757973,64.429855],[-157.753105,64.429974],[-157.747135,64.429668],[-157.743041,64.43037],[-157.737594,64.431405],[-157.732804,64.432123],[-157.724555,64.433075],[-157.702472,64.434963],[-157.657891,64.438286],[-157.648904,64.438951],[-157.64268,64.439399],[-157.637229,64.440431],[-157.628646,64.441536],[-157.622864,64.442726],[-157.615033,64.444264],[-157.608168,64.445177],[-157.601557,64.445332],[-157.591504,64.445868],[-157.586359,64.44659],[-157.579277,64.44856],[-157.569447,64.450895],[-157.565731,64.451884],[-157.551647,64.453714],[-157.537635,64.456143],[-157.529373,64.457085],[-157.516677,64.45888],[-157.503631,64.460681],[-157.496081,64.461756],[-157.490968,64.462774],[-157.48481,64.463816],[-157.479605,64.464085],[-157.472787,64.465442],[-157.460413,64.467075],[-157.452218,64.468612],[-157.438557,64.471175],[-157.419579,64.473101],[-157.407414,64.47653],[-157.395782,64.478592],[-157.385525,64.480473],[-157.369832,64.483675],[-157.362673,64.485185],[-157.356245,64.48698],[-157.350165,64.488767],[-157.342585,64.489684],[-157.336695,64.490308],[-157.330622,64.491579],[-157.324059,64.493202],[-157.320032,64.493858],[-157.313561,64.495137],[-157.304884,64.496805],[-157.301522,64.497504],[-157.299396,64.497435],[-157.297989,64.497864],[-157.295459,64.498887],[-157.293952,64.499603],[-157.291099,64.50012],[-157.285795,64.501202],[-157.284348,64.501289],[-157.282274,64.501676],[-157.279704,64.502357],[-157.276856,64.50293],[-157.273844,64.503222],[-157.272126,64.503259],[-157.270058,64.503701],[-157.267971,64.503974],[-157.267349,64.504329],[-157.265539,64.504709],[-157.264111,64.504967],[-157.262169,64.50535],[-157.259334,64.506037],[-157.25431,64.507282],[-157.25209,64.507557],[-157.249645,64.508178],[-157.247979,64.508669],[-157.24657,64.509098],[-157.242645,64.509522],[-157.24018,64.509973],[-157.23852,64.510521],[-157.23667,64.51056],[-157.234588,64.510888],[-157.232909,64.511265],[-157.23121,64.511472],[-157.22965,64.511732],[-157.228096,64.51205],[-157.226423,64.512484],[-157.224605,64.512806],[-157.221524,64.513669],[-157.219347,64.514341],[-157.216591,64.514569],[-157.214609,64.51461],[-157.213281,64.514581],[-157.211601,64.514958],[-157.210192,64.515386],[-157.208506,64.515706],[-157.207619,64.516066],[-157.206851,64.51631],[-157.205536,64.516395],[-157.203624,64.517061],[-157.200345,64.517357],[-157.198149,64.517858],[-157.196997,64.518224],[-157.195462,64.518712],[-157.194002,64.518685],[-157.191887,64.518729],[-157.190616,64.519211],[-157.189458,64.51952],[-157.188168,64.519831],[-157.18662,64.520205],[-157.183856,64.520376],[-157.183655,64.52095],[-157.181862,64.5215],[-157.180345,64.522158],[-157.17801,64.522605],[-157.175995,64.522738],[-157.173936,64.522839],[-157.172159,64.522995],[-157.169917,64.523308],[-157.168828,64.523449],[-157.168035,64.523762],[-157.166756,64.524055],[-157.165749,64.524313],[-157.165126,64.524296],[-157.164254,64.524522],[-157.163516,64.524715],[-157.160978,64.524856],[-157.157906,64.525157],[-157.15624,64.525072],[-157.154154,64.52556],[-157.152728,64.525767]]}},{"type":"Feature","properties":{"FaultName":"Kaltag","Change":"Revised","QfaultID":5134,"Feature":"Parallel scarps, linear slope breaks, and linear swales","SlipSense1":"Strike-slip","SlipSense2":"Right-lateral"},"geometry":{"type":"LineString","coordinates":[[-157.143033,64.527359],[-157.141331,64.527572],[-157.140741,64.527851],[-157.140298,64.528216],[-157.139231,64.528564],[-157.138552,64.528667],[-157.137801,64.528742],[-157.137824,64.528949],[-157.136735,64.52909],[-157.135781,64.529198],[-157.134971,64.529363],[-157.133534,64.529481],[-157.132396,64.529801],[-157.131811,64.530139],[-157.131047,64.530096],[-157.12983,64.530328],[-157.128672,64.53047],[-157.126767,64.530717],[-157.125408,64.530922],[-157.124818,64.531201],[-157.123836,64.531696],[-157.123105,64.531948],[-157.121828,64.532271],[-157.120696,64.53265]]}},{"type":"Feature","properties":{"FaultName":"Kaltag","Change":"Revised","QfaultID":5134,"Feature":"Parallel scarps, linear slope breaks, and linear swales","SlipSense1":"Strike-slip","SlipSense2":"Right-lateral"},"geometry":{"type":"LineString","coordinates":[[-157.002355,64.556363],[-156.999381,64.556985],[-156.997998,64.557635],[-156.99577,64.558123],[-156.992714,64.558628],[-156.990118,64.558915],[-156.988977,64.559234],[-156.987848,64.559671],[-156.986093,64.560061],[-156.983579,64.560466],[-156.981522,64.560624],[-156.979619,64.560928],[-156.977801,64.561379],[-156.976518,64.56167]]}},{"type":"Feature","properties":{"FaultName":"Kaltag","Change":"Revised","QfaultID":5134,"Feature":"Parallel scarps, linear slope breaks, and linear swales","SlipSense1":"Strike-slip","SlipSense2":"Right-lateral"},"geometry":{"type":"LineString","coordinates":[[-156.946168,64.566857],[-156.945018,64.567496],[-156.944726,64.567882],[-156.944583,64.568644],[-156.944296,64.569077],[-156.943654,64.569279],[-156.942565,64.569442],[-156.941351,64.569465],[-156.940156,64.569678],[-156.939072,64.569888],[-156.935589,64.570429],[-156.933391,64.570566],[-156.930023,64.571152],[-156.925499,64.57233],[-156.923269,64.573226],[-156.921618,64.573305],[-156.919439,64.573631],[-156.918139,64.573893],[-156.916296,64.57426],[-156.914123,64.574633],[-156.912707,64.57485],[-156.911079,64.575154],[-156.909903,64.575556],[-156.908864,64.57567],[-156.907245,64.576057],[-156.905706,64.576157],[-156.904958,64.576408],[-156.904267,64.576682],[-156.903064,64.576824],[-156.901814,64.577037],[-156.900852,64.577364],[-156.899873,64.577524],[-156.898166,64.577604],[-156.897518,64.577758],[-156.896054,64.578047],[-156.89459,64.578336],[-156.893501,64.578498],[-156.892346,64.578567],[-156.8914,64.578514],[-156.890628,64.578528],[-156.890323,64.578795],[-156.889298,64.579052],[-156.88738,64.57923],[-156.88606,64.579302],[-156.885825,64.57971],[-156.885254,64.580077],[-156.88421,64.580144],[-156.883069,64.580355],[-156.88226,64.58056],[-156.881583,64.580976],[-156.881231,64.581315],[-156.880126,64.581335],[-156.87927,64.581067],[-156.877884,64.581045],[-156.877236,64.581199],[-156.876783,64.581635],[-156.875736,64.581678],[-156.874248,64.58173],[-156.873859,64.582259],[-156.873114,64.582558],[-156.872077,64.583242],[-156.870908,64.583714],[-156.868656,64.583329],[-156.867285,64.583449],[-156.865989,64.583758],[-156.864448,64.583834],[-156.863922,64.584105],[-156.86395,64.584389],[-156.863381,64.58478],[-156.861498,64.585313],[-156.858973,64.587164],[-156.85753,64.587665],[-156.85021,64.588734],[-156.846847,64.589686],[-156.842987,64.589816],[-156.841042,64.589733],[-156.835364,64.589659],[-156.828781,64.58883],[-156.826854,64.588925],[-156.824524,64.589146],[-156.8225,64.589657],[-156.819653,64.590243],[-156.815482,64.590023],[-156.810931,64.590165],[-156.806566,64.590778],[-156.801262,64.591705],[-156.793566,64.593624]]}},{"type":"Feature","properties":{"FaultName":"Kaltag","Change":"Revised","QfaultID":5134,"Feature":"Parallel scarps, linear slope breaks, and linear swales","SlipSense1":"Strike-slip","SlipSense2":"Right-lateral"},"geometry":{"type":"LineString","coordinates":[[-155.640883,64.76641],[-155.639567,64.766744],[-155.638082,64.767044],[-155.63676,64.767272],[-155.635519,64.767463],[-155.634704,64.767792],[-155.633477,64.768232],[-155.63281,64.768239],[-155.632228,64.76828],[-155.631825,64.768534],[-155.630759,64.768865],[-155.630006,64.768838],[-155.629005,64.768848],[-155.627933,64.769073],[-155.627109,64.769259],[-155.625777,64.769309],[-155.624184,64.769183],[-155.622855,64.769304],[-155.621533,64.769531],[-155.620385,64.769899],[-155.619736,64.770226],[-155.617996,64.770458],[-155.615282,64.771162],[-155.613302,64.771574],[-155.612226,64.771728],[-155.611157,64.772024],[-155.609082,64.772223],[-155.60759,64.772416],[-155.60643,64.772571],[-155.604508,64.772519],[-155.603083,64.772427],[-155.601701,64.773082],[-155.600627,64.773271],[-155.599052,64.773465],[-155.597987,64.773832],[-155.596756,64.774201],[-155.595443,64.774606],[-155.59444,64.774581],[-155.593031,64.774773],[-155.591967,64.77514],[-155.5909,64.775471],[-155.589491,64.775663],[-155.588669,64.775885],[-155.587018,64.776222],[-155.585453,64.776594],[-155.584616,64.776567],[-155.583299,64.776901],[-155.581646,64.777203],[-155.579731,64.777293],[-155.578017,64.777987],[-155.576719,64.778676],[-155.57258,64.778983],[-155.565747,64.780238],[-155.562775,64.780838],[-155.560239,64.78129],[-155.555059,64.782244],[-155.55208,64.782748]]}},{"type":"Feature","properties":{"FaultName":"Kaltag","Change":"Revised","QfaultID":5134,"Feature":"Parallel scarps, linear slope breaks, and linear swales","SlipSense1":"Strike-slip","SlipSense2":"Right-lateral"},"geometry":{"type":"LineString","coordinates":[[-155.492964,64.793387],[-155.490545,64.79398],[-155.48934,64.794371],[-155.486913,64.794821],[-155.485253,64.795027],[-155.483163,64.795521],[-155.480964,64.796064],[-155.479848,64.796027],[-155.478101,64.796708],[-155.475674,64.797159],[-155.474138,64.7976],[-155.473135,64.79761],[-155.470815,64.797964],[-155.467516,64.798802],[-155.465205,64.799345],[-155.462686,64.800176],[-155.460696,64.800479],[-155.458377,64.800881],[-155.456365,64.800757],[-155.453378,64.801165],[-155.451389,64.801468],[-155.449426,64.802293],[-155.447455,64.802976],[-155.445366,64.803517],[-155.441945,64.804166],[-155.438321,64.805196],[-155.43689,64.805497],[-155.436062,64.805653],[-155.434685,64.805962],[-155.43289,64.806275],[-155.4313,64.806498],[-155.430755,64.80674],[-155.429503,64.806781],[-155.42875,64.807025],[-155.427238,64.807425],[-155.426696,64.807726],[-155.42525,64.808066],[-155.42386,64.808108],[-155.422889,64.808206],[-155.422196,64.808272],[-155.420813,64.808462],[-155.418951,64.808835],[-155.41738,64.809443],[-155.416079,64.809899],[-155.414647,64.810505],[-155.41341,64.810843],[-155.411681,64.811096],[-155.410932,64.811429],[-155.408104,64.811988],[-155.406655,64.812269],[-155.405276,64.812548],[-155.403622,64.812919],[-155.402726,64.813105],[-155.399128,64.813627],[-155.396648,64.814184],[-155.394907,64.814484],[-155.393572,64.814531],[-155.392169,64.8149],[-155.391095,64.815159],[-155.389842,64.81517],[-155.388268,64.815469],[-155.386282,64.815878],[-155.38554,64.816098],[-155.383798,64.816363],[-155.382635,64.816515],[-155.381559,64.816738],[-155.379818,64.817039],[-155.378072,64.817232],[-155.376499,64.817566],[-155.374758,64.817866],[-155.371692,64.818427],[-155.362485,64.819932],[-155.360827,64.820231],[-155.359505,64.820563],[-155.357602,64.820971],[-155.355928,64.821195],[-155.355005,64.821428],[-155.354061,64.821508],[-155.352956,64.821707],[-155.352243,64.821951],[-155.351523,64.822052],[-155.350249,64.822229],[-155.348764,64.822645],[-155.34755,64.822893],[-155.346502,64.823139],[-155.345338,64.823268],[-155.344344,64.823467],[-155.343359,64.823855],[-155.342086,64.824055],[-155.340042,64.824453],[-155.338891,64.824866],[-155.338227,64.824967],[-155.337524,64.825423]]}},{"type":"Feature","properties":{"FaultName":"Kaltag","Change":"Revised","QfaultID":5134,"Feature":"Parallel scarps, linear slope breaks, and linear swales","SlipSense1":"Strike-slip","SlipSense2":"Right-lateral"},"geometry":{"type":"LineString","coordinates":[[-155.352099,64.821264],[-155.351128,64.821491],[-155.350234,64.821669],[-155.349607,64.821845],[-155.349056,64.82222],[-155.348326,64.822341],[-155.3468,64.822596],[-155.345477,64.82292],[-155.343059,64.823411],[-155.339185,64.824242],[-155.338465,64.824575],[-155.337306,64.824827],[-155.336478,64.824991],[-155.335443,64.825043],[-155.334245,64.825167],[-155.332326,64.82561],[-155.3317,64.825829],[-155.331111,64.826105],[-155.330182,64.826269],[-155.328115,64.826415],[-155.327592,64.826662],[-155.327196,64.826793],[-155.326537,64.826998],[-155.325508,64.827178],[-155.325017,64.82741],[-155.323901,64.827846],[-155.323176,64.82808],[-155.322313,64.828244],[-155.32062,64.828515],[-155.317375,64.82918],[-155.312694,64.830436],[-155.311455,64.830773],[-155.309527,64.831263]]}},{"type":"Feature","properties":{"FaultName":"Kaltag","Change":"Revised","QfaultID":5134,"Feature":"Parallel scarps, linear slope breaks, and linear swales","SlipSense1":"Strike-slip","SlipSense2":"Right-lateral"},"geometry":{"type":"LineString","coordinates":[[-155.304566,64.832511],[-155.30357,64.832686],[-155.302461,64.832814],[-155.301413,64.833083],[-155.300648,64.833422],[-155.299603,64.833739],[-155.298439,64.833891],[-155.297386,64.834019],[-155.295054,64.834251],[-155.293837,64.834475],[-155.292739,64.83484],[-155.291525,64.835135],[-155.290312,64.83543],[-155.287822,64.835854],[-155.286377,64.835961],[-155.28515,64.835971],[-155.284147,64.835979],[-155.282427,64.836183],[-155.281994,64.836471],[-155.28117,64.836739],[-155.27782,64.837124],[-155.276893,64.837582],[-155.276075,64.837993],[-155.274855,64.838145],[-155.273852,64.838177],[-155.272402,64.838189],[-155.271189,64.838483],[-155.269979,64.838873],[-155.269161,64.839283],[-155.268278,64.839504],[-155.265781,64.841019],[-155.264064,64.841294],[-155.26285,64.841588],[-155.26159,64.842097],[-155.260813,64.842198],[-155.257148,64.84256],[-155.252766,64.843117],[-155.250269,64.843422],[-155.247894,64.843963]]}},{"type":"Feature","properties":{"FaultName":"Kaltag","Change":"Revised","QfaultID":5134,"Feature":"Parallel scarps, linear slope breaks, and linear swales","SlipSense1":"Strike-slip","SlipSense2":"Right-lateral"},"geometry":{"type":"LineString","coordinates":[[-155.199991,64.853154],[-155.196122,64.854038],[-155.192252,64.854898],[-155.190044,64.855485],[-155.183582,64.857076],[-155.178601,64.858087],[-155.173619,64.859073],[-155.17174,64.859515],[-155.169805,64.85998],[-155.167482,64.860496],[-155.16621,64.860766],[-155.163383,64.861238],[-155.161831,64.861511],[-155.160945,64.861683],[-155.155237,64.862699],[-155.154355,64.862966],[-155.153636,64.863138],[-155.152367,64.863503],[-155.151037,64.863726],[-155.149541,64.863998],[-155.148268,64.864269],[-155.147209,64.864324],[-155.146327,64.864591],[-155.145435,64.864622],[-155.144659,64.86477],[-155.143161,64.864994],[-155.142273,64.865119],[-155.141219,64.865293]]}},{"type":"Feature","properties":{"FaultName":"Kaltag","Change":"Revised","QfaultID":5134,"Feature":"Parallel scarps, linear slope breaks, and linear swales","SlipSense1":"Strike-slip","SlipSense2":"Right-lateral"},"geometry":{"type":"LineString","coordinates":[[-155.137831,64.866409],[-155.136141,64.86673],[-155.134584,64.866872],[-155.132115,64.86727],[-155.131621,64.867475],[-155.130344,64.867638],[-155.129764,64.867809],[-155.129324,64.867966],[-155.128655,64.867995],[-155.127937,64.86819],[-155.127328,64.868325],[-155.125725,64.868728],[-155.124809,64.868841],[-155.123645,64.869075],[-155.122924,64.869187],[-155.122037,64.869336],[-155.120874,64.869581],[-155.11982,64.869767],[-155.118042,64.869981],[-155.117319,64.870058]]}},{"type":"Feature","properties":{"FaultName":"Kaltag","Change":"Revised","QfaultID":5134,"Feature":"Parallel scarps, linear slope breaks, and linear swales","SlipSense1":"Strike-slip","SlipSense2":"Right-lateral"},"geometry":{"type":"LineString","coordinates":[[-154.632624,64.939162],[-154.631711,64.939628],[-154.630626,64.939917],[-154.629962,64.94024],[-154.629212,64.940492],[-154.628458,64.940567],[-154.626198,64.940896],[-154.62528,64.941113],[-154.624025,64.941332],[-154.623356,64.941441],[-154.622519,64.941551],[-154.621431,64.941698],[-154.620092,64.941917],[-154.618923,64.942206],[-154.617417,64.942461],[-154.616161,64.942609],[-154.614911,64.943005],[-154.612819,64.943334],[-154.610728,64.943698],[-154.609387,64.94381],[-154.607373,64.943889],[-154.60536,64.943968],[-154.603597,64.94401],[-154.601921,64.944123],[-154.600247,64.944379],[-154.598488,64.944599],[-154.595058,64.945182],[-154.591038,64.945695],[-154.588858,64.945846],[-154.583987,64.945793],[-154.579539,64.945916],[-154.574336,64.946042],[-154.572319,64.945978],[-154.570893,64.946055],[-154.567543,64.946459],[-154.563941,64.946934],[-154.557577,64.947811],[-154.553724,64.948323],[-154.548861,64.948732],[-154.546101,64.949276]]}},{"type":"Feature","properties":{"FaultName":"Kaltag","Change":"Revised","QfaultID":5134,"Feature":"Parallel scarps, linear slope breaks, and linear swales","SlipSense1":"Strike-slip","SlipSense2":"Right-lateral"},"geometry":{"type":"LineString","coordinates":[[-154.51179,64.956838],[-154.509276,64.957131],[-154.507853,64.957456],[-154.506176,64.957604],[-154.505002,64.957714],[-154.502989,64.957899]]}},{"type":"Feature","properties":{"FaultName":"Kaltag","Change":"Revised","QfaultID":5134,"Feature":"Parallel scarps, linear slope breaks, and linear swales","SlipSense1":"Strike-slip","SlipSense2":"Right-lateral"},"geometry":{"type":"LineString","coordinates":[[-154.476626,64.958729],[-154.474451,64.959305],[-154.473612,64.959343],[-154.47185,64.959455],[-154.47026,64.959851],[-154.468251,64.960249],[-154.46616,64.96086],[-154.465409,64.961147],[-154.464913,64.961611],[-154.464162,64.96197],[-154.461399,64.962547],[-154.458548,64.962876],[-154.457378,64.963235],[-154.456542,64.963487],[-154.4547,64.963884]]}},{"type":"Feature","properties":{"FaultName":"Kaltag","Change":"Revised","QfaultID":5134,"Feature":"Parallel scarps, linear slope breaks, and linear swales","SlipSense1":"Strike-slip","SlipSense2":"Right-lateral"},"geometry":{"type":"LineString","coordinates":[[-154.461866,64.960232],[-154.460027,64.960807],[-154.458436,64.961168],[-154.45567,64.961532],[-154.45358,64.962178],[-154.452071,64.962396],[-154.449231,64.963401]]}},{"type":"Feature","properties":{"FaultName":"Kaltag","Change":"Revised","QfaultID":5134,"Feature":"Parallel scarps, linear slope breaks, and linear swales","SlipSense1":"Strike-slip","SlipSense2":"Right-lateral"},"geometry":{"type":"LineString","coordinates":[[-154.471271,64.962366],[-154.469011,64.962871],[-154.465745,64.963486],[-154.463652,64.96399],[-154.461472,64.96421],[-154.460387,64.964676],[-154.458544,64.965038],[-154.45796,64.965289],[-154.456455,64.965756],[-154.455027,64.965795],[-154.453858,64.966226],[-154.452854,64.966478],[-154.451849,64.96673],[-154.451092,64.966661],[-154.449245,64.966738],[-154.44858,64.967202],[-154.447578,64.967632],[-154.44682,64.967492],[-154.445978,64.967423],[-154.44439,64.967926],[-154.442634,64.968501],[-154.441887,64.969072],[-154.441226,64.969822],[-154.43981,64.970609],[-154.439565,64.971072],[-154.437474,64.971754],[-154.435462,64.972045],[-154.432952,64.972764],[-154.431367,64.973551],[-154.429775,64.973876],[-154.42835,64.974129],[-154.426504,64.974383],[-154.424405,64.974496],[-154.42214,64.974822],[-154.420718,64.975253],[-154.419462,64.975612],[-154.418795,64.97597],[-154.417372,64.976365],[-154.41628,64.976439],[-154.41519,64.976585],[-154.413425,64.976589],[-154.412076,64.976344],[-154.410475,64.976099],[-154.410139,64.976064],[-154.409721,64.976243],[-154.408211,64.976461],[-154.407202,64.976463],[-154.406365,64.976715],[-154.405276,64.976931],[-154.404265,64.976791],[-154.402925,64.977151],[-154.400409,64.977513],[-154.399148,64.977552],[-154.39772,64.977591],[-154.396632,64.977914],[-154.386986,64.979505],[-154.384805,64.97983],[-154.383207,64.979763],[-154.382197,64.97973],[-154.379849,64.980163],[-154.374312,64.980995],[-154.371961,64.981214],[-154.370786,64.981359],[-154.369277,64.981683],[-154.367515,64.981972],[-154.365586,64.982368],[-154.363321,64.982729],[-154.36265,64.982873],[-154.362486,64.983158],[-154.361061,64.983518],[-154.358041,64.984094],[-154.356533,64.984489],[-154.355779,64.984704],[-154.353934,64.985064],[-154.352171,64.985353],[-154.350241,64.985607],[-154.348142,64.98586],[-154.34621,64.986078],[-154.341926,64.986444],[-154.339996,64.986733],[-154.338316,64.986914],[-154.337306,64.98681],[-154.336298,64.986883],[-154.331252,64.986894],[-154.328396,64.987078],[-154.325875,64.987261],[-154.322516,64.987695],[-154.319325,64.988058],[-154.317561,64.988239],[-154.314788,64.988387],[-154.312689,64.988712],[-154.30975,64.989073],[-154.307649,64.989256],[-154.303199,64.989869],[-154.299754,64.990161],[-154.297822,64.990342],[-154.29547,64.990632],[-154.294124,64.990599],[-154.292361,64.990887],[-154.290596,64.991068],[-154.287741,64.991429],[-154.284128,64.991792],[-154.280515,64.992154],[-154.278329,64.992229],[-154.27606,64.992376],[-154.272952,64.992773],[-154.270094,64.992991],[-154.266985,64.993317]]}},{"type":"Feature","properties":{"FaultName":"Kaltag","Change":"Revised","QfaultID":5134,"Feature":"Parallel scarps, linear slope breaks, and linear swales","SlipSense1":"Strike-slip","SlipSense2":"Right-lateral"},"geometry":{"type":"LineString","coordinates":[[-154.254028,64.994317],[-154.251507,64.994648]]}},{"type":"Feature","properties":{"FaultName":"Kaltag","Change":"Revised","QfaultID":5134,"Feature":"Parallel scarps, linear slope breaks, and linear swales","SlipSense1":"Strike-slip","SlipSense2":"Right-lateral"},"geometry":{"type":"LineString","coordinates":[[-154.24051,64.995555],[-154.2375,64.996034],[-154.232318,64.996605],[-154.228604,64.996789],[-154.227484,64.996998],[-154.226434,64.997089],[-154.225382,64.99709],[-154.22412,64.997033],[-154.223912,64.9973],[-154.222231,64.99754],[-154.220831,64.997779],[-154.218099,64.998079],[-154.216421,64.998616],[-154.214812,64.999092],[-154.213062,64.999391],[-154.210613,65.000018],[-154.208864,65.000554],[-154.205993,65.000973],[-154.203752,65.001302],[-154.200671,65.001781],[-154.196749,65.002379],[-154.192827,65.003037]]}},{"type":"Feature","properties":{"FaultName":"Kaltag","Change":"Revised","QfaultID":5134,"Feature":"Parallel scarps, linear slope breaks, and linear swales","SlipSense1":"Strike-slip","SlipSense2":"Right-lateral"},"geometry":{"type":"LineString","coordinates":[[-154.172164,65.006413],[-154.168661,65.006891],[-154.166067,65.007042],[-154.164104,65.007163],[-154.162071,65.007195],[-154.159967,65.007286],[-154.157584,65.007348],[-154.1552,65.007498],[-154.153378,65.007767],[-154.15261,65.008242],[-154.15156,65.008629],[-154.150368,65.008719],[-154.148406,65.008929],[-154.146373,65.009138],[-154.143991,65.009556],[-154.142379,65.009913],[-154.139926,65.010093],[-154.137822,65.010095],[-154.134106,65.010365],[-154.132635,65.010634],[-154.131164,65.01108],[-154.128781,65.011527],[-154.126889,65.011795],[-154.125206,65.011915],[-154.123945,65.012124],[-154.121842,65.012393],[-154.118055,65.012633],[-154.116304,65.013079],[-154.114972,65.013258],[-154.114131,65.013407],[-154.1135,65.013437],[-154.112799,65.013705],[-154.111398,65.014062],[-154.109646,65.014508],[-154.107754,65.014924],[-154.106983,65.015133]]}},{"type":"Feature","properties":{"FaultName":"Kaltag","Change":"Revised","QfaultID":5134,"Feature":"Parallel scarps, linear slope breaks, and linear swales","SlipSense1":"Strike-slip","SlipSense2":"Right-lateral"},"geometry":{"type":"LineString","coordinates":[[-154.187362,65.003696],[-154.185613,65.004291],[-154.183933,65.004738],[-154.183445,65.005065],[-154.181833,65.005245],[-154.180082,65.005544],[-154.178821,65.005753],[-154.177701,65.006051],[-154.175879,65.006201],[-154.17483,65.006617]]}},{"type":"Feature","properties":{"FaultName":"Kaltag","Change":"Revised","QfaultID":5134,"Feature":"Parallel scarps, linear slope breaks, and linear swales","SlipSense1":"Strike-slip","SlipSense2":"Right-lateral"},"geometry":{"type":"LineString","coordinates":[[-153.682358,65.067648],[-153.679968,65.067702],[-153.677436,65.067934],[-153.676166,65.068288],[-153.674343,65.067987],[-153.671386,65.068456],[-153.667306,65.068744],[-153.663929,65.069033],[-153.659849,65.069381],[-153.658156,65.069911],[-153.656607,65.070086],[-153.655202,65.070083],[-153.652104,65.070491],[-153.650276,65.070546],[-153.645071,65.070891],[-153.640285,65.071414],[-153.636625,65.071762],[-153.629727,65.072517],[-153.624519,65.073039],[-153.620157,65.073325],[-153.612697,65.074019],[-153.609597,65.074486],[-153.605092,65.074949],[-153.602135,65.075298],[-153.590034,65.075979],[-153.582715,65.076493],[-153.576524,65.076833],[-153.565684,65.077693],[-153.562447,65.077922],[-153.559488,65.07827],[-153.554416,65.078908],[-153.548786,65.079307],[-153.542875,65.079587],[-153.538649,65.080049],[-153.533721,65.08045],[-153.530762,65.080797],[-153.527237,65.08138],[-153.524696,65.081966],[-153.519483,65.082543],[-153.514549,65.08324],[-153.508632,65.083815],[-153.499477,65.084558],[-153.494967,65.085078],[-153.490742,65.08542],[-153.485535,65.085581],[-153.480602,65.086158],[-153.477642,65.086504],[-153.473555,65.086906],[-153.46581,65.087414],[-153.461722,65.087875],[-153.452987,65.088616],[-153.449605,65.088901],[-153.447346,65.089368],[-153.443258,65.089769],[-153.439313,65.090111],[-153.435789,65.090454],[-153.43142,65.090854],[-153.426769,65.091312],[-153.421836,65.091769],[-153.415638,65.092161],[-153.410988,65.0925],[-153.40662,65.092839],[-153.402529,65.093358],[-153.397732,65.093992],[-153.393783,65.094452],[-153.388846,65.095026],[-153.383775,65.095303],[-153.356697,65.098103],[-153.35345,65.098564],[-153.350347,65.098907],[-153.344002,65.099415],[-153.333716,65.100025],[-153.324689,65.100876],[-153.3182,65.101501]]}},{"type":"Feature","properties":{"FaultName":"Kaltag","Change":"Revised","QfaultID":5134,"Feature":"Parallel scarps, linear slope breaks, and linear swales","SlipSense1":"Strike-slip","SlipSense2":"Right-lateral"},"geometry":{"type":"LineString","coordinates":[[-153.210657,65.107408],[-153.208545,65.107456],[-153.204729,65.107971],[-153.20204,65.108492],[-153.199783,65.108658],[-153.195417,65.108755],[-153.193019,65.108921],[-153.190908,65.10891],[-153.187529,65.108916],[-153.182573,65.108938],[-153.178393,65.109391],[-153.175681,65.109709],[-153.172969,65.110027],[-153.170935,65.110254],[-153.168345,65.11024]]}},{"type":"Feature","properties":{"FaultName":"Kaltag","Change":"Revised","QfaultID":5134,"Feature":"Parallel scarps, linear slope breaks, and linear swales","SlipSense1":"Strike-slip","SlipSense2":"Right-lateral"},"geometry":{"type":"LineString","coordinates":[[-153.151413,65.111527],[-153.147124,65.111836],[-153.145769,65.111923],[-153.14443,65.111536],[-153.142277,65.111952],[-153.140126,65.11232],[-153.13696,65.11273],[-153.135036,65.113004],[-153.132329,65.113132],[-153.131436,65.11289],[-153.129514,65.113116],[-153.127484,65.1132],[-153.124555,65.113231],[-153.121853,65.113169],[-153.120161,65.113254]]}},{"type":"Feature","properties":{"FaultName":"Kaltag","Change":"Revised","QfaultID":5134,"Feature":"Parallel scarps, linear slope breaks, and linear swales","SlipSense1":"Strike-slip","SlipSense2":"Right-lateral"},"geometry":{"type":"LineString","coordinates":[[-153.116107,65.113232],[-153.109236,65.11324],[-153.105069,65.113217]]}},{"type":"Feature","properties":{"FaultName":"Kaltag","Change":"Revised","QfaultID":5134,"Feature":"Parallel scarps, linear slope breaks, and linear swales","SlipSense1":"Strike-slip","SlipSense2":"Right-lateral"},"geometry":{"type":"LineString","coordinates":[[-153.09787,65.112938],[-153.088865,65.112744]]}},{"type":"Feature","properties":{"FaultName":"Kaltag","Change":"Revised","QfaultID":5134,"Feature":"Parallel scarps, linear slope breaks, and linear swales","SlipSense1":"Strike-slip","SlipSense2":"Right-lateral"},"geometry":{"type":"LineString","coordinates":[[-151.923159,65.175556],[-151.920162,65.175992],[-151.916433,65.176774],[-151.912841,65.177617],[-151.905841,65.178712],[-151.900115,65.179764],[-151.892145,65.180608],[-151.886859,65.181427],[-151.878556,65.182919],[-151.872568,65.18367],[-151.868455,65.183911],[-151.862926,65.184193],[-151.860096,65.184273],[-151.857802,65.184717],[-151.855076,65.185274],[-151.852091,65.18553],[-151.8484,65.185777],[-151.843836,65.186368],[-151.840691,65.186859],[-151.838106,65.187418],[-151.83567,65.187859],[-151.833522,65.188246],[-151.831769,65.188993],[-151.830335,65.189271],[-151.829015,65.189906],[-151.825587,65.190393],[-151.822596,65.190708],[-151.820593,65.191037],[-151.818763,65.190952],[-151.817898,65.191177],[-151.810464,65.192322],[-151.806894,65.192806],[-151.80418,65.193184],[-151.801899,65.19345],[-151.790183,65.195127],[-151.7869,65.195556],[-151.782737,65.196388],[-151.778446,65.197041]]}},{"type":"Feature","properties":{"FaultName":"Kaltag","Change":"Revised","QfaultID":5134,"Feature":"Parallel scarps, linear slope breaks, and linear swales","SlipSense1":"Strike-slip","SlipSense2":"Right-lateral"},"geometry":{"type":"LineString","coordinates":[[-151.702928,65.19792],[-151.699483,65.198582],[-151.694202,65.199218],[-151.690343,65.199755],[-151.68732,65.200424],[-151.682886,65.201071],[-151.678719,65.201901],[-151.675141,65.202442],[-151.670604,65.202613],[-151.667212,65.202622],[-151.663825,65.202572],[-151.657877,65.202722],[-151.653456,65.203191],[-151.649893,65.203553],[-151.647317,65.203931],[-151.642191,65.204389],[-151.638329,65.204925],[-151.634755,65.205406],[-151.632033,65.20584],[-151.63047,65.205936],[-151.625802,65.205984],[-151.619828,65.206429],[-151.617675,65.206812],[-151.615406,65.206897],[-151.613137,65.206981],[-151.610864,65.207125],[-151.60743,65.207607],[-151.603432,65.208081],[-151.599197,65.208017],[-151.595747,65.208677],[-151.59305,65.208814],[-151.59017,65.209424],[-151.585434,65.210242],[-151.579443,65.210863],[-151.576155,65.211288],[-151.571732,65.211755],[-151.567011,65.212395],[-151.561876,65.212909],[-151.558896,65.213041],[-151.55545,65.213642],[-151.553311,65.213846],[-151.550885,65.214105],[-151.549138,65.214672],[-151.546137,65.215041],[-151.538428,65.215872],[-151.536023,65.215894],[-151.534297,65.216223],[-151.531849,65.216719],[-151.529177,65.216559],[-151.527352,65.216411],[-151.52594,65.216389],[-151.525165,65.217149],[-151.524129,65.217668],[-151.522252,65.218113],[-151.519819,65.218432],[-151.517491,65.219167],[-151.516,65.220034],[-151.513943,65.220893],[-151.512332,65.221521],[-151.510203,65.221606],[-151.508356,65.221696],[-151.505473,65.222304],[-151.500472,65.222878],[-151.498572,65.223561],[-151.497373,65.224314],[-151.495374,65.22452],[-151.492962,65.2246],[-151.490844,65.224567],[-151.489405,65.224841],[-151.487504,65.225523],[-151.485527,65.225492],[-151.482697,65.225506],[-151.480839,65.225714],[-151.477976,65.226084],[-151.474712,65.22621],[-151.4711,65.227044],[-151.469633,65.227614],[-151.468591,65.228191],[-151.467097,65.229058]]}},{"type":"Feature","properties":{"FaultName":"Iditarod-Nixon Fork","Change":"Revised","QfaultID":5282,"Feature":"Parallel scarps and linear slope-breaks","SlipSense1":"Strike-slip","SlipSense2":"Right-lateral"},"geometry":{"type":"LineString","coordinates":[[-157.387424,62.519878],[-157.386395,62.520307],[-157.385216,62.520717],[-157.384102,62.52126],[-157.382159,62.521845],[-157.380893,62.522347],[-157.376625,62.523578],[-157.371625,62.525027],[-157.365168,62.527751],[-157.363617,62.528427],[-157.361919,62.529177],[-157.360811,62.529665],[-157.359268,62.530412],[-157.357439,62.531378],[-157.356123,62.532084],[-157.354823,62.532932],[-157.352368,62.533842],[-157.350372,62.534706],[-157.347291,62.535559],[-157.344071,62.536558],[-157.342573,62.537019],[-157.341813,62.537144],[-157.340384,62.537532],[-157.339071,62.538273],[-157.337353,62.538846],[-157.335592,62.53974],[-157.334017,62.540203],[-157.332665,62.540589],[-157.33117,62.541086],[-157.329842,62.541685]]}},{"type":"Feature","properties":{"FaultName":"Iditarod-Nixon Fork","Change":"Revised","QfaultID":5282,"Feature":"Parallel scarps and linear slope-breaks","SlipSense1":"Strike-slip","SlipSense2":"Right-lateral"},"geometry":{"type":"LineString","coordinates":[[-157.321348,62.545471],[-157.320329,62.546063],[-157.319525,62.546508],[-157.318466,62.546745],[-157.317362,62.547268],[-157.316554,62.547678]]}},{"type":"Feature","properties":{"FaultName":"Iditarod-Nixon Fork","Change":"Revised","QfaultID":5282,"Feature":"Parallel scarps and linear slope-breaks","SlipSense1":"Strike-slip","SlipSense2":"Right-lateral"},"geometry":{"type":"LineString","coordinates":[[-157.301383,62.55421],[-157.299717,62.554568],[-157.298387,62.555167],[-157.295882,62.556361],[-157.294058,62.557398],[-157.292477,62.557825],[-157.291746,62.558233],[-157.290934,62.558607],[-157.289592,62.559099],[-157.286483,62.559964],[-157.2831,62.560929],[-157.279593,62.562182],[-157.276032,62.562938],[-157.270746,62.56423],[-157.268478,62.56549],[-157.267982,62.566639],[-157.267126,62.567333],[-157.26433,62.568001],[-157.262716,62.568854],[-157.259664,62.570025],[-157.257118,62.570864],[-157.254277,62.571841]]}},{"type":"Feature","properties":{"FaultName":"Iditarod-Nixon Fork","Change":"Revised","QfaultID":5282,"Feature":"Parallel scarps and linear slope-breaks","SlipSense1":"Strike-slip","SlipSense2":"Right-lateral"},"geometry":{"type":"LineString","coordinates":[[-157.295495,62.563515],[-157.294551,62.564105],[-157.293982,62.56458],[-157.293201,62.565237],[-157.292404,62.565753],[-157.291828,62.566157],[-157.290474,62.566543],[-157.290181,62.566692]]}},{"type":"Feature","properties":{"FaultName":"Iditarod-Nixon Fork","Change":"Revised","QfaultID":5282,"Feature":"Parallel scarps and linear slope-breaks","SlipSense1":"Strike-slip","SlipSense2":"Right-lateral"},"geometry":{"type":"LineString","coordinates":[[-157.221498,62.587324],[-157.220243,62.587921],[-157.219149,62.588585],[-157.218285,62.589209]]}},{"type":"Feature","properties":{"FaultName":"Iditarod-Nixon Fork","Change":"Revised","QfaultID":5282,"Feature":"Parallel scarps and linear slope-breaks","SlipSense1":"Strike-slip","SlipSense2":"Right-lateral"},"geometry":{"type":"LineString","coordinates":[[-157.205616,62.59411],[-157.205038,62.594514],[-157.204224,62.594887],[-157.203797,62.595252],[-157.203293,62.595619],[-157.203264,62.596081],[-157.202833,62.596411],[-157.201613,62.596616],[-157.200932,62.596773],[-157.19973,62.597155],[-157.199288,62.597378],[-157.197796,62.597944],[-157.197107,62.59803],[-157.196344,62.598154],[-157.195526,62.598492],[-157.194053,62.599235],[-157.192413,62.599875],[-157.191212,62.600257],[-157.189782,62.60068],[-157.188673,62.601202],[-157.187258,62.601766],[-157.186377,62.602247],[-157.185493,62.602693],[-157.184771,62.603207]]}},{"type":"Feature","properties":{"FaultName":"Iditarod-Nixon Fork","Change":"Revised","QfaultID":5282,"Feature":"Parallel scarps and linear slope-breaks","SlipSense1":"Strike-slip","SlipSense2":"Right-lateral"},"geometry":{"type":"LineString","coordinates":[[-157.182851,62.604138],[-157.182195,62.604543],[-157.181258,62.604492],[-157.180215,62.604906],[-157.179312,62.605175],[-157.17883,62.605754],[-157.177539,62.606031],[-157.176286,62.606663],[-157.176006,62.606953],[-157.174878,62.607298],[-157.173116,62.608261],[-157.172286,62.608492],[-157.171711,62.608931],[-157.170509,62.609313],[-157.169389,62.609729],[-157.168666,62.610242],[-157.167641,62.610833],[-157.166166,62.611576],[-157.164595,62.612144],[-157.163648,62.612733],[-157.162394,62.613365],[-157.161372,62.613991],[-157.159452,62.61456],[-157.157052,62.615116],[-157.153923,62.616132],[-157.152377,62.616817],[-157.150938,62.617293],[-157.148873,62.61796]]}},{"type":"Feature","properties":{"FaultName":"Iditarod-Nixon Fork","Change":"Revised","QfaultID":5282,"Feature":"Parallel scarps and linear slope-breaks","SlipSense1":"Strike-slip","SlipSense2":"Right-lateral"},"geometry":{"type":"LineString","coordinates":[[-157.083242,62.64035],[-157.081412,62.641716],[-157.079203,62.643421],[-157.075241,62.645211],[-157.07248,62.646597],[-157.069926,62.647978],[-157.068166,62.64901],[-157.066499,62.649946],[-157.064474,62.650415],[-157.061862,62.651228],[-157.060543,62.652535],[-157.05859,62.653714],[-157.055451,62.654443],[-157.051203,62.655481],[-157.040436,62.658692],[-157.034749,62.659853],[-157.02963,62.661524],[-157.025168,62.662518],[-157.017584,62.664429],[-157.011693,62.666683],[-157.007704,62.668283],[-156.997568,62.671667],[-156.992873,62.67347],[-156.98687,62.675678],[-156.984677,62.676576],[-156.983571,62.676931]]}},{"type":"Feature","properties":{"FaultName":"Iditarod-Nixon Fork","Change":"Revised","QfaultID":5282,"Feature":"Parallel scarps and linear slope-breaks","SlipSense1":"Strike-slip","SlipSense2":"Right-lateral"},"geometry":{"type":"LineString","coordinates":[[-156.974694,62.680525],[-156.97099,62.68188],[-156.966683,62.683437]]}},{"type":"Feature","properties":{"FaultName":"Iditarod-Nixon Fork","Change":"Revised","QfaultID":5282,"Feature":"Parallel scarps and linear slope-breaks","SlipSense1":"Strike-slip","SlipSense2":"Right-lateral"},"geometry":{"type":"LineString","coordinates":[[-156.942665,62.688711],[-156.936463,62.690543],[-156.933594,62.691453],[-156.929963,62.692522],[-156.927843,62.693133]]}},{"type":"Feature","properties":{"FaultName":"Iditarod-Nixon Fork","Change":"Revised","QfaultID":5282,"Feature":"Parallel scarps and linear slope-breaks","SlipSense1":"Strike-slip","SlipSense2":"Right-lateral"},"geometry":{"type":"LineString","coordinates":[[-156.910004,62.698727],[-156.909255,62.699038],[-156.908696,62.699287],[-156.907258,62.699848],[-156.905811,62.700322],[-156.900907,62.70193],[-156.895731,62.703425],[-156.893772,62.703967],[-156.892131,62.704444],[-156.889471,62.705119],[-156.887833,62.705626],[-156.886628,62.705916],[-156.880088,62.707408],[-156.87678,62.708095],[-156.874697,62.708699],[-156.872548,62.709304],[-156.870712,62.709785],[-156.867158,62.711306],[-156.864266,62.712281],[-156.86072,62.71321],[-156.85702,62.713875],[-156.848065,62.716627],[-156.845566,62.717653],[-156.841836,62.718703]]}},{"type":"Feature","properties":{"FaultName":"Iditarod-Nixon Fork","Change":"Revised","QfaultID":5282,"Feature":"Parallel scarps and linear slope-breaks","SlipSense1":"Strike-slip","SlipSense2":"Right-lateral"},"geometry":{"type":"LineString","coordinates":[[-156.809606,62.727567],[-156.8078,62.728241],[-156.806527,62.728799],[-156.80563,62.729207],[-156.805028,62.729432],[-156.804059,62.729913],[-156.803081,62.730287],[-156.802126,62.730909],[-156.801291,62.731139]]}},{"type":"Feature","properties":{"FaultName":"Iditarod-Nixon Fork","Change":"Revised","QfaultID":5282,"Feature":"Parallel scarps and linear slope-breaks","SlipSense1":"Strike-slip","SlipSense2":"Right-lateral"},"geometry":{"type":"LineString","coordinates":[[-156.772795,62.740675],[-156.771615,62.741408],[-156.770416,62.741929],[-156.768377,62.742643],[-156.767155,62.742915],[-156.76604,62.743504],[-156.764529,62.744031]]}},{"type":"Feature","properties":{"FaultName":"Iditarod-Nixon Fork","Change":"Revised","QfaultID":5282,"Feature":"Parallel scarps and linear slope-breaks","SlipSense1":"Strike-slip","SlipSense2":"Right-lateral"},"geometry":{"type":"LineString","coordinates":[[-156.760318,62.744857],[-156.758581,62.745458]]}},{"type":"Feature","properties":{"FaultName":"Iditarod-Nixon Fork","Change":"Revised","QfaultID":5282,"Feature":"Parallel scarps and linear slope-breaks","SlipSense1":"Strike-slip","SlipSense2":"Right-lateral"},"geometry":{"type":"LineString","coordinates":[[-156.751742,62.748253],[-156.749489,62.749184],[-156.747884,62.749534],[-156.746907,62.749943],[-156.746252,62.750453],[-156.744741,62.750979],[-156.743787,62.751637],[-156.742506,62.752123],[-156.740758,62.752618],[-156.739159,62.753039],[-156.737797,62.753491],[-156.735055,62.75507],[-156.733534,62.75549],[-156.731338,62.756206],[-156.730277,62.756546],[-156.727321,62.75749],[-156.725822,62.758157],[-156.725331,62.758771],[-156.723051,62.759417],[-156.720552,62.760246],[-156.717443,62.761228],[-156.71594,62.76186],[-156.714048,62.762499],[-156.712965,62.76259],[-156.711306,62.763225],[-156.70981,62.763928],[-156.708372,62.764417],[-156.706339,62.765237],[-156.704086,62.766202],[-156.703137,62.766931],[-156.701884,62.767736],[-156.699757,62.768379],[-156.697874,62.769125],[-156.695997,62.769941],[-156.695032,62.770492],[-156.693802,62.770693],[-156.692743,62.771068],[-156.684759,62.773383],[-156.682638,62.774097],[-156.68076,62.774913],[-156.678733,62.776692],[-156.677665,62.77696],[-156.674659,62.777371],[-156.672459,62.778086],[-156.669232,62.779531],[-156.667403,62.780027],[-156.664674,62.780929],[-156.662774,62.781497],[-156.659508,62.782516],[-156.657604,62.783048]]}},{"type":"Feature","properties":{"FaultName":"Iditarod-Nixon Fork","Change":"Revised","QfaultID":5282,"Feature":"Parallel scarps and linear slope-breaks","SlipSense1":"Strike-slip","SlipSense2":"Right-lateral"},"geometry":{"type":"LineString","coordinates":[[-156.655946,62.783718],[-156.649579,62.785859],[-156.646244,62.787874],[-156.643171,62.788428],[-156.641285,62.789173],[-156.638934,62.789961],[-156.635403,62.790629],[-156.632413,62.791252],[-156.630863,62.792275],[-156.627655,62.793079],[-156.623526,62.794077],[-156.619532,62.794824],[-156.615893,62.796062],[-156.613526,62.796673],[-156.61065,62.797719],[-156.608968,62.79814],[-156.606386,62.798968]]}},{"type":"Feature","properties":{"FaultName":"Iditarod-Nixon Fork","Change":"Revised","QfaultID":5282,"Feature":"Parallel scarps and linear slope-breaks","SlipSense1":"Strike-slip","SlipSense2":"Right-lateral"},"geometry":{"type":"LineString","coordinates":[[-156.559968,62.8133],[-156.558353,62.813897],[-156.556861,62.814729],[-156.556017,62.815833],[-156.555225,62.816321],[-156.553698,62.816726],[-156.552714,62.817407],[-156.548449,62.818713],[-156.546149,62.819843],[-156.544369,62.820964],[-156.54308,62.821744],[-156.542188,62.822281],[-156.540576,62.822925],[-156.538743,62.823431],[-156.537466,62.824353],[-156.53677,62.824744]]}},{"type":"Feature","properties":{"FaultName":"Iditarod-Nixon Fork","Change":"Revised","QfaultID":5282,"Feature":"Parallel scarps and linear slope-breaks","SlipSense1":"Strike-slip","SlipSense2":"Right-lateral"},"geometry":{"type":"LineString","coordinates":[[-156.403572,62.87249],[-156.400127,62.873778],[-156.397062,62.874586],[-156.39564,62.875083],[-156.393918,62.875408],[-156.392802,62.876137],[-156.388304,62.87698],[-156.385215,62.877504],[-156.38421,62.877994],[-156.382545,62.878377],[-156.380498,62.878884],[-156.377772,62.879047],[-156.375073,62.879564],[-156.373794,62.879881],[-156.370816,62.880166],[-156.369294,62.880724],[-156.36855,62.88121],[-156.364697,62.881983],[-156.358215,62.882502],[-156.352132,62.883133],[-156.349787,62.88317]]}},{"type":"Feature","properties":{"FaultName":"Iditarod-Nixon Fork","Change":"Revised","QfaultID":5282,"Feature":"Parallel scarps and linear slope-breaks","SlipSense1":"Strike-slip","SlipSense2":"Right-lateral"},"geometry":{"type":"LineString","coordinates":[[-156.525548,62.828824],[-156.522906,62.829627],[-156.518943,62.830833],[-156.514784,62.832184],[-156.511906,62.83266],[-156.507822,62.833677],[-156.505272,62.834337],[-156.502117,62.835244],[-156.499994,62.836038],[-156.495921,62.837198],[-156.494075,62.837561],[-156.485466,62.839318],[-156.480286,62.84097],[-156.477781,62.842197],[-156.475053,62.843238],[-156.47252,62.844134],[-156.470993,62.844586],[-156.468441,62.845245],[-156.465997,62.84595],[-156.460291,62.847562],[-156.457538,62.849598],[-156.45269,62.851527],[-156.448336,62.851837],[-156.445074,62.852744],[-156.440283,62.854104],[-156.435191,62.85561],[-156.432791,62.856882],[-156.429662,62.858165],[-156.41844,62.861928],[-156.409676,62.86385],[-156.407261,62.864955],[-156.40131,62.866036],[-156.399505,62.867102],[-156.397547,62.867904],[-156.39589,62.868376],[-156.393006,62.869015],[-156.391416,62.869515],[-156.389686,62.869898],[-156.38913,62.870292],[-156.387217,62.870827],[-156.385882,62.871263],[-156.38428,62.871615],[-156.381901,62.872039],[-156.378949,62.87265],[-156.376637,62.873102],[-156.374465,62.87367],[-156.357746,62.879845],[-156.349787,62.88317],[-156.338834,62.886603],[-156.329904,62.889233],[-156.323628,62.890754],[-156.320111,62.892527]]}},{"type":"Feature","properties":{"FaultName":"Iditarod-Nixon Fork","Change":"Revised","QfaultID":5282,"Feature":"Parallel scarps and linear slope-breaks","SlipSense1":"Strike-slip","SlipSense2":"Right-lateral"},"geometry":{"type":"LineString","coordinates":[[-156.311064,62.893677],[-156.309918,62.89405],[-156.308089,62.89402],[-156.304642,62.895022],[-156.300143,62.895921],[-156.296255,62.896279],[-156.293954,62.896907],[-156.292578,62.897698],[-156.289045,62.899293],[-156.286761,62.900158],[-156.285777,62.900943],[-156.283079,62.901518],[-156.279374,62.902583],[-156.277459,62.903145],[-156.274743,62.903484],[-156.273497,62.904273],[-156.27132,62.90484],[-156.269935,62.905512],[-156.268024,62.906134],[-156.266103,62.906638],[-156.263666,62.907208],[-156.260841,62.907844]]}},{"type":"Feature","properties":{"FaultName":"Atsaksovluk","Change":"Revised","QfaultID":5293,"Feature":"Scarps and linear slope breaks","SlipSense1":"Strike-slip","SlipSense2":"Right-lateral"},"geometry":{"type":"LineString","coordinates":[[-158.81035,60.925362],[-158.808103,60.927078],[-158.804843,60.929896],[-158.802033,60.932769],[-158.80078,60.934236],[-158.799862,60.935976],[-158.797918,60.937751],[-158.795453,60.940968],[-158.794399,60.942784],[-158.793995,60.945004],[-158.792951,60.946418],[-158.792094,60.947254],[-158.791103,60.947858],[-158.789973,60.948182],[-158.788905,60.948267],[-158.788451,60.94852],[-158.787782,60.949302],[-158.787427,60.950216],[-158.787044,60.950941],[-158.786061,60.951592],[-158.783367,60.952634],[-158.780665,60.953629],[-158.778802,60.954311],[-158.777873,60.954675],[-158.776282,60.955869],[-158.772995,60.957549]]}},{"type":"Feature","properties":{"FaultName":"Atsaksovluk","Change":"Revised","QfaultID":5293,"Feature":"Scarps and linear slope breaks","SlipSense1":"Strike-slip","SlipSense2":"Right-lateral"},"geometry":{"type":"LineString","coordinates":[[-158.768281,60.958234],[-158.76532,60.959475],[-158.762576,60.960851],[-158.761703,60.961593],[-158.760621,60.962247],[-158.758966,60.963016],[-158.758038,60.964044]]}},{"type":"Feature","properties":{"FaultName":"Atsaksovluk","Change":"Revised","QfaultID":5293,"Feature":"Scarps and linear slope breaks","SlipSense1":"Strike-slip","SlipSense2":"Right-lateral"},"geometry":{"type":"LineString","coordinates":[[-158.756613,60.965042],[-158.754699,60.966057],[-158.754078,60.966505],[-158.752206,60.967803],[-158.751095,60.968269],[-158.750467,60.96867],[-158.749328,60.96961],[-158.747086,60.970399],[-158.745129,60.971131],[-158.743515,60.971519],[-158.742558,60.972358],[-158.740392,60.973666]]}},{"type":"Feature","properties":{"FaultName":"Atsaksovluk","Change":"Revised","QfaultID":5293,"Feature":"Scarps and linear slope breaks","SlipSense1":"Strike-slip","SlipSense2":"Right-lateral"},"geometry":{"type":"LineString","coordinates":[[-158.737045,60.974967],[-158.735074,60.976268],[-158.732523,60.977637],[-158.730908,60.978689],[-158.728559,60.980098],[-158.727671,60.980745],[-158.726546,60.981115]]}},{"type":"Feature","properties":{"FaultName":"Atsaksovluk","Change":"Revised","QfaultID":5293,"Feature":"Scarps and linear slope breaks","SlipSense1":"Strike-slip","SlipSense2":"Right-lateral"},"geometry":{"type":"LineString","coordinates":[[-158.724588,60.982511],[-158.723232,60.983316],[-158.722442,60.98396],[-158.721169,60.984668],[-158.719631,60.985574],[-158.718512,60.985992],[-158.717931,60.986724],[-158.717071,60.987559],[-158.716076,60.988649],[-158.715534,60.989142],[-158.714489,60.989563],[-158.714222,60.990254],[-158.713758,60.990448],[-158.713072,60.990797],[-158.712897,60.991278]]}},{"type":"Feature","properties":{"FaultName":"Atsaksovluk","Change":"Revised","QfaultID":5293,"Feature":"Scarps and linear slope breaks","SlipSense1":"Strike-slip","SlipSense2":"Right-lateral"},"geometry":{"type":"LineString","coordinates":[[-158.702765,60.997642],[-158.701449,60.99831],[-158.700626,60.99899],[-158.699891,60.99943],[-158.698606,60.999889],[-158.697508,61.000371],[-158.695242,61.001279]]}},{"type":"Feature","properties":{"FaultName":"Atsaksovluk","Change":"Revised","QfaultID":5293,"Feature":"Scarps and linear slope breaks","SlipSense1":"Strike-slip","SlipSense2":"Right-lateral"},"geometry":{"type":"LineString","coordinates":[[-158.700147,60.997406],[-158.699145,60.998122],[-158.697833,60.998819],[-158.696919,60.999294]]}},{"type":"Feature","properties":{"FaultName":"Atsaksovluk","Change":"Revised","QfaultID":5293,"Feature":"Scarps and linear slope breaks","SlipSense1":"Strike-slip","SlipSense2":"Right-lateral"},"geometry":{"type":"LineString","coordinates":[[-158.685892,61.009245],[-158.685275,61.010067],[-158.684806,61.010646]]}},{"type":"Feature","properties":{"FaultName":"Atsaksovluk","Change":"Revised","QfaultID":5293,"Feature":"Scarps and linear slope breaks","SlipSense1":"Strike-slip","SlipSense2":"Right-lateral"},"geometry":{"type":"LineString","coordinates":[[-158.682823,61.012964],[-158.682312,61.013513],[-158.68183,61.013985],[-158.681166,61.014557],[-158.680919,61.015021],[-158.680355,61.015477],[-158.679792,61.015932],[-158.67961,61.016299],[-158.679231,61.016672],[-158.678561,61.017207],[-158.677726,61.017956],[-158.677434,61.018384],[-158.676854,61.018726],[-158.676211,61.01945],[-158.675524,61.020137],[-158.675081,61.020607],[-158.674812,61.02092]]}},{"type":"Feature","properties":{"FaultName":"Atsaksovluk","Change":"Revised","QfaultID":5293,"Feature":"Scarps and linear slope breaks","SlipSense1":"Strike-slip","SlipSense2":"Right-lateral"},"geometry":{"type":"LineString","coordinates":[[-158.669377,61.024159],[-158.668883,61.024555],[-158.66877,61.024863],[-158.66877,61.025128],[-158.668811,61.025411],[-158.668416,61.025671],[-158.667729,61.026093],[-158.66716,61.026511],[-158.666097,61.027059],[-158.665329,61.02773],[-158.664266,61.028544],[-158.663155,61.029303],[-158.662406,61.02984],[-158.662168,61.030095]]}},{"type":"Feature","properties":{"FaultName":"Atsaksovluk","Change":"Revised","QfaultID":5293,"Feature":"Scarps and linear slope breaks","SlipSense1":"Strike-slip","SlipSense2":"Right-lateral"},"geometry":{"type":"LineString","coordinates":[[-158.661301,61.030636],[-158.660757,61.030958],[-158.660673,61.031189],[-158.660162,61.031472],[-158.659741,61.031827],[-158.659195,61.032131],[-158.65828,61.032882],[-158.657862,61.033257],[-158.657463,61.033498],[-158.657236,61.033828],[-158.656905,61.033991],[-158.656504,61.034213],[-158.655693,61.034601],[-158.655525,61.034797],[-158.655432,61.034971],[-158.654768,61.035278],[-158.654349,61.035652],[-158.653354,61.036122]]}},{"type":"Feature","properties":{"FaultName":"Atsaksovluk","Change":"Revised","QfaultID":5293,"Feature":"Scarps and linear slope breaks","SlipSense1":"Strike-slip","SlipSense2":"Right-lateral"},"geometry":{"type":"LineString","coordinates":[[-158.653919,61.037298],[-158.652467,61.037879],[-158.649666,61.038941],[-158.648987,61.039419],[-158.648277,61.039955],[-158.647743,61.040618],[-158.646682,61.041185],[-158.64602,61.041511],[-158.645552,61.041811],[-158.644673,61.042543],[-158.643814,61.043141],[-158.642978,61.043625],[-158.642152,61.044184],[-158.64184,61.044479],[-158.641024,61.044829],[-158.640429,61.045342],[-158.639519,61.045866]]}},{"type":"Feature","properties":{"FaultName":"Atsaksovluk","Change":"Revised","QfaultID":5293,"Feature":"Scarps and linear slope breaks","SlipSense1":"Strike-slip","SlipSense2":"Right-lateral"},"geometry":{"type":"LineString","coordinates":[[-158.647743,61.040618],[-158.646865,61.0419],[-158.64623,61.04268],[-158.646273,61.043248],[-158.645899,61.043924],[-158.64555,61.044505],[-158.645033,61.045016]]}},{"type":"Feature","properties":{"FaultName":"Atsaksovluk","Change":"Revised","QfaultID":5293,"Feature":"Scarps and linear slope breaks","SlipSense1":"Strike-slip","SlipSense2":"Right-lateral"},"geometry":{"type":"LineString","coordinates":[[-158.637095,61.047086],[-158.636172,61.047515],[-158.635453,61.047995],[-158.635001,61.048408],[-158.63489,61.048734],[-158.634514,61.049126],[-158.633902,61.049526],[-158.633446,61.049921],[-158.632778,61.050475],[-158.631299,61.051151],[-158.631049,61.05133],[-158.630784,61.05168],[-158.630481,61.052032],[-158.630051,61.052331],[-158.629616,61.052592],[-158.629048,61.053028],[-158.628774,61.053588],[-158.628449,61.053788]]}},{"type":"Feature","properties":{"FaultName":"Atsaksovluk","Change":"Revised","QfaultID":5293,"Feature":"Scarps and linear slope breaks","SlipSense1":"Strike-slip","SlipSense2":"Right-lateral"},"geometry":{"type":"LineString","coordinates":[[-158.626737,61.054491],[-158.625692,61.055171],[-158.62431,61.055976],[-158.623297,61.056598],[-158.622479,61.057214],[-158.622253,61.057563],[-158.621425,61.058103],[-158.621165,61.058491],[-158.620444,61.058686],[-158.619851,61.059218],[-158.618759,61.059843],[-158.618404,61.06012],[-158.617649,61.06062],[-158.617125,61.061093],[-158.61656,61.061548],[-158.615714,61.06224],[-158.615171,61.062846],[-158.614351,61.063177],[-158.613926,61.063514],[-158.613142,61.06409],[-158.612958,61.064457]]}},{"type":"Feature","properties":{"FaultName":"Atsaksovluk","Change":"Revised","QfaultID":5293,"Feature":"Scarps and linear slope breaks","SlipSense1":"Strike-slip","SlipSense2":"Right-lateral"},"geometry":{"type":"LineString","coordinates":[[-158.606151,61.068934],[-158.605897,61.06936],[-158.605542,61.069637],[-158.605089,61.070051],[-158.604552,61.070429],[-158.604072,61.070654],[-158.603549,61.070861],[-158.60302,61.071296],[-158.602486,61.071693],[-158.602278,61.07189],[-158.601887,61.072188],[-158.601678,61.072384],[-158.601231,61.072835],[-158.600382,61.073243],[-158.599921,61.0736],[-158.599752,61.073795],[-158.599711,61.074062],[-158.599318,61.074341],[-158.598725,61.074607],[-158.598609,61.074896],[-158.598352,61.075303],[-158.598042,61.075617],[-158.597605,61.076143],[-158.597046,61.076921],[-158.596658,61.077237],[-158.596454,61.077737],[-158.596113,61.078109],[-158.595461,61.078717],[-158.595146,61.079616],[-158.594584,61.080844]]}},{"type":"Feature","properties":{"FaultName":"Atsaksovluk","Change":"Revised","QfaultID":5293,"Feature":"Scarps and linear slope breaks","SlipSense1":"Thrust","SlipSense2":"Up-to-the-northwest"},"geometry":{"type":"LineString","coordinates":[[-158.577794,61.092215],[-158.578401,61.091804],[-158.578949,61.091501],[-158.579404,61.091059],[-158.580184,61.09082],[-158.580575,61.090451],[-158.581489,61.089603]]}},{"type":"Feature","properties":{"FaultName":"Atsaksovluk","Change":"Revised","QfaultID":5293,"Feature":"Scarps and linear slope breaks","SlipSense1":"Thrust","SlipSense2":"Up-to-the-northwest"},"geometry":{"type":"LineString","coordinates":[[-158.554109,61.108785],[-158.554575,61.108414],[-158.555958,61.107728],[-158.556639,61.107315],[-158.557536,61.106858],[-158.558001,61.106487],[-158.558711,61.105752],[-158.559339,61.105483],[-158.559852,61.104932],[-158.560353,61.104809],[-158.56123,61.104211],[-158.561832,61.103764],[-158.562895,61.102917],[-158.563429,61.102508],[-158.564217,61.101806],[-158.564814,61.101324],[-158.565259,61.100811],[-158.566509,61.100236],[-158.56687,61.099655],[-158.567586,61.099489],[-158.568194,61.099078],[-158.568702,61.098492],[-158.569225,61.098012],[-158.569652,61.097892],[-158.570066,61.097167],[-158.570394,61.096871],[-158.571243,61.096594],[-158.572055,61.096069],[-158.572358,61.095597],[-158.572975,61.095256],[-158.573719,61.094769],[-158.574675,61.094204],[-158.57536,61.093826],[-158.57631,61.093225]]}},{"type":"Feature","properties":{"FaultName":"Atsaksovluk","Change":"Revised","QfaultID":5293,"Feature":"Scarps and linear slope breaks","SlipSense1":"Normal","SlipSense2":"Down-to-the-south"},"geometry":{"type":"LineString","coordinates":[[-158.5468,61.113671],[-158.545429,61.114013],[-158.544062,61.114384],[-158.542147,61.114802],[-158.541067,61.115016],[-158.540302,61.115278],[-158.53938,61.115308],[-158.538704,61.115331],[-158.538001,61.115591],[-158.537158,61.115737],[-158.536208,61.116005],[-158.535267,61.116333],[-158.534428,61.116508],[-158.533021,61.116768],[-158.531559,61.117077],[-158.530094,61.11754],[-158.528448,61.117861]]}},{"type":"Feature","properties":{"FaultName":"Atsaksovluk","Change":"Revised","QfaultID":5293,"Feature":"Scarps and linear slope breaks","SlipSense1":"Strike-slip","SlipSense2":"Right-lateral"},"geometry":{"type":"LineString","coordinates":[[-158.506433,61.125695],[-158.505103,61.126331],[-158.504563,61.126438],[-158.503854,61.126668],[-158.503335,61.126922],[-158.502963,61.12735],[-158.501915,61.127799],[-158.500859,61.128189],[-158.50018,61.128626],[-158.49957,61.12912],[-158.498654,61.129624],[-158.497835,61.129947],[-158.497349,61.130437],[-158.49689,61.130689],[-158.496612,61.130905],[-158.495547,61.131237],[-158.49529,61.131601],[-158.494775,61.132329],[-158.492716,61.133048],[-158.492048,61.133129],[-158.490319,61.13357],[-158.488993,61.134236],[-158.488428,61.13461],[-158.487503,61.135055],[-158.48638,61.135417],[-158.486131,61.13584],[-158.485255,61.136195],[-158.484338,61.137198],[-158.483759,61.137822],[-158.483066,61.138164],[-158.48165,61.138637],[-158.480515,61.138994],[-158.479615,61.13945],[-158.478584,61.140017],[-158.476951,61.140532],[-158.475968,61.140919],[-158.474105,61.141371],[-158.472197,61.142037],[-158.469794,61.143395],[-158.467513,61.144572],[-158.464096,61.146638],[-158.461137,61.148263],[-158.457237,61.15006],[-158.452741,61.151841]]}},{"type":"Feature","properties":{"FaultName":"Atsaksovluk","Change":"Revised","QfaultID":5293,"Feature":"Scarps and linear slope breaks","SlipSense1":"Strike-slip","SlipSense2":"Right-lateral"},"geometry":{"type":"LineString","coordinates":[[-158.522924,61.135159],[-158.521149,61.135881],[-158.51839,61.136635],[-158.517138,61.136865],[-158.515068,61.137597],[-158.513483,61.138265],[-158.511773,61.138748],[-158.509872,61.139284],[-158.508562,61.139801],[-158.50638,61.140441],[-158.504296,61.141078],[-158.502972,61.141501],[-158.50159,61.14221]]}},{"type":"Feature","properties":{"FaultName":"Atsaksovluk","Change":"Revised","QfaultID":5293,"Feature":"Scarps and linear slope breaks","SlipSense1":"Strike-slip","SlipSense2":"Right-lateral"},"geometry":{"type":"LineString","coordinates":[[-158.484911,61.149391],[-158.483745,61.150235],[-158.482946,61.150877],[-158.481556,61.151539],[-158.480101,61.152439],[-158.478909,61.153095],[-158.478116,61.153784],[-158.477041,61.154578]]}},{"type":"Feature","properties":{"FaultName":"Atsaksovluk","Change":"Revised","QfaultID":5293,"Feature":"Scarps and linear slope breaks","SlipSense1":"Strike-slip","SlipSense2":"Right-lateral"},"geometry":{"type":"LineString","coordinates":[[-158.471385,61.158649],[-158.46932,61.160138],[-158.467812,61.161373],[-158.466842,61.16221],[-158.466246,61.162893]]}},{"type":"Feature","properties":{"FaultName":"Atsaksovluk","Change":"Revised","QfaultID":5293,"Feature":"Scarps and linear slope breaks","SlipSense1":"Strike-slip","SlipSense2":"Right-lateral"},"geometry":{"type":"LineString","coordinates":[[-158.464692,61.163797],[-158.463603,61.164496]]}},{"type":"Feature","properties":{"FaultName":"Atsaksovluk","Change":"Revised","QfaultID":5293,"Feature":"Scarps and linear slope breaks","SlipSense1":"Strike-slip","SlipSense2":"Right-lateral"},"geometry":{"type":"LineString","coordinates":[[-158.460402,61.166354],[-158.459904,61.167034],[-158.459104,61.167676],[-158.458061,61.167994],[-158.456972,61.168693],[-158.456054,61.169197],[-158.455306,61.169505],[-158.454879,61.169993],[-158.454413,61.170198],[-158.453961,61.170764],[-158.453572,61.171517],[-158.452838,61.172015],[-158.452404,61.172444],[-158.451297,61.173369],[-158.449545,61.174107],[-158.448397,61.174736],[-158.447691,61.175441],[-158.447154,61.176021]]}},{"type":"Feature","properties":{"FaultName":"Atsaksovluk","Change":"Revised","QfaultID":5293,"Feature":"Scarps and linear slope breaks","SlipSense1":"Strike-slip","SlipSense2":"Right-lateral"},"geometry":{"type":"LineString","coordinates":[[-158.436013,61.185951],[-158.435465,61.186633],[-158.43472,61.186965],[-158.433925,61.187298],[-158.43337,61.187933],[-158.433085,61.188368],[-158.432428,61.188982],[-158.432152,61.189489],[-158.431253,61.190134],[-158.43098,61.190665],[-158.430461,61.191203],[-158.429851,61.191436]]}},{"type":"Feature","properties":{"FaultName":"Atsaksovluk","Change":"Revised","QfaultID":5293,"Feature":"Scarps and linear slope breaks","SlipSense1":"Strike-slip","SlipSense2":"Right-lateral"},"geometry":{"type":"LineString","coordinates":[[-158.42902,61.192221],[-158.428399,61.192739],[-158.428146,61.193411]]}},{"type":"Feature","properties":{"FaultName":"Atsaksovluk","Change":"Revised","QfaultID":5293,"Feature":"Scarps and linear slope breaks","SlipSense1":"Normal","SlipSense2":"Down-to-the-south"},"geometry":{"type":"LineString","coordinates":[[-158.471568,61.14782],[-158.470453,61.14833],[-158.469306,61.148604],[-158.468263,61.148922],[-158.467489,61.149042],[-158.465961,61.149423],[-158.465391,61.149584],[-158.464223,61.149717],[-158.463506,61.149888],[-158.462981,61.150112],[-158.462317,61.150223],[-158.461792,61.150447],[-158.461075,61.150619]]}},{"type":"Feature","properties":{"FaultName":"Atsaksovluk","Change":"Revised","QfaultID":5293,"Feature":"Scarps and linear slope breaks","SlipSense1":"Strike-slip","SlipSense2":"Right-lateral"},"geometry":{"type":"LineString","coordinates":[[-158.455389,61.151484],[-158.454745,61.151741],[-158.454093,61.15194],[-158.453454,61.152228],[-158.452978,61.152361]]}},{"type":"Feature","properties":{"FaultName":"Atsaksovluk","Change":"Revised","QfaultID":5293,"Feature":"Scarps and linear slope breaks","SlipSense1":"Normal","SlipSense2":"Down-to-the-south"},"geometry":{"type":"LineString","coordinates":[[-158.463461,61.15309],[-158.462132,61.153311],[-158.461001,61.153614],[-158.459923,61.153857],[-158.458705,61.153985],[-158.457553,61.15414],[-158.456003,61.154546],[-158.454937,61.154877],[-158.454293,61.155135],[-158.45358,61.155335],[-158.452551,61.155487],[-158.450906,61.155659],[-158.450049,61.155716],[-158.449041,61.156015]]}},{"type":"Feature","properties":{"FaultName":"Atsaksovluk","Change":"Revised","QfaultID":5293,"Feature":"Scarps and linear slope breaks","SlipSense1":"Strike-slip","SlipSense2":"Right-lateral"},"geometry":{"type":"LineString","coordinates":[[-158.444505,61.156279],[-158.443165,61.1573],[-158.442894,61.157576],[-158.442439,61.157857],[-158.441414,61.158483]]}},{"type":"Feature","properties":{"FaultName":"Atsaksovluk","Change":"Revised","QfaultID":5293,"Feature":"Scarps and linear slope breaks","SlipSense1":"Strike-slip","SlipSense2":"Right-lateral"},"geometry":{"type":"LineString","coordinates":[[-158.439454,61.159939],[-158.438647,61.160794]]}},{"type":"Feature","properties":{"FaultName":"Atsaksovluk","Change":"Revised","QfaultID":5293,"Feature":"Scarps and linear slope breaks","SlipSense1":"Strike-slip","SlipSense2":"Right-lateral"},"geometry":{"type":"LineString","coordinates":[[-158.434333,61.163541],[-158.433361,61.164105],[-158.432561,61.164576]]}},{"type":"Feature","properties":{"FaultName":"Atsaksovluk","Change":"Revised","QfaultID":5293,"Feature":"Scarps and linear slope breaks","SlipSense1":"Strike-slip","SlipSense2":"Right-lateral"},"geometry":{"type":"LineString","coordinates":[[-158.427504,61.16776],[-158.426047,61.1684],[-158.424808,61.169269],[-158.423315,61.170532],[-158.422839,61.17111],[-158.421949,61.17182],[-158.421038,61.172383],[-158.420188,61.172944]]}},{"type":"Feature","properties":{"FaultName":"Atsaksovluk","Change":"Revised","QfaultID":5293,"Feature":"Scarps and linear slope breaks","SlipSense1":"Strike-slip","SlipSense2":"Right-lateral"},"geometry":{"type":"LineString","coordinates":[[-158.536637,61.117767],[-158.536012,61.117883],[-158.535014,61.118508],[-158.53399,61.118945],[-158.533273,61.119111],[-158.532654,61.119273],[-158.531976,61.119367],[-158.530959,61.119851],[-158.530733,61.12],[-158.530055,61.120094],[-158.528763,61.120729],[-158.528062,61.121013],[-158.527179,61.121397],[-158.526148,61.121787],[-158.523856,61.122692],[-158.523542,61.122915],[-158.522789,61.123177],[-158.522328,61.123406],[-158.521103,61.124192],[-158.519846,61.124731],[-158.515232,61.125629],[-158.514087,61.125915]]}},{"type":"Feature","properties":{"FaultName":"Atsaksovluk","Change":"Revised","QfaultID":5293,"Feature":"Uphill-facing scarps and linear slope breaks","SlipSense1":"Thrust","SlipSense2":"Up-to-the-east"},"geometry":{"type":"LineString","coordinates":[[-158.716453,60.997371],[-158.716557,60.998743],[-158.717354,60.999474],[-158.718179,61.000395],[-158.718269,61.001008],[-158.719485,61.002579]]}},{"type":"Feature","properties":{"FaultName":"Atsaksovluk","Change":"Revised","QfaultID":5293,"Feature":"Uphill-facing scarps and linear slope breaks","SlipSense1":"Thrust","SlipSense2":"Up-to-the-east"},"geometry":{"type":"LineString","coordinates":[[-158.719366,60.998969],[-158.719786,61.00028],[-158.720157,61.000712],[-158.720991,61.00178],[-158.721677,61.002676],[-158.72239,61.002918]]}},{"type":"Feature","properties":{"FaultName":"Atsaksovluk","Change":"Revised","QfaultID":5293,"Feature":"Uphill-facing scarps and linear slope breaks","SlipSense1":"Thrust","SlipSense2":"Up-to-the-east"},"geometry":{"type":"LineString","coordinates":[[-158.720325,60.999334],[-158.720535,60.999688],[-158.720672,61.000081],[-158.721234,61.000688],[-158.721905,61.0015],[-158.722405,61.001957],[-158.722741,61.002097],[-158.723292,61.002363]]}},{"type":"Feature","properties":{"FaultName":"Atsaksovluk","Change":"Revised","QfaultID":5293,"Feature":"Uphill-facing scarps and linear slope breaks","SlipSense1":"Thrust","SlipSense2":"Up-to-the-east"},"geometry":{"type":"LineString","coordinates":[[-158.690014,61.0168],[-158.690988,61.017567],[-158.691617,61.018079],[-158.692434,61.019444],[-158.692923,61.019843],[-158.694199,61.02057],[-158.694308,61.020892],[-158.69488,61.021436],[-158.695431,61.021832],[-158.695972,61.023],[-158.69685,61.023948],[-158.697453,61.024283],[-158.697938,61.025067],[-158.698436,61.025524],[-158.699052,61.026363]]}},{"type":"Feature","properties":{"FaultName":"Atsaksovluk","Change":"Revised","QfaultID":5293,"Feature":"Uphill-facing scarps and linear slope breaks","SlipSense1":"Thrust","SlipSense2":"Up-to-the-east"},"geometry":{"type":"LineString","coordinates":[[-158.665388,61.028693],[-158.664785,61.029283],[-158.664745,61.030019],[-158.665211,61.031189],[-158.665536,61.031724],[-158.665524,61.032317],[-158.665586,61.032742],[-158.665885,61.033443],[-158.666233,61.034475],[-158.666595,61.035601],[-158.667052,61.036368],[-158.667418,61.037185]]}},{"type":"Feature","properties":{"FaultName":"Atsaksovluk","Change":"Revised","QfaultID":5293,"Feature":"Uphill-facing scarps and linear slope breaks","SlipSense1":"Thrust","SlipSense2":"Up-to-the-east"},"geometry":{"type":"LineString","coordinates":[[-158.666682,61.03694],[-158.667112,61.037651],[-158.667336,61.037971],[-158.667169,61.038247],[-158.667254,61.038628],[-158.667275,61.03877],[-158.667455,61.03919],[-158.667559,61.039699],[-158.667497,61.040285],[-158.667512,61.040796]]}},{"type":"Feature","properties":{"FaultName":"Atsaksovluk","Change":"Revised","QfaultID":5293,"Feature":"Uphill-facing scarps and linear slope breaks","SlipSense1":"Thrust","SlipSense2":"Up-to-the-east"},"geometry":{"type":"LineString","coordinates":[[-158.666332,61.04243],[-158.66549,61.043341],[-158.664837,61.044131],[-158.664106,61.044796],[-158.663846,61.045445],[-158.663412,61.045915],[-158.66255,61.047097],[-158.661956,61.047686],[-158.66159,61.048211],[-158.661191,61.048722],[-158.660912,61.049443],[-158.660705,61.050048],[-158.660598,61.050734],[-158.660649,61.051487],[-158.661004,61.0523],[-158.661192,61.052777],[-158.661072,61.053166],[-158.660991,61.053424],[-158.660848,61.053657],[-158.660517,61.054024],[-158.660446,61.054752],[-158.66047,61.055121],[-158.66031,61.055439],[-158.660361,61.055793],[-158.660455,61.056231],[-158.660496,61.056514],[-158.660607,61.056866],[-158.660707,61.057148],[-158.660816,61.057485],[-158.660899,61.057853],[-158.661044,61.058644],[-158.661646,61.060132],[-158.661798,61.061778],[-158.661352,61.062775],[-158.661582,61.064147],[-158.661455,61.065304]]}},{"type":"Feature","properties":{"FaultName":"Atsaksovluk","Change":"Revised","QfaultID":5293,"Feature":"Uphill-facing scarps and linear slope breaks","SlipSense1":"Thrust","SlipSense2":"Up-to-the-east"},"geometry":{"type":"LineString","coordinates":[[-158.660755,61.046852],[-158.66022,61.047638],[-158.659604,61.048484],[-158.659289,61.049164],[-158.659114,61.049582],[-158.659016,61.050126],[-158.658984,61.050511],[-158.659098,61.050892],[-158.659313,61.051553],[-158.659444,61.052047]]}},{"type":"Feature","properties":{"FaultName":"Atsaksovluk","Change":"Revised","QfaultID":5293,"Feature":"Uphill-facing scarps and linear slope breaks","SlipSense1":"Thrust","SlipSense2":"Up-to-the-east"},"geometry":{"type":"LineString","coordinates":[[-158.656259,61.046833],[-158.656785,61.047399],[-158.656885,61.04768],[-158.657201,61.048224],[-158.657301,61.048505],[-158.657523,61.048811],[-158.657793,61.049243],[-158.658353,61.049836],[-158.658984,61.050511]]}},{"type":"Feature","properties":{"FaultName":"Atsaksovluk","Change":"Revised","QfaultID":5293,"Feature":"Uphill-facing scarps and linear slope breaks","SlipSense1":"Thrust","SlipSense2":"Up-to-the-east"},"geometry":{"type":"LineString","coordinates":[[-158.643929,61.054482],[-158.643755,61.055318],[-158.643556,61.05632],[-158.643319,61.057063],[-158.643458,61.057675],[-158.643435,61.058198],[-158.643494,61.058599],[-158.643461,61.059051],[-158.643484,61.059548],[-158.643854,61.060057],[-158.643702,61.06037],[-158.643515,61.06078],[-158.643584,61.061252],[-158.643628,61.061891],[-158.643679,61.062245],[-158.644007,61.062803],[-158.644163,61.063533],[-158.644287,61.06405]]}},{"type":"Feature","properties":{"FaultName":"Atsaksovluk","Change":"Revised","QfaultID":5293,"Feature":"Uphill-facing scarps and linear slope breaks","SlipSense1":"Thrust","SlipSense2":"Up-to-the-east"},"geometry":{"type":"LineString","coordinates":[[-158.647929,61.052165],[-158.647809,61.052691],[-158.647876,61.053495]]}},{"type":"Feature","properties":{"FaultName":"Atsaksovluk","Change":"Revised","QfaultID":5293,"Feature":"Uphill-facing scarps and linear slope breaks","SlipSense1":"Thrust","SlipSense2":"Up-to-the-east"},"geometry":{"type":"LineString","coordinates":[[-158.646696,61.057234],[-158.646716,61.057708],[-158.64648,61.058119],[-158.646177,61.058746],[-158.646186,61.059148],[-158.646304,61.059619],[-158.646278,61.060118],[-158.646144,61.060549],[-158.6463,61.060947],[-158.646723,61.061478],[-158.646946,61.061992]]}},{"type":"Feature","properties":{"FaultName":"Atsaksovluk","Change":"Revised","QfaultID":5293,"Feature":"Uphill-facing scarps and linear slope breaks","SlipSense1":"Thrust","SlipSense2":"Up-to-the-east"},"geometry":{"type":"LineString","coordinates":[[-158.637652,61.059272],[-158.637812,61.059836],[-158.637973,61.0604],[-158.637972,61.060931],[-158.63804,61.061403],[-158.637949,61.061861],[-158.63808,61.062217],[-158.638213,61.062592]]}},{"type":"Feature","properties":{"FaultName":"Atsaksovluk","Change":"Revised","QfaultID":5293,"Feature":"Uphill-facing scarps and linear slope breaks","SlipSense1":"Thrust","SlipSense2":"Up-to-the-east"},"geometry":{"type":"LineString","coordinates":[[-158.688065,61.018768],[-158.688384,61.019261],[-158.688375,61.019617],[-158.688715,61.020258]]}},{"type":"Feature","properties":{"FaultName":"Atsaksovluk","Change":"Revised","QfaultID":5293,"Feature":"Uphill-facing scarps and linear slope breaks","SlipSense1":"Thrust","SlipSense2":"Up-to-the-east"},"geometry":{"type":"LineString","coordinates":[[-158.689882,61.023597],[-158.689807,61.024341],[-158.689837,61.024962],[-158.68991,61.025464],[-158.690019,61.026201],[-158.690075,61.026585]]}},{"type":"Feature","properties":{"FaultName":"Atsaksovluk","Change":"Revised","QfaultID":5293,"Feature":"Uphill-facing scarps and linear slope breaks","SlipSense1":"Thrust","SlipSense2":"Up-to-the-east"},"geometry":{"type":"LineString","coordinates":[[-158.695167,61.026885],[-158.695389,61.02756],[-158.69569,61.02835],[-158.695768,61.028881],[-158.696214,61.029399],[-158.696275,61.029812],[-158.696287,61.030316]]}},{"type":"Feature","properties":{"FaultName":"Atsaksovluk","Change":"Revised","QfaultID":5293,"Feature":"Uphill-facing scarps and linear slope breaks","SlipSense1":"Thrust","SlipSense2":"Up-to-the-east"},"geometry":{"type":"LineString","coordinates":[[-158.696214,61.029399],[-158.697027,61.029822],[-158.697249,61.029992]]}},{"type":"Feature","properties":{"FaultName":"Atsaksovluk","Change":"Revised","QfaultID":5293,"Feature":"Uphill-facing scarps and linear slope breaks","SlipSense1":"Thrust","SlipSense2":"Up-to-the-east"},"geometry":{"type":"LineString","coordinates":[[-158.696275,61.031069],[-158.696068,61.031669],[-158.695736,61.032427],[-158.69576,61.032924],[-158.695533,61.033395]]}},{"type":"Feature","properties":{"FaultName":"Atsaksovluk","Change":"Revised","QfaultID":5293,"Feature":"Uphill-facing scarps and linear slope breaks","SlipSense1":"Thrust","SlipSense2":"Up-to-the-east"},"geometry":{"type":"LineString","coordinates":[[-158.698674,61.031805],[-158.698741,61.032431],[-158.698622,61.032957],[-158.6987,61.033156],[-158.698733,61.033546],[-158.698879,61.034039],[-158.699208,61.034431]]}},{"type":"Feature","properties":{"FaultName":"Atsaksovluk","Change":"Revised","QfaultID":5293,"Feature":"Uphill-facing scarps and linear slope breaks","SlipSense1":"Thrust","SlipSense2":"Up-to-the-east"},"geometry":{"type":"LineString","coordinates":[[-158.680695,61.049943],[-158.681498,61.050876],[-158.681481,61.051268],[-158.68179,61.051862],[-158.68233,61.052519],[-158.683185,61.053309],[-158.683489,61.053867],[-158.683446,61.05458],[-158.683198,61.055407],[-158.68328,61.056471],[-158.683556,61.057849]]}},{"type":"Feature","properties":{"FaultName":"Atsaksovluk","Change":"Revised","QfaultID":5293,"Feature":"Scarps and linear slope breaks","SlipSense1":"Strike-slip","SlipSense2":"Right-lateral"},"geometry":{"type":"LineString","coordinates":[[-158.829943,60.938176],[-158.826875,60.939328],[-158.826143,60.939686],[-158.824596,60.940499],[-158.823284,60.940925],[-158.821618,60.9416],[-158.820168,60.94241],[-158.819953,60.942939],[-158.818424,60.94323],[-158.817518,60.943736],[-158.816004,60.944121],[-158.813911,60.944574],[-158.812899,60.945036],[-158.812391,60.945576],[-158.811317,60.946278],[-158.810452,60.946403],[-158.809579,60.946481],[-158.808596,60.947132],[-158.807053,60.947328],[-158.80579,60.94742],[-158.804709,60.948075],[-158.803285,60.948409],[-158.802357,60.948774],[-158.801639,60.949226],[-158.799657,60.949769]]}},{"type":"Feature","properties":{"FaultName":"Denali (Holitna)","Change":"Revised","QfaultID":5000,"Feature":"Scarps and linear slope breaks","SlipSense1":"Strike-slip","SlipSense2":"Right-lateral"},"geometry":{"type":"LineString","coordinates":[[-158.764924,60.713711],[-158.761026,60.715389],[-158.757942,60.716801],[-158.754494,60.718225],[-158.75082,60.719776],[-158.743515,60.722343],[-158.736806,60.724829],[-158.729424,60.727048],[-158.728238,60.727943],[-158.725856,60.728666],[-158.72494,60.729409],[-158.723265,60.729965],[-158.720456,60.730774],[-158.718707,60.73183],[-158.717022,60.732315],[-158.71444,60.733685],[-158.71264,60.734388],[-158.709715,60.735414],[-158.708716,60.73559],[-158.705542,60.736909],[-158.703751,60.737683],[-158.70144,60.738901],[-158.699128,60.740118],[-158.697389,60.741246],[-158.694859,60.741973],[-158.692682,60.743115],[-158.690922,60.7441],[-158.687475,60.745571],[-158.685308,60.746783],[-158.681163,60.748491],[-158.676651,60.750708],[-158.674182,60.75186],[-158.670733,60.75333],[-158.669263,60.754305],[-158.666428,60.755967],[-158.664541,60.757099],[-158.662446,60.757811],[-158.660081,60.758674],[-158.657308,60.759765],[-158.655275,60.760901],[-158.652428,60.762492],[-158.650696,60.763689],[-158.6479,60.765634],[-158.645648,60.76628],[-158.643635,60.767558],[-158.641736,60.768618],[-158.639617,60.770184],[-158.636873,60.771487],[-158.632688,60.773976]]}},{"type":"Feature","properties":{"FaultName":"Denali (Holitna)","Change":"Revised","QfaultID":5000,"Feature":"Scarps and linear slope breaks","SlipSense1":"Strike-slip","SlipSense2":"Right-lateral"},"geometry":{"type":"LineString","coordinates":[[-158.622834,60.779859],[-158.621195,60.780697],[-158.619566,60.781606],[-158.618375,60.7825],[-158.616797,60.783762]]}},{"type":"Feature","properties":{"FaultName":"Denali (Holitna)","Change":"Revised","QfaultID":5000,"Feature":"Scarps and linear slope breaks","SlipSense1":"Strike-slip","SlipSense2":"Right-lateral"},"geometry":{"type":"LineString","coordinates":[[-158.605568,60.785208],[-158.60421,60.785966],[-158.601987,60.786823],[-158.60088,60.787287],[-158.597203,60.78926],[-158.592575,60.791764],[-158.590371,60.792762]]}},{"type":"Feature","properties":{"FaultName":"Denali (Holitna)","Change":"Revised","QfaultID":5000,"Feature":"Scarps and linear slope breaks","SlipSense1":"Strike-slip","SlipSense2":"Right-lateral"},"geometry":{"type":"LineString","coordinates":[[-158.58478,60.795724],[-158.582984,60.796496],[-158.58083,60.797849]]}},{"type":"Feature","properties":{"FaultName":"Denali (Holitna)","Change":"Revised","QfaultID":5000,"Feature":"Scarps and linear slope breaks","SlipSense1":"Strike-slip","SlipSense2":"Right-lateral"},"geometry":{"type":"LineString","coordinates":[[-158.575806,60.801716],[-158.573702,60.803422],[-158.571915,60.804265],[-158.56837,60.806161],[-158.566487,60.807363],[-158.564407,60.808214],[-158.560463,60.810409],[-158.558851,60.811459],[-158.557219,60.812367],[-158.556151,60.813113],[-158.554363,60.813956],[-158.553411,60.814485],[-158.550922,60.815564],[-158.548746,60.816774],[-158.546423,60.81799],[-158.544352,60.818912],[-158.54228,60.819835],[-158.539539,60.821206],[-158.536535,60.822799],[-158.534347,60.823939],[-158.531983,60.824871]]}},{"type":"Feature","properties":{"FaultName":"Denali (Holitna)","Change":"Revised","QfaultID":5000,"Feature":"Scarps and linear slope breaks","SlipSense1":"Strike-slip","SlipSense2":"Right-lateral"},"geometry":{"type":"LineString","coordinates":[[-158.492878,60.84124],[-158.488886,60.843149],[-158.486588,60.844576],[-158.484484,60.845285],[-158.482526,60.845989],[-158.481631,60.846943],[-158.479663,60.847577],[-158.475367,60.849424],[-158.471161,60.85051]]}},{"type":"Feature","properties":{"FaultName":"Denali (Holitna)","Change":"Revised","QfaultID":5000,"Feature":"Scarps and linear slope breaks","SlipSense1":"Strike-slip","SlipSense2":"Right-lateral"},"geometry":{"type":"LineString","coordinates":[[-158.476432,60.846876],[-158.475225,60.848054],[-158.471161,60.85051],[-158.466465,60.852655],[-158.465302,60.853451],[-158.463191,60.854469],[-158.460236,60.856462],[-158.45826,60.857047],[-158.456739,60.857381],[-158.455797,60.857649],[-158.455206,60.858332],[-158.453673,60.859283],[-158.451301,60.860546],[-158.450495,60.861093],[-158.449722,60.861877],[-158.448858,60.862],[-158.44787,60.862649],[-158.446954,60.863105],[-158.446525,60.863546],[-158.4454,60.863914],[-158.443463,60.864783],[-158.442566,60.865381],[-158.439394,60.867239],[-158.438211,60.867893],[-158.437041,60.868642],[-158.435773,60.869395],[-158.4347,60.870141],[-158.433536,60.870937],[-158.432275,60.871737],[-158.431046,60.872772],[-158.429778,60.873524],[-158.428263,60.874616],[-158.426994,60.875369],[-158.426038,60.876253],[-158.424022,60.877266],[-158.421674,60.878717]]}},{"type":"Feature","properties":{"FaultName":"Denali (Holitna)","Change":"Revised","QfaultID":5000,"Feature":"Scarps and linear slope breaks","SlipSense1":"Strike-slip","SlipSense2":"Right-lateral"},"geometry":{"type":"LineString","coordinates":[[-158.366935,60.911115],[-158.365167,60.911646],[-158.363794,60.912371],[-158.362788,60.913084],[-158.362123,60.913609],[-158.361394,60.914107],[-158.360668,60.914633],[-158.359788,60.915373],[-158.359025,60.916078],[-158.358055,60.916613],[-158.357423,60.917374],[-158.356534,60.918054],[-158.35538,60.919039],[-158.354377,60.919782],[-158.353569,60.920608],[-158.352583,60.921024],[-158.351935,60.921667],[-158.351567,60.922123]]}},{"type":"Feature","properties":{"FaultName":"Denali (Holitna)","Change":"Revised","QfaultID":5000,"Feature":"Scarps and linear slope breaks","SlipSense1":"Strike-slip","SlipSense2":"Right-lateral"},"geometry":{"type":"LineString","coordinates":[[-158.35005,60.923149],[-158.349243,60.92353],[-158.348428,60.923853],[-158.347462,60.924417],[-158.34701,60.924698],[-158.346638,60.925124]]}},{"type":"Feature","properties":{"FaultName":"Denali (Holitna)","Change":"Revised","QfaultID":5000,"Feature":"Scarps and linear slope breaks","SlipSense1":"Strike-slip","SlipSense2":"Right-lateral"},"geometry":{"type":"LineString","coordinates":[[-158.340479,60.92766],[-158.339615,60.928073],[-158.339011,60.928595],[-158.338338,60.929061],[-158.336972,60.929845],[-158.33618,60.930344],[-158.335564,60.930779],[-158.334768,60.931693]]}},{"type":"Feature","properties":{"FaultName":"Denali (Holitna)","Change":"Revised","QfaultID":5000,"Feature":"Scarps and linear slope breaks","SlipSense1":"Strike-slip","SlipSense2":"Right-lateral"},"geometry":{"type":"LineString","coordinates":[[-158.317677,60.945092],[-158.317488,60.945512],[-158.31697,60.945766],[-158.316178,60.946265],[-158.315745,60.946693],[-158.315552,60.947085]]}},{"type":"Feature","properties":{"FaultName":"Denali (Holitna)","Change":"Revised","QfaultID":5000,"Feature":"Scarps and linear slope breaks","SlipSense1":"Strike-slip","SlipSense2":"Right-lateral"},"geometry":{"type":"LineString","coordinates":[[-158.25908,60.978448],[-158.258344,60.978915],[-158.257595,60.979294],[-158.256634,60.979916],[-158.256114,60.980169],[-158.255171,60.980465],[-158.254258,60.980997],[-158.253549,60.981671],[-158.252977,60.981985]]}},{"type":"Feature","properties":{"FaultName":"Denali (Holitna)","Change":"Revised","QfaultID":5000,"Feature":"Scarps and linear slope breaks","SlipSense1":"Strike-slip","SlipSense2":"Right-lateral"},"geometry":{"type":"LineString","coordinates":[[-158.251071,60.982903],[-158.247464,60.985355],[-158.24696,60.985727],[-158.245674,60.986685],[-158.243262,60.988419],[-158.242639,60.988823],[-158.241211,60.989637],[-158.240963,60.990089],[-158.239818,60.990717],[-158.238879,60.991517],[-158.236557,60.99301],[-158.236126,60.993468],[-158.235056,60.994212],[-158.233995,60.995015],[-158.233441,60.995477]]}},{"type":"Feature","properties":{"FaultName":"Denali (Holitna)","Change":"Revised","QfaultID":5000,"Feature":"Scarps and linear slope breaks","SlipSense1":"Strike-slip","SlipSense2":"Right-lateral"},"geometry":{"type":"LineString","coordinates":[[-158.236024,60.995486],[-158.235237,60.996044],[-158.234382,60.996544],[-158.233848,60.997153],[-158.233263,60.997379],[-158.232273,60.997794],[-158.231753,60.998047],[-158.231624,60.998466],[-158.231047,60.99875],[-158.230375,60.999245]]}},{"type":"Feature","properties":{"FaultName":"Denali (Holitna)","Change":"Revised","QfaultID":5000,"Feature":"Scarps and linear slope breaks","SlipSense1":"Strike-slip","SlipSense2":"Right-lateral"},"geometry":{"type":"LineString","coordinates":[[-158.230327,60.999493],[-158.229766,60.999711],[-158.22955,60.999753],[-158.229564,60.99986],[-158.229213,60.999989]]}},{"type":"Feature","properties":{"FaultName":"Denali (Holitna)","Change":"Revised","QfaultID":5000,"Feature":"Scarps and linear slope breaks","SlipSense1":"Strike-slip","SlipSense2":"Right-lateral"},"geometry":{"type":"LineString","coordinates":[[-158.226584,61.003599],[-158.225681,61.003746],[-158.225069,61.003764],[-158.224518,61.003781],[-158.224174,61.00397],[-158.223454,61.00411],[-158.22303,61.004153],[-158.222652,61.00455],[-158.222189,61.004771],[-158.221987,61.005103],[-158.221762,61.005258],[-158.221234,61.005452],[-158.219613,61.006213],[-158.218294,61.006935],[-158.217904,61.007243],[-158.217158,61.007651],[-158.216684,61.007784],[-158.216267,61.007886],[-158.215984,61.008073],[-158.215755,61.008198],[-158.215353,61.008418],[-158.214738,61.008881],[-158.213695,61.009832],[-158.212915,61.010448],[-158.212303,61.010941],[-158.211631,61.011435]]}},{"type":"Feature","properties":{"FaultName":"Denali (Holitna)","Change":"Revised","QfaultID":5000,"Feature":"Scarps and linear slope breaks","SlipSense1":"Strike-slip","SlipSense2":"Right-lateral"},"geometry":{"type":"LineString","coordinates":[[-158.210672,61.012561],[-158.209436,61.012984],[-158.208744,61.013331],[-158.208281,61.013553],[-158.208014,61.013857],[-158.207562,61.014167],[-158.206951,61.01466],[-158.206549,61.01488],[-158.20596,61.015075],[-158.205872,61.015345],[-158.205536,61.015592],[-158.205383,61.015834],[-158.204871,61.016146],[-158.204469,61.016365],[-158.204251,61.016579],[-158.203849,61.016799],[-158.203375,61.016932],[-158.203015,61.017002],[-158.202728,61.017159],[-158.202625,61.017311],[-158.20235,61.017556],[-158.202002,61.017715],[-158.201535,61.017907],[-158.201076,61.018158],[-158.200919,61.01837],[-158.200223,61.018687],[-158.198655,61.019861],[-158.198092,61.020264],[-158.197813,61.020479],[-158.1974,61.020611],[-158.196818,61.020865],[-158.196853,61.021131],[-158.196884,61.021367],[-158.196543,61.021585],[-158.195579,61.021733]]}},{"type":"Feature","properties":{"FaultName":"Denali (Holitna)","Change":"Revised","QfaultID":5000,"Feature":"Scarps and linear slope breaks","SlipSense1":"Strike-slip","SlipSense2":"Right-lateral"},"geometry":{"type":"LineString","coordinates":[[-158.193065,61.023202],[-158.192494,61.023545],[-158.191488,61.023842],[-158.19122,61.024147],[-158.190944,61.024392],[-158.190282,61.024501],[-158.189758,61.024725],[-158.188946,61.025105],[-158.188437,61.025446],[-158.187851,61.025672],[-158.187163,61.026048],[-158.186343,61.026369],[-158.186137,61.026672],[-158.185743,61.02695],[-158.184739,61.027277]]}},{"type":"Feature","properties":{"FaultName":"Denali (Holitna)","Change":"Revised","QfaultID":5000,"Feature":"Scarps and linear slope breaks","SlipSense1":"Strike-slip","SlipSense2":"Right-lateral"},"geometry":{"type":"LineString","coordinates":[[-158.182059,61.028425],[-158.181259,61.028894],[-158.180497,61.029184],[-158.17979,61.029887],[-158.179411,61.030283],[-158.178706,61.030542],[-158.178281,61.031058],[-158.17763,61.031256],[-158.176937,61.031603],[-158.176375,61.032005],[-158.175927,61.032344],[-158.175475,61.032654],[-158.175012,61.032876],[-158.174077,61.03326]]}},{"type":"Feature","properties":{"FaultName":"Denali (Holitna)","Change":"Revised","QfaultID":5000,"Feature":"Scarps and linear slope breaks","SlipSense1":"Strike-slip","SlipSense2":"Right-lateral"},"geometry":{"type":"LineString","coordinates":[[-158.171451,61.035295],[-158.171371,61.036097],[-158.170237,61.036842],[-158.169142,61.037409],[-158.168445,61.037726],[-158.167648,61.038224],[-158.166821,61.038487],[-158.165844,61.03902],[-158.165097,61.039427],[-158.164346,61.039806],[-158.163948,61.040055],[-158.163419,61.040249],[-158.163166,61.040671],[-158.163063,61.040822],[-158.162941,61.0413],[-158.162906,61.041508],[-158.162768,61.041868],[-158.162228,61.041973],[-158.161883,61.042161],[-158.160991,61.042396],[-158.160523,61.042588],[-158.160243,61.042804],[-158.159956,61.04296],[-158.159243,61.04316],[-158.158853,61.043468],[-158.157837,61.043706]]}},{"type":"Feature","properties":{"FaultName":"Denali (Holitna)","Change":"Revised","QfaultID":5000,"Feature":"Scarps and linear slope breaks","SlipSense1":"Strike-slip","SlipSense2":"Right-lateral"},"geometry":{"type":"LineString","coordinates":[[-158.160586,61.043218],[-158.160148,61.043487],[-158.15974,61.043755],[-158.159098,61.044045],[-158.158517,61.044347],[-158.157757,61.04464]]}},{"type":"Feature","properties":{"FaultName":"Denali (Holitna)","Change":"Revised","QfaultID":5000,"Feature":"Scarps and linear slope breaks","SlipSense1":"Strike-slip","SlipSense2":"Right-lateral"},"geometry":{"type":"LineString","coordinates":[[-158.153393,61.046151],[-158.152743,61.046455],[-158.152161,61.046899],[-158.151406,61.047159],[-158.150971,61.047598],[-158.1503,61.047737],[-158.149837,61.047964],[-158.149128,61.048199],[-158.148242,61.048581],[-158.147586,61.048838],[-158.146945,61.049213]]}},{"type":"Feature","properties":{"FaultName":"Denali (Holitna)","Change":"Revised","QfaultID":5000,"Feature":"East-facing scarp; up-to-the west","SlipSense1":"Thrust","SlipSense2":"Right-lateral oblique; up-to-the-west"},"geometry":{"type":"LineString","coordinates":[[-158.136592,61.062062],[-158.136807,61.061819],[-158.13708,61.061645],[-158.137194,61.061381],[-158.137289,61.060975],[-158.137467,61.060448],[-158.137525,61.060138],[-158.13747,61.059713],[-158.137381,61.059408],[-158.137409,61.058862],[-158.137492,61.058361],[-158.13771,61.058142],[-158.137728,61.057904],[-158.137529,61.057507],[-158.137394,61.057227],[-158.137551,61.056914],[-158.137563,61.056629],[-158.137827,61.056384],[-158.138109,61.055902],[-158.138407,61.055537],[-158.138726,61.054959],[-158.139103,61.05407],[-158.13937,61.05347],[-158.139665,61.053082]]}},{"type":"Feature","properties":{"FaultName":"Denali (Holitna)","Change":"Revised","QfaultID":5000,"Feature":"Scarps and linear slope breaks","SlipSense1":"Strike-slip","SlipSense2":"Right-lateral"},"geometry":{"type":"LineString","coordinates":[[-158.130092,61.067803],[-158.129568,61.067937],[-158.129159,61.06821],[-158.128567,61.068584],[-158.128036,61.06905],[-158.127631,61.069346],[-158.12737,61.069615],[-158.126909,61.069866],[-158.126455,61.070164],[-158.125642,61.070354],[-158.125326,61.070577],[-158.125209,61.070817],[-158.124576,61.071263],[-158.123886,61.071639],[-158.123388,61.071986],[-158.122858,61.072073],[-158.122498,61.072344],[-158.122105,61.072735],[-158.121651,61.073033],[-158.121372,61.07316],[-158.120939,61.073244],[-158.120171,61.073788],[-158.120008,61.074054],[-158.119502,61.07433],[-158.118713,61.074709],[-158.117558,61.075312]]}},{"type":"Feature","properties":{"FaultName":"Denali (Holitna)","Change":"Revised","QfaultID":5000,"Feature":"Scarps and linear slope breaks","SlipSense1":"Strike-slip","SlipSense2":"Right-lateral"},"geometry":{"type":"LineString","coordinates":[[-158.106273,61.083375],[-158.105766,61.083651],[-158.1056,61.083893],[-158.105179,61.084071],[-158.104629,61.084396],[-158.104092,61.084436],[-158.103371,61.084575],[-158.102919,61.084897],[-158.102612,61.085191],[-158.102157,61.085489],[-158.101558,61.085814],[-158.100946,61.086046],[-158.100587,61.086317],[-158.100184,61.086637],[-158.099383,61.086922],[-158.098443,61.087282],[-158.097693,61.087588],[-158.097235,61.087863],[-158.096811,61.088017],[-158.096313,61.088364],[-158.09604,61.088538],[-158.095662,61.088668],[-158.09525,61.088917],[-158.094971,61.089044],[-158.0947,61.089241],[-158.094331,61.089442],[-158.093904,61.089573],[-158.09349,61.089799],[-158.09301,61.089908],[-158.092694,61.09013],[-158.092279,61.090356],[-158.092011,61.090577],[-158.091698,61.090824],[-158.091249,61.091169],[-158.09088,61.091369],[-158.090474,61.091666],[-158.090059,61.091891],[-158.089638,61.09207],[-158.088889,61.092376],[-158.088572,61.092599],[-158.08801,61.092829],[-158.087739,61.093027],[-158.087211,61.093137],[-158.086839,61.093314],[-158.086464,61.093467],[-158.086218,61.093475],[-158.085524,61.093827],[-158.084798,61.094322],[-158.083578,61.094809],[-158.083022,61.095086],[-158.082514,61.095362],[-158.081891,61.095499],[-158.081196,61.095851],[-158.080735,61.096102],[-158.080086,61.096429],[-158.079253,61.096856],[-158.078694,61.09711],[-158.078186,61.097386],[-158.077783,61.097706],[-158.077608,61.097877],[-158.077054,61.098178]]}},{"type":"Feature","properties":{"FaultName":"Denali (Holitna)","Change":"Revised","QfaultID":5000,"Feature":"Scarps and linear slope breaks","SlipSense1":"Strike-slip","SlipSense2":"Right-lateral"},"geometry":{"type":"LineString","coordinates":[[-158.075348,61.099105],[-158.074705,61.099479],[-158.073955,61.099786],[-158.073343,61.100017],[-158.072974,61.100218],[-158.072476,61.100564],[-158.071966,61.100816],[-158.071704,61.101085],[-158.071104,61.101411],[-158.070729,61.101564],[-158.069788,61.101923],[-158.069527,61.102192],[-158.069155,61.102369],[-158.068254,61.102656],[-158.067446,61.102893],[-158.066782,61.103102],[-158.066124,61.103359],[-158.065223,61.103646]]}},{"type":"Feature","properties":{"FaultName":"Denali (Holitna)","Change":"Revised","QfaultID":5000,"Feature":"Scarps and linear slope breaks","SlipSense1":"Strike-slip","SlipSense2":"Right-lateral"},"geometry":{"type":"LineString","coordinates":[[-158.063465,61.105333],[-158.063194,61.10553],[-158.062432,61.105742],[-158.061955,61.105875],[-158.061577,61.106005],[-158.061152,61.106159],[-158.060725,61.10629],[-158.060168,61.106567],[-158.059833,61.106648],[-158.059618,61.106892],[-158.058895,61.107031],[-158.057997,61.107342],[-158.057616,61.107448]]}},{"type":"Feature","properties":{"FaultName":"Denali (Holitna)","Change":"Revised","QfaultID":5000,"Feature":"Scarps and linear slope breaks","SlipSense1":"Strike-slip","SlipSense2":"Right-lateral"},"geometry":{"type":"LineString","coordinates":[[-158.059618,61.106892],[-158.059638,61.107247],[-158.059295,61.107458],[-158.058849,61.107637],[-158.058621,61.107786],[-158.058295,61.107938],[-158.057887,61.108021],[-158.057461,61.108164],[-158.057201,61.108254],[-158.05689,61.108335],[-158.056663,61.108484],[-158.056488,61.108666],[-158.056368,61.108883],[-158.056192,61.109054],[-158.0557,61.109258],[-158.055406,61.109468],[-158.054594,61.110061]]}},{"type":"Feature","properties":{"FaultName":"Denali (Holitna)","Change":"Revised","QfaultID":5000,"Feature":"Scarps and linear slope breaks","SlipSense1":"Strike-slip","SlipSense2":"Right-lateral"},"geometry":{"type":"LineString","coordinates":[[-158.051743,61.111318],[-158.049953,61.111987],[-158.048865,61.11235],[-158.048111,61.112633],[-158.047459,61.112937],[-158.04712,61.112994],[-158.046696,61.113149],[-158.046318,61.113278],[-158.045862,61.113576],[-158.045348,61.113804],[-158.044733,61.114012],[-158.04437,61.11426],[-158.044304,61.114522],[-158.04371,61.114895],[-158.043341,61.115095],[-158.042928,61.115345],[-158.042411,61.115549],[-158.042183,61.115698]]}},{"type":"Feature","properties":{"FaultName":"Denali (Holitna)","Change":"Revised","QfaultID":5000,"Feature":"Scarps and linear slope breaks","SlipSense1":"Strike-slip","SlipSense2":"Right-lateral"},"geometry":{"type":"LineString","coordinates":[[-158.032631,61.124059],[-158.031932,61.124387],[-158.03147,61.124638],[-158.031066,61.124958],[-158.030223,61.125314]]}},{"type":"Feature","properties":{"FaultName":"Denali (Holitna)","Change":"Revised","QfaultID":5000,"Feature":"Scarps and linear slope breaks","SlipSense1":"Strike-slip","SlipSense2":"Right-lateral"},"geometry":{"type":"LineString","coordinates":[[-158.027978,61.126304],[-158.02719,61.126706],[-158.026494,61.127058],[-158.025804,61.127457],[-158.025357,61.127826],[-158.025027,61.127954]]}},{"type":"Feature","properties":{"FaultName":"Denali (Holitna)","Change":"Revised","QfaultID":5000,"Feature":"Scarps and linear slope breaks","SlipSense1":"Strike-slip","SlipSense2":"Right-lateral"},"geometry":{"type":"LineString","coordinates":[[-158.016624,61.132962],[-158.015775,61.133271],[-158.014907,61.133439],[-158.014242,61.133648],[-158.013765,61.13378],[-158.013337,61.133911],[-158.012878,61.134185],[-158.012398,61.134294],[-158.012077,61.134492],[-158.011314,61.134704]]}},{"type":"Feature","properties":{"FaultName":"Denali (Holitna)","Change":"Revised","QfaultID":5000,"Feature":"Scarps and linear slope breaks","SlipSense1":"Strike-slip","SlipSense2":"Right-lateral"},"geometry":{"type":"LineString","coordinates":[[-157.99777,61.136452],[-157.997825,61.136887],[-157.99758,61.13714],[-157.997213,61.13736],[-157.996764,61.137562],[-157.996362,61.13782],[-157.996115,61.138055],[-157.995932,61.138174],[-157.995481,61.138358],[-157.994448,61.138937],[-157.993424,61.139592],[-157.992575,61.140072]]}},{"type":"Feature","properties":{"FaultName":"Denali (Holitna)","Change":"Revised","QfaultID":5000,"Feature":"Scarps and linear slope breaks","SlipSense1":"Thrust","SlipSense2":"Up-to-the-west"},"geometry":{"type":"LineString","coordinates":[[-157.992575,61.140072],[-157.992806,61.140653],[-157.993073,61.140892],[-157.993241,61.141285],[-157.993387,61.141508],[-157.993666,61.141842]]}},{"type":"Feature","properties":{"FaultName":"Denali (Holitna)","Change":"Revised","QfaultID":5000,"Feature":"Scarps and linear slope breaks","SlipSense1":"Thrust","SlipSense2":"Up-to-the-west"},"geometry":{"type":"LineString","coordinates":[[-157.994406,61.140493],[-157.994532,61.140869],[-157.994716,61.141072],[-157.994578,61.14155],[-157.994929,61.141824],[-157.99521,61.142176],[-157.995285,61.142458],[-157.995165,61.142765],[-157.995247,61.143104],[-157.994899,61.143474],[-157.994712,61.143878],[-157.994317,61.144193],[-157.99388,61.14449]]}},{"type":"Feature","properties":{"FaultName":"Denali (Holitna)","Change":"Revised","QfaultID":5000,"Feature":"Scarps and linear slope breaks","SlipSense1":"Strike-slip","SlipSense2":"Right-lateral"},"geometry":{"type":"LineString","coordinates":[[-157.991767,61.145916],[-157.991367,61.146193],[-157.990886,61.146453],[-157.990541,61.146539]]}},{"type":"Feature","properties":{"FaultName":"Denali (Holitna)","Change":"Revised","QfaultID":5000,"Feature":"Scarps and linear slope breaks","SlipSense1":"Strike-slip","SlipSense2":"Right-lateral"},"geometry":{"type":"LineString","coordinates":[[-157.986159,61.148466],[-157.98613,61.148865],[-157.986087,61.149151],[-157.985976,61.149533],[-157.985829,61.149936]]}},{"type":"Feature","properties":{"FaultName":"Denali (Holitna)","Change":"Revised","QfaultID":5000,"Feature":"Scarps and linear slope breaks","SlipSense1":"Strike-slip","SlipSense2":"Right-lateral"},"geometry":{"type":"LineString","coordinates":[[-157.989382,61.148013],[-157.98864,61.148395],[-157.987818,61.148779],[-157.987182,61.149025],[-157.986767,61.149257],[-157.985829,61.149936],[-157.985411,61.150263],[-157.98485,61.150635],[-157.984019,61.151142],[-157.9837,61.151436],[-157.983494,61.151688],[-157.983156,61.15183]]}},{"type":"Feature","properties":{"FaultName":"Denali (Holitna)","Change":"Revised","QfaultID":5000,"Feature":"Scarps and linear slope breaks","SlipSense1":"Strike-slip","SlipSense2":"Right-lateral"},"geometry":{"type":"LineString","coordinates":[[-157.965924,61.160413],[-157.965425,61.160871],[-157.964951,61.161033],[-157.964654,61.16113],[-157.964133,61.161412],[-157.963783,61.16157],[-157.96295,61.161831]]}},{"type":"Feature","properties":{"FaultName":"Denali (Holitna)","Change":"Revised","QfaultID":5000,"Feature":"Scarps and linear slope breaks","SlipSense1":"Strike-slip","SlipSense2":"Right-lateral"},"geometry":{"type":"LineString","coordinates":[[-157.963253,61.16277],[-157.962525,61.16288],[-157.962105,61.162981],[-157.961551,61.162997],[-157.96078,61.163256],[-157.960248,61.163449],[-157.959112,61.163748],[-157.958587,61.164],[-157.957777,61.164438],[-157.957313,61.164688],[-157.956553,61.165036],[-157.956264,61.165192],[-157.955599,61.165803],[-157.955465,61.166222],[-157.954655,61.16666],[-157.953772,61.167011],[-157.952512,61.167314],[-157.951614,61.167547],[-157.95114,61.167708],[-157.95029,61.168325],[-157.949946,61.168542],[-157.949106,61.168744],[-157.948849,61.169166],[-157.948763,61.169465],[-157.94851,61.169916],[-157.948264,61.170427]]}},{"type":"Feature","properties":{"FaultName":"Denali (Holitna)","Change":"Revised","QfaultID":5000,"Feature":"Scarps and linear slope breaks","SlipSense1":"Strike-slip","SlipSense2":"Right-lateral"},"geometry":{"type":"LineString","coordinates":[[-157.961586,61.162285],[-157.96078,61.163256]]}},{"type":"Feature","properties":{"FaultName":"Denali (Holitna)","Change":"Revised","QfaultID":5000,"Feature":"Scarps and linear slope breaks","SlipSense1":"Strike-slip","SlipSense2":"Right-lateral"},"geometry":{"type":"LineString","coordinates":[[-157.925395,61.181742],[-157.924265,61.182201],[-157.923621,61.182598],[-157.922653,61.182768],[-157.921726,61.183268],[-157.920967,61.183527],[-157.919274,61.184238],[-157.918254,61.184788],[-157.916845,61.185397],[-157.916173,61.185558]]}},{"type":"Feature","properties":{"FaultName":"Denali (Holitna)","Change":"Revised","QfaultID":5000,"Feature":"Scarps and linear slope breaks","SlipSense1":"Strike-slip","SlipSense2":"Right-lateral"},"geometry":{"type":"LineString","coordinates":[[-157.886859,61.194963],[-157.886093,61.195174],[-157.885339,61.195479],[-157.884645,61.195676],[-157.884011,61.19605],[-157.883913,61.19626],[-157.883572,61.196506],[-157.883083,61.19655],[-157.882535,61.196624],[-157.881803,61.196704],[-157.881407,61.197011],[-157.881001,61.19723],[-157.880396,61.197336],[-157.879569,61.197655],[-157.879228,61.197902],[-157.878699,61.198124],[-157.878224,61.198285],[-157.87764,61.198568],[-157.876679,61.198802],[-157.876044,61.199176],[-157.875555,61.199219]]}},{"type":"Feature","properties":{"FaultName":"Denali (Holitna)","Change":"Revised","QfaultID":5000,"Feature":"Scarps and linear slope breaks","SlipSense1":"Strike-slip","SlipSense2":"Right-lateral"},"geometry":{"type":"LineString","coordinates":[[-157.870597,61.200661],[-157.86927,61.201438],[-157.868069,61.201739],[-157.864892,61.202568]]}},{"type":"Feature","properties":{"FaultName":"Denali (Holitna)","Change":"Revised","QfaultID":5000,"Feature":"Scarps and linear slope breaks","SlipSense1":"Strike-slip","SlipSense2":"Right-lateral"},"geometry":{"type":"LineString","coordinates":[[-157.852413,61.20881],[-157.849769,61.208943],[-157.848887,61.209322],[-157.847393,61.209749],[-157.845771,61.21015],[-157.842523,61.210921]]}},{"type":"Feature","properties":{"FaultName":"Denali (Holitna)","Change":"Revised","QfaultID":5000,"Feature":"Scarps and linear slope breaks","SlipSense1":"Strike-slip","SlipSense2":"Right-lateral"},"geometry":{"type":"LineString","coordinates":[[-157.855853,61.205041],[-157.854558,61.205581],[-157.853172,61.205886],[-157.852229,61.206268],[-157.851264,61.206472],[-157.850679,61.206755],[-157.850425,61.207206],[-157.849855,61.207607],[-157.849209,61.207892],[-157.848781,61.207933],[-157.848385,61.208241],[-157.847547,61.208471],[-157.846836,61.208728],[-157.846088,61.209193],[-157.845137,61.209515],[-157.844228,61.210042],[-157.843341,61.210237],[-157.842523,61.210921],[-157.841933,61.211357],[-157.841299,61.211678],[-157.840228,61.211992],[-157.839313,61.212282],[-157.837907,61.212776],[-157.837111,61.213064],[-157.836697,61.213246],[-157.835726,61.213728],[-157.834857,61.214074],[-157.833981,61.214364],[-157.833245,61.214498],[-157.832604,61.214762],[-157.831537,61.215114],[-157.830689,61.21563]]}},{"type":"Feature","properties":{"FaultName":"Denali (Holitna)","Change":"Revised","QfaultID":5000,"Feature":"Scarps and linear slope breaks","SlipSense1":"Strike-slip","SlipSense2":"Right-lateral"},"geometry":{"type":"LineString","coordinates":[[-157.84327,61.211282],[-157.841933,61.211357]]}},{"type":"Feature","properties":{"FaultName":"Denali (Holitna)","Change":"Revised","QfaultID":5000,"Feature":"Scarps and linear slope breaks","SlipSense1":"Thrust","SlipSense2":"Up-to-the-west"},"geometry":{"type":"LineString","coordinates":[[-157.824813,61.218541],[-157.825041,61.218795],[-157.825336,61.21919],[-157.825423,61.219496],[-157.825778,61.219983],[-157.825876,61.220383]]}},{"type":"Feature","properties":{"FaultName":"Denali (Holitna)","Change":"Revised","QfaultID":5000,"Feature":"Scarps and linear slope breaks","SlipSense1":"Thrust","SlipSense2":"Up-to-the-west"},"geometry":{"type":"LineString","coordinates":[[-157.823461,61.218412],[-157.823451,61.218744],[-157.823433,61.219005],[-157.823319,61.219293],[-157.82297,61.219682],[-157.822952,61.219943],[-157.822983,61.220203],[-157.82302,61.22051]]}},{"type":"Feature","properties":{"FaultName":"Denali (Holitna)","Change":"Revised","QfaultID":5000,"Feature":"Scarps and linear slope breaks","SlipSense1":"Thrust","SlipSense2":"Up-to-the-west"},"geometry":{"type":"LineString","coordinates":[[-157.82297,61.219682],[-157.821985,61.220135],[-157.821806,61.220709],[-157.821742,61.220995],[-157.822069,61.221247],[-157.821944,61.22144],[-157.821714,61.221588],[-157.821638,61.22178],[-157.821664,61.221993],[-157.821152,61.222267],[-157.821239,61.222573],[-157.820785,61.222917],[-157.820706,61.223085],[-157.82029,61.223334],[-157.819924,61.223581],[-157.819804,61.223821],[-157.819444,61.224115],[-157.818976,61.224341],[-157.818859,61.224605],[-157.818879,61.224771],[-157.818608,61.224991],[-157.818634,61.225204],[-157.818567,61.225466],[-157.81825,61.225712],[-157.818019,61.226263],[-157.817685,61.226367],[-157.817263,61.226569],[-157.817358,61.226945],[-157.81703,61.227096],[-157.817055,61.227309],[-157.8169,61.227668],[-157.816775,61.227862],[-157.816801,61.228074],[-157.816675,61.228267],[-157.816704,61.228503],[-157.816712,61.228574],[-157.816636,61.228766],[-157.816409,61.228938],[-157.815732,61.229075]]}},{"type":"Feature","properties":{"FaultName":"Denali (Holitna)","Change":"Revised","QfaultID":5000,"Feature":"Scarps and linear slope breaks","SlipSense1":"Thrust","SlipSense2":"Up-to-the-west"},"geometry":{"type":"LineString","coordinates":[[-157.814933,61.23149],[-157.814553,61.231619],[-157.814625,61.231807],[-157.814453,61.232025],[-157.813932,61.232229],[-157.813555,61.232381],[-157.813421,61.232503],[-157.813199,61.232723],[-157.812822,61.232875],[-157.812243,61.23301],[-157.811819,61.233187],[-157.811694,61.23338],[-157.811481,61.23367],[-157.811501,61.233836],[-157.811285,61.234102],[-157.811177,61.234437],[-157.811202,61.234649],[-157.811222,61.234815],[-157.811187,61.234934],[-157.810916,61.235155],[-157.810588,61.235306],[-157.81032,61.23555],[-157.81009,61.235699],[-157.810063,61.235889],[-157.809711,61.236254],[-157.809745,61.236538],[-157.809282,61.236811],[-157.809075,61.237149],[-157.808871,61.23751],[-157.808899,61.237746],[-157.808617,61.237872],[-157.808355,61.238164],[-157.808389,61.238447],[-157.808606,61.238607],[-157.808632,61.238819],[-157.80837,61.239111]]}},{"type":"Feature","properties":{"FaultName":"Denali (Holitna)","Change":"Revised","QfaultID":5000,"Feature":"Scarps and linear slope-breaks","SlipSense1":"Thrust","SlipSense2":"Up-to-the-west"},"geometry":{"type":"LineString","coordinates":[[-157.803482,61.243795],[-157.802845,61.244262],[-157.802251,61.244681],[-157.802264,61.245202],[-157.801523,61.246052],[-157.801041,61.246989],[-157.801083,61.248576],[-157.800835,61.249815],[-157.799679,61.251339],[-157.799553,61.252764],[-157.798783,61.25378]]}},{"type":"Feature","properties":{"FaultName":"Denali (Boss Creek)","Change":"Revised","QfaultID":5000,"Feature":"Scarps and linear slope breaks","SlipSense1":"Strike-slip","SlipSense2":"Right-lateral"},"geometry":{"type":"LineString","coordinates":[[-157.79462,61.256823],[-157.794052,61.257052],[-157.793136,61.257347],[-157.792396,61.257623],[-157.792085,61.25776],[-157.791837,61.257923],[-157.791648,61.258084],[-157.791128,61.258212],[-157.790461,61.258358],[-157.789924,61.258586],[-157.789487,61.258911],[-157.789069,61.25915],[-157.788661,61.259218],[-157.788263,61.259371],[-157.787888,61.259467],[-157.787146,61.259728],[-157.78647,61.260045],[-157.786228,61.260265],[-157.785839,61.260489],[-157.785414,61.260671],[-157.784995,61.260896],[-157.784497,61.261208],[-157.784163,61.261402],[-157.783514,61.26169],[-157.782717,61.261996],[-157.782374,61.262105]]}},{"type":"Feature","properties":{"FaultName":"Denali (Boss Creek)","Change":"Revised","QfaultID":5000,"Feature":"Scarps and linear slope-breaks","SlipSense1":"Strike-slip","SlipSense2":"Right-lateral"},"geometry":{"type":"LineString","coordinates":[[-157.92239,61.224789],[-157.920276,61.226715],[-157.918412,61.229167],[-157.917235,61.231065],[-157.915573,61.233041],[-157.914926,61.233415],[-157.914516,61.233711],[-157.914043,61.23389],[-157.913338,61.234194],[-157.912397,61.2346],[-157.911898,61.234969],[-157.911332,61.235199],[-157.911158,61.235393],[-157.9106,61.235693],[-157.90975,61.236025],[-157.909358,61.23606],[-157.908838,61.236264],[-157.90844,61.236655],[-157.907787,61.236981],[-157.907456,61.237109],[-157.906939,61.237337],[-157.906515,61.237515],[-157.905833,61.237605],[-157.905313,61.237809],[-157.905098,61.238076],[-157.904782,61.238322],[-157.904657,61.238515],[-157.904244,61.238787]]}},{"type":"Feature","properties":{"FaultName":"Denali (Boss Creek)","Change":"Revised","QfaultID":5000,"Feature":"Scarps and linear slope-breaks","SlipSense1":"Strike-slip","SlipSense2":"Right-lateral"},"geometry":{"type":"LineString","coordinates":[[-157.902435,61.239383],[-157.901718,61.239593],[-157.901547,61.239811],[-157.90094,61.240112],[-157.900478,61.240386],[-157.899729,61.240739],[-157.899258,61.240942],[-157.898939,61.241164],[-157.898419,61.241368],[-157.897661,61.24165],[-157.897028,61.241739],[-157.896374,61.242065],[-157.895811,61.242318],[-157.895328,61.242427],[-157.894806,61.242607],[-157.894324,61.242715],[-157.893711,61.24297],[-157.893101,61.243247],[-157.892828,61.243445],[-157.89202,61.243728],[-157.889403,61.244607],[-157.888334,61.244779],[-157.887614,61.244965],[-157.887111,61.245311],[-157.884128,61.246035],[-157.883753,61.246211],[-157.883122,61.246323],[-157.882652,61.246526],[-157.882216,61.246609],[-157.881885,61.246737],[-157.87986,61.247197],[-157.878945,61.247412],[-157.87789,61.247702],[-157.877117,61.247866],[-157.876342,61.248006],[-157.875714,61.248142],[-157.874843,61.248308],[-157.874192,61.248658],[-157.873073,61.248832],[-157.87289,61.248955],[-157.872216,61.249116],[-157.87067,61.249444],[-157.869275,61.249791],[-157.868366,61.250053],[-157.867741,61.250213],[-157.867247,61.250227],[-157.866143,61.250518],[-157.865082,61.250761],[-157.863917,61.250959],[-157.863638,61.251109],[-157.86317,61.251335],[-157.862676,61.251349],[-157.862008,61.251557],[-157.860977,61.251633],[-157.860291,61.2517],[-157.859724,61.251929],[-157.858872,61.252261],[-157.85825,61.252444],[-157.857463,61.252489],[-157.85635,61.25271],[-157.856216,61.252832],[-157.855202,61.25305],[-157.854188,61.253268],[-157.852767,61.253402],[-157.852186,61.253513],[-157.850509,61.253986],[-157.850038,61.254189],[-157.849462,61.254347],[-157.84898,61.254455],[-157.847948,61.254531],[-157.847762,61.254631],[-157.84664,61.25478],[-157.846152,61.254841],[-157.845818,61.254945],[-157.845417,61.254909],[-157.844318,61.255248],[-157.84321,61.255515],[-157.842141,61.255687]]}},{"type":"Feature","properties":{"FaultName":"Denali (Boss Creek)","Change":"Revised","QfaultID":5000,"Feature":"Scarps and linear slope-breaks","SlipSense1":"Strike-slip","SlipSense2":"Right-lateral"},"geometry":{"type":"LineString","coordinates":[[-157.835389,61.256822],[-157.834811,61.256956],[-157.833889,61.257124],[-157.833517,61.257324],[-157.8329,61.257554],[-157.832191,61.257834],[-157.831682,61.258133],[-157.829537,61.258434],[-157.828304,61.258733],[-157.827646,61.258865],[-157.826102,61.259211],[-157.825709,61.259241],[-157.825604,61.259357],[-157.824876,61.259567],[-157.823871,61.259784],[-157.823531,61.259926],[-157.822869,61.26002],[-157.821931,61.260141],[-157.821196,61.260294],[-157.820648,61.260347],[-157.819182,61.26069],[-157.818366,61.260827],[-157.815998,61.261252],[-157.814021,61.261629],[-157.813402,61.261759],[-157.812902,61.261887],[-157.812141,61.262154],[-157.811636,61.262244],[-157.810887,61.262283],[-157.809873,61.262425],[-157.809136,61.262559],[-157.808748,61.262626],[-157.807635,61.262941],[-157.806654,61.263025],[-157.805963,61.263215],[-157.805062,61.263637],[-157.804671,61.263686],[-157.804252,61.26383],[-157.803331,61.264083],[-157.802703,61.264138],[-157.801895,61.26435],[-157.801171,61.264597],[-157.800469,61.264692],[-157.799668,61.26496]]}},{"type":"Feature","properties":{"FaultName":"Denali (Boss Creek)","Change":"Revised","QfaultID":5000,"Feature":"Scarps and linear slope breaks","SlipSense1":"Strike-slip","SlipSense2":"Right-lateral"},"geometry":{"type":"LineString","coordinates":[[-157.793657,61.265267],[-157.793231,61.265435],[-157.79265,61.26555],[-157.792065,61.265638],[-157.79128,61.265787],[-157.790846,61.265884],[-157.790004,61.266063],[-157.789451,61.266164],[-157.789008,61.26619],[-157.788569,61.266245],[-157.788167,61.26637],[-157.787792,61.266465],[-157.787176,61.266539],[-157.786593,61.26664],[-157.786106,61.266795],[-157.785507,61.267011],[-157.784468,61.267281],[-157.783658,61.267473],[-157.782309,61.26788],[-157.781527,61.268058],[-157.780799,61.268191],[-157.78033,61.268247],[-157.779818,61.268445],[-157.779347,61.268487],[-157.778942,61.268583],[-157.778707,61.268604],[-157.778073,61.268777],[-157.777727,61.268872],[-157.777102,61.269116],[-157.776731,61.269254],[-157.776152,61.269384],[-157.775772,61.269437],[-157.775159,61.269539],[-157.77478,61.269606],[-157.774435,61.269701],[-157.773944,61.269828],[-157.773537,61.26991],[-157.77331,61.270001],[-157.772935,61.270097],[-157.772581,61.270121],[-157.77212,61.270247],[-157.771636,61.270431],[-157.771231,61.270527],[-157.770852,61.270594],[-157.769839,61.270835]]}},{"type":"Feature","properties":{"FaultName":"Denali (Boss Creek)","Change":"Revised","QfaultID":5000,"Feature":"Scarps and linear slope breaks","SlipSense1":"Strike-slip","SlipSense2":"Right-lateral"},"geometry":{"type":"LineString","coordinates":[[-157.773438,61.267496],[-157.772368,61.267667],[-157.771583,61.267736],[-157.770716,61.267949],[-157.77003,61.268015],[-157.769294,61.268082],[-157.768564,61.268197],[-157.768174,61.268255],[-157.767354,61.268443]]}},{"type":"Feature","properties":{"FaultName":"Denali (Boss Creek)","Change":"Revised","QfaultID":5000,"Feature":"Scarps and linear slope breaks","SlipSense1":"Strike-slip","SlipSense2":"Right-lateral"},"geometry":{"type":"LineString","coordinates":[[-157.768832,61.267739],[-157.768496,61.267831],[-157.768212,61.267946],[-157.767876,61.268038],[-157.767345,61.268159],[-157.766889,61.26829],[-157.766699,61.268354],[-157.766338,61.268447],[-157.76593,61.268565],[-157.76549,61.268612],[-157.765296,61.268653],[-157.76453,61.268875],[-157.763844,61.269154],[-157.763176,61.269374],[-157.762866,61.269477],[-157.762587,61.269638]]}},{"type":"Feature","properties":{"FaultName":"Denali (Boss Creek)","Change":"Revised","QfaultID":5000,"Feature":"Scarps and linear slope breaks","SlipSense1":"Strike-slip","SlipSense2":"Right-lateral"},"geometry":{"type":"LineString","coordinates":[[-157.778802,61.264084],[-157.777053,61.264542],[-157.776319,61.264835],[-157.77546,61.264905],[-157.774515,61.265085],[-157.774153,61.265166],[-157.773347,61.265271],[-157.772645,61.265409],[-157.771937,61.265499]]}},{"type":"Feature","properties":{"FaultName":"Denali (Boss Creek)","Change":"Revised","QfaultID":5000,"Feature":"Scarps and linear slope breaks","SlipSense1":"Strike-slip","SlipSense2":"Right-lateral"},"geometry":{"type":"LineString","coordinates":[[-157.760889,61.270073],[-157.760431,61.270228],[-157.759981,61.270278],[-157.759759,61.270246],[-157.759407,61.270284],[-157.759119,61.270367],[-157.758987,61.270428],[-157.758843,61.270546],[-157.758715,61.270644],[-157.758486,61.270716],[-157.758098,61.270793],[-157.757662,61.270795],[-157.757131,61.270829],[-157.756781,61.270725],[-157.75644,61.270686],[-157.756125,61.270704],[-157.755935,61.270776],[-157.755678,61.270783],[-157.75543,61.270865],[-157.755114,61.270883],[-157.754833,61.270853],[-157.754412,61.270817]]}},{"type":"Feature","properties":{"FaultName":"Denali (Boss Creek)","Change":"Revised","QfaultID":5000,"Feature":"Scarps and linear slope breaks","SlipSense1":"Strike-slip","SlipSense2":"Right-lateral"},"geometry":{"type":"LineString","coordinates":[[-157.751996,61.271347],[-157.751813,61.271475],[-157.75153,61.271596],[-157.751108,61.271721],[-157.75066,61.27179],[-157.75039,61.271855],[-157.749858,61.271878],[-157.749382,61.272052],[-157.74891,61.272255],[-157.748531,61.272398],[-157.748219,61.272444],[-157.747982,61.27245],[-157.747771,61.272513],[-157.747588,61.272641],[-157.747242,61.272736],[-157.746828,61.272756],[-157.746432,61.272767],[-157.745809,61.27286],[-157.745723,61.272976],[-157.745413,61.273041],[-157.745126,61.273125],[-157.744801,61.273228],[-157.744485,61.273237],[-157.74415,61.273255],[-157.74395,61.273412],[-157.743656,61.273439],[-157.743314,61.273401],[-157.742966,61.273477],[-157.742571,61.273658],[-157.741879,61.273847],[-157.741528,61.273894],[-157.741071,61.273888],[-157.740784,61.273981],[-157.740032,61.274162],[-157.739609,61.274278],[-157.73893,61.2744],[-157.738152,61.274535],[-157.737839,61.274572],[-157.73723,61.274787],[-157.736475,61.27495],[-157.736126,61.275016]]}},{"type":"Feature","properties":{"FaultName":"Denali (Boss Creek)","Change":"Revised","QfaultID":5000,"Feature":"Scarps and linear slope breaks","SlipSense1":"Strike-slip","SlipSense2":"Right-lateral"},"geometry":{"type":"LineString","coordinates":[[-157.729796,61.276555],[-157.72864,61.276734],[-157.727222,61.276801],[-157.726051,61.276863],[-157.724507,61.276904],[-157.723576,61.276899]]}},{"type":"Feature","properties":{"FaultName":"Denali (Boss Creek)","Change":"Revised","QfaultID":5000,"Feature":"Scarps and linear slope breaks","SlipSense1":"Strike-slip","SlipSense2":"Right-lateral"},"geometry":{"type":"LineString","coordinates":[[-157.654558,61.299227],[-157.653746,61.299722],[-157.653162,61.300033],[-157.652241,61.300117],[-157.651667,61.300517],[-157.650842,61.300894],[-157.649749,61.3011],[-157.647917,61.301889],[-157.647769,61.302219],[-157.646807,61.302481],[-157.646167,61.302853],[-157.644933,61.303448],[-157.644056,61.303915],[-157.642994,61.304387]]}},{"type":"Feature","properties":{"FaultName":"Denali (Boss Creek)","Change":"Added","QfaultID":5000,"Feature":"Range-front slope-breaks and south-facing scarps in colluvium","SlipSense1":"Normal","SlipSense2":"Down-to-the-south"},"geometry":{"type":"LineString","coordinates":[[-157.743687,61.299069],[-157.74208,61.299326],[-157.739954,61.300236],[-157.736648,61.29997],[-157.734033,61.299258],[-157.732384,61.29916],[-157.72869,61.299401],[-157.726489,61.299674],[-157.724518,61.299371],[-157.722729,61.299348],[-157.720973,61.299608],[-157.719217,61.299869],[-157.715392,61.300255],[-157.71193,61.301201],[-157.709975,61.30104],[-157.706718,61.301198]]}},{"type":"Feature","properties":{"FaultName":"Denali (Boss Creek)","Change":"Added","QfaultID":5000,"Feature":"Range-front slope-breaks and south-facing scarps in colluvium","SlipSense1":"Normal","SlipSense2":"Down-to-the-south"},"geometry":{"type":"LineString","coordinates":[[-157.686841,61.317382],[-157.68669,61.317682],[-157.686676,61.318097],[-157.686459,61.318369],[-157.686116,61.318615],[-157.686078,61.318823],[-157.685655,61.318923],[-157.684978,61.318971]]}},{"type":"Feature","properties":{"FaultName":"Denali (Boss Creek)","Change":"Added","QfaultID":5000,"Feature":"Range-front slope-breaks and south-facing scarps in colluvium","SlipSense1":"Normal","SlipSense2":"Down-to-the-south"},"geometry":{"type":"LineString","coordinates":[[-157.695558,61.314005],[-157.694444,61.314674],[-157.693314,61.315202],[-157.691607,61.315887],[-157.690625,61.31641],[-157.689982,61.317281],[-157.689322,61.318009],[-157.688695,61.319021],[-157.688285,61.319653],[-157.687841,61.320109],[-157.68725,61.320362],[-157.686394,61.320474]]}},{"type":"Feature","properties":{"FaultName":"Denali (Boss Creek)","Change":"Added","QfaultID":5000,"Feature":"Range-front slope-breaks and south-facing scarps in colluvium","SlipSense1":"Normal","SlipSense2":"Down-to-the-south"},"geometry":{"type":"LineString","coordinates":[[-157.684294,61.320026],[-157.683792,61.31998],[-157.682967,61.320357],[-157.682616,61.320544],[-157.681255,61.32058],[-157.680822,61.320592],[-157.680471,61.320779],[-157.679687,61.320977],[-157.679364,61.3214],[-157.679223,61.321789],[-157.678821,61.322066],[-157.678088,61.322174],[-157.677167,61.322258],[-157.676366,61.322309],[-157.675699,61.322445],[-157.674306,61.322748],[-157.67324,61.323191],[-157.672274,61.323424],[-157.671621,61.323678],[-157.670944,61.323725],[-157.669953,61.323752],[-157.669266,61.323711],[-157.668482,61.323909],[-157.66734,61.324235],[-157.666542,61.324315],[-157.665641,61.324576],[-157.664881,61.324981]]}},{"type":"Feature","properties":{"FaultName":"Denali (Boss Creek)","Change":"Added","QfaultID":5000,"Feature":"Range-front slope-breaks and south-facing scarps in colluvium","SlipSense1":"Normal","SlipSense2":"Down-to-the-south"},"geometry":{"type":"LineString","coordinates":[[-157.671838,61.329299],[-157.671075,61.329675],[-157.670624,61.330072],[-157.670414,61.330403],[-157.670277,61.330821],[-157.670318,61.331176],[-157.670173,61.331535]]}},{"type":"Feature","properties":{"FaultName":"Denali (Boss Creek)","Change":"Added","QfaultID":5000,"Feature":"Range-front slope-breaks and south-facing scarps in colluvium","SlipSense1":"Normal","SlipSense2":"Down-to-the-south"},"geometry":{"type":"LineString","coordinates":[[-157.663379,61.325406],[-157.662625,61.32587]]}},{"type":"Feature","properties":{"FaultName":"Denali (Boss Creek)","Change":"Added","QfaultID":5000,"Feature":"Range-front slope-breaks and south-facing scarps in colluvium","SlipSense1":"Normal","SlipSense2":"Down-to-the-south"},"geometry":{"type":"LineString","coordinates":[[-157.644968,61.335337],[-157.64463,61.335642],[-157.643729,61.335902],[-157.64292,61.335894],[-157.642267,61.336148],[-157.641375,61.336497],[-157.640102,61.336767]]}},{"type":"Feature","properties":{"FaultName":"Denali (Boss Creek)","Change":"Added","QfaultID":5000,"Feature":"Range-front slope-breaks and south-facing scarps in colluvium","SlipSense1":"Normal","SlipSense2":"Down-to-the-south"},"geometry":{"type":"LineString","coordinates":[[-157.657472,61.329085],[-157.65505,61.329623]]}},{"type":"Feature","properties":{"FaultName":"Denali (Boss Creek)","Change":"Added","QfaultID":5000,"Feature":"Range-front slope-breaks and south-facing scarps in colluvium","SlipSense1":"Normal","SlipSense2":"Down-to-the-south"},"geometry":{"type":"LineString","coordinates":[[-157.644324,61.332984],[-157.643495,61.333332],[-157.642587,61.333533],[-157.641548,61.333679],[-157.640333,61.333918],[-157.63948,61.334059],[-157.638813,61.334195],[-157.638218,61.334418],[-157.637282,61.334383],[-157.636203,61.334174],[-157.634968,61.334236]]}},{"type":"Feature","properties":{"FaultName":"Northern Foothills","Change":"Added","QfaultID":5520,"Feature":"Northwest-facing scarp in alluvium","SlipSense1":"Thrust","SlipSense2":"Up-to-the-south"},"geometry":{"type":"LineString","coordinates":[[-149.951571,64.179048],[-149.948636,64.180514],[-149.947043,64.182134],[-149.944257,64.182535],[-149.94147,64.182936],[-149.936747,64.183522],[-149.933705,64.183797],[-149.931107,64.184797],[-149.927931,64.186018],[-149.923395,64.187203],[-149.918586,64.188381],[-149.914916,64.189232],[-149.912112,64.189751],[-149.908525,64.190011],[-149.906248,64.190662],[-149.904108,64.192267],[-149.902069,64.193162],[-149.900846,64.194079],[-149.897651,64.195418],[-149.892891,64.19624],[-149.890681,64.196418],[-149.881311,64.196997],[-149.875189,64.197781],[-149.87014,64.200613],[-149.865854,64.201922],[-149.861313,64.203105],[-149.856329,64.203564],[-149.848181,64.205124],[-149.834265,64.206882],[-149.829467,64.207938],[-149.824617,64.20935]]}},{"type":"Feature","properties":{"FaultName":"Northern Foothills","Change":"Added","QfaultID":5520,"Feature":"Northwest-facing scarp in alluvium","SlipSense1":"Thrust","SlipSense2":"Up-to-the-south"},"geometry":{"type":"LineString","coordinates":[[-149.808585,64.212473],[-149.80404,64.213654],[-149.796517,64.214635],[-149.791461,64.215564]]}},{"type":"Feature","properties":{"FaultName":"Denali (Boss Creek)","Change":"Revised","QfaultID":5000,"Feature":"Scarps and linear slope breaks","SlipSense1":"Strike-slip","SlipSense2":"Right-lateral"},"geometry":{"type":"LineString","coordinates":[[-157.708701,61.282685],[-157.697937,61.285303],[-157.691384,61.287297],[-157.687671,61.288135],[-157.684539,61.288844],[-157.682001,61.289536]]}},{"type":"Feature","properties":{"FaultName":"Denali (Boss Creek)","Change":"Revised","QfaultID":5000,"Feature":"Scarps and linear slope breaks","SlipSense1":"Strike-slip","SlipSense2":"Right-lateral"},"geometry":{"type":"LineString","coordinates":[[-157.667518,61.294014],[-157.665948,61.294851],[-157.663177,61.295607],[-157.661488,61.296447],[-157.660228,61.296878]]}},{"type":"Feature","properties":{"FaultName":"Denali (Boss Creek)","Change":"Revised","QfaultID":5000,"Feature":"Scarps and linear slope breaks","SlipSense1":"Strike-slip","SlipSense2":"Right-lateral"},"geometry":{"type":"LineString","coordinates":[[-157.719113,61.265916],[-157.716478,61.266782],[-157.714627,61.26723],[-157.712941,61.268071],[-157.711953,61.26878],[-157.711684,61.269526]]}},{"type":"Feature","properties":{"FaultName":"Denali (Boss Creek)","Change":"Revised","QfaultID":5000,"Feature":"Scarps and linear slope breaks","SlipSense1":"Strike-slip","SlipSense2":"Right-lateral"},"geometry":{"type":"LineString","coordinates":[[-157.713028,61.26996],[-157.711805,61.270312],[-157.710521,61.270773],[-157.710229,61.271456],[-157.709356,61.272261],[-157.706202,61.273909],[-157.705144,61.274399],[-157.703826,61.275216],[-157.701541,61.276663],[-157.700054,61.277307],[-157.696462,61.279677],[-157.694757,61.281002],[-157.693731,61.281776],[-157.691399,61.282833],[-157.689137,61.283853],[-157.686978,61.285118],[-157.685136,61.286553],[-157.68214,61.288303]]}},{"type":"Feature","properties":{"FaultName":"Denali (Boss Creek)","Change":"Revised","QfaultID":5000,"Feature":"Scarps and linear slope breaks","SlipSense1":"Strike-slip","SlipSense2":"Right-lateral"},"geometry":{"type":"LineString","coordinates":[[-157.643048,61.304882],[-157.64194,61.305171],[-157.640317,61.305735],[-157.639555,61.306016],[-157.638986,61.306244],[-157.637922,61.306485],[-157.637201,61.306693],[-157.636642,61.307016],[-157.636068,61.307197],[-157.634921,61.307582],[-157.634343,61.307739],[-157.633433,61.308024],[-157.632673,61.308328],[-157.631945,61.308466],[-157.631425,61.308692],[-157.630605,61.308903],[-157.629224,61.309413],[-157.628352,61.309602],[-157.627084,61.309801],[-157.626067,61.310017],[-157.624105,61.31066],[-157.623454,61.310606],[-157.62245,61.31094],[-157.621352,61.311324],[-157.620546,61.311653],[-157.620125,61.311878],[-157.619596,61.312033],[-157.618936,61.312335],[-157.618587,61.31232],[-157.618058,61.312476],[-157.617384,61.31266],[-157.616611,61.312846],[-157.615505,61.313159],[-157.614502,61.313066],[-157.613633,61.313278],[-157.613148,61.313386]]}},{"type":"Feature","properties":{"FaultName":"Denali (Boss Creek)","Change":"Revised","QfaultID":5000,"Feature":"Scarps and linear slope breaks","SlipSense1":"Strike-slip","SlipSense2":"Right-lateral"},"geometry":{"type":"LineString","coordinates":[[-157.627509,61.310477],[-157.625102,61.311132],[-157.623097,61.311824],[-157.62094,61.312496],[-157.620183,61.312824],[-157.618998,61.312878],[-157.618222,61.313041],[-157.617463,61.313345],[-157.616841,61.31355],[-157.616062,61.313689],[-157.615628,61.313795],[-157.613996,61.314288],[-157.613319,61.314447],[-157.612772,61.314438],[-157.612255,61.314688],[-157.611203,61.315047],[-157.60985,61.315367],[-157.609077,61.315553],[-157.608353,61.315737],[-157.607579,61.31635]]}},{"type":"Feature","properties":{"FaultName":"Denali (Boss Creek)","Change":"Revised","QfaultID":5000,"Feature":"Scarps and linear slope breaks","SlipSense1":"Strike-slip","SlipSense2":"Right-lateral"},"geometry":{"type":"LineString","coordinates":[[-157.610128,61.313891],[-157.607359,61.315289],[-157.606043,61.315939],[-157.604755,61.316399],[-157.603654,61.316759],[-157.602688,61.316998],[-157.602069,61.317227],[-157.601428,61.317267],[-157.60077,61.317592],[-157.600301,61.317841],[-157.598851,61.318187],[-157.598312,61.318248],[-157.596969,61.318662],[-157.594668,61.319385],[-157.593966,61.319758],[-157.593646,61.320004],[-157.592702,61.320004],[-157.591702,61.319935],[-157.587934,61.320862],[-157.586442,61.321279],[-157.585117,61.321858],[-157.583569,61.322656],[-157.581575,61.323466],[-157.576639,61.325488],[-157.559089,61.332809],[-157.54997,61.335648],[-157.548745,61.336248],[-157.547318,61.336805],[-157.546084,61.337429],[-157.545866,61.337701],[-157.545129,61.337779],[-157.544598,61.338029],[-157.543784,61.338524],[-157.543039,61.339076],[-157.542349,61.339567],[-157.541323,61.33983],[-157.540303,61.340152],[-157.54003,61.340485],[-157.539437,61.340737],[-157.538111,61.341096],[-157.537987,61.3411],[-157.537619,61.341139]]}},{"type":"Feature","properties":{"FaultName":"Denali (Boss Creek)","Change":"Revised","QfaultID":5000,"Feature":"Scarps and linear slope breaks","SlipSense1":"Strike-slip","SlipSense2":"Right-lateral"},"geometry":{"type":"LineString","coordinates":[[-157.534501,61.342136],[-157.533667,61.342453],[-157.533025,61.342825],[-157.532556,61.343074],[-157.531914,61.343445],[-157.531097,61.34391],[-157.530572,61.34422],[-157.529842,61.344357],[-157.52937,61.344576],[-157.528715,61.344829],[-157.528242,61.345049],[-157.527721,61.345388],[-157.526929,61.345526],[-157.526395,61.345747],[-157.525864,61.345997],[-157.525632,61.346151],[-157.524547,61.346445],[-157.524456,61.346744],[-157.523847,61.346848],[-157.523403,61.34677],[-157.522266,61.347154],[-157.521797,61.347403]]}},{"type":"Feature","properties":{"FaultName":"Denali (Boss Creek)","Change":"Revised","QfaultID":5000,"Feature":"Scarps and linear slope breaks","SlipSense1":"Strike-slip","SlipSense2":"Right-lateral"},"geometry":{"type":"LineString","coordinates":[[-157.514786,61.350275],[-157.514134,61.350558],[-157.51372,61.350746],[-157.513297,61.350846],[-157.512951,61.351091],[-157.512527,61.351191],[-157.511866,61.351385],[-157.510924,61.351853],[-157.510259,61.352018],[-157.510092,61.3522],[-157.509561,61.35245],[-157.509144,61.352609],[-157.508974,61.352761],[-157.508544,61.352802],[-157.507944,61.352994],[-157.507012,61.353551],[-157.506057,61.353901],[-157.505522,61.354121],[-157.505189,61.354485],[-157.504655,61.354706],[-157.504048,61.35484],[-157.503266,61.355067],[-157.502617,61.355379],[-157.501521,61.355584],[-157.500097,61.356183],[-157.499415,61.356763],[-157.498437,61.357468],[-157.496904,61.358217],[-157.496262,61.358589],[-157.494938,61.358977],[-157.493917,61.359299],[-157.493167,61.359821]]}},{"type":"Feature","properties":{"FaultName":"Denali (Boss Creek)","Change":"Revised","QfaultID":5000,"Feature":"Scarps and linear slope breaks","SlipSense1":"Strike-slip","SlipSense2":"Right-lateral"},"geometry":{"type":"LineString","coordinates":[[-157.49045,61.360541],[-157.489123,61.3609],[-157.487541,61.361206],[-157.486964,61.361606],[-157.486233,61.362305],[-157.484863,61.362843],[-157.484286,61.363242],[-157.483242,61.363357],[-157.482778,61.363665],[-157.482335,61.363587],[-157.481738,61.363809],[-157.481395,61.364084],[-157.480576,61.364549],[-157.479917,61.364773]]}},{"type":"Feature","properties":{"FaultName":"Denali (Boss Creek)","Change":"Revised","QfaultID":5000,"Feature":"Scarps and linear slope breaks","SlipSense1":"Strike-slip","SlipSense2":"Right-lateral"},"geometry":{"type":"LineString","coordinates":[[-157.460691,61.375158],[-157.4503,61.378118],[-157.43812,61.382021],[-157.43173,61.38413],[-157.42496,61.385647],[-157.416965,61.387494],[-157.411266,61.390185],[-157.402737,61.392945],[-157.397238,61.39458],[-157.392415,61.396649],[-157.385264,61.399338],[-157.383821,61.3998],[-157.382511,61.400116],[-157.381946,61.400414],[-157.381529,61.400708],[-157.381262,61.400999],[-157.380406,61.401375],[-157.379081,61.401549],[-157.377354,61.402159],[-157.376789,61.402457],[-157.34568,61.413837],[-157.326093,61.419558],[-157.319673,61.421512],[-157.296989,61.430904],[-157.275633,61.438011],[-157.264606,61.44127],[-157.254583,61.445106],[-157.245579,61.449668],[-157.235613,61.454101],[-157.222615,61.459804],[-157.213781,61.463009],[-157.202654,61.466693],[-157.199558,61.468125],[-157.187792,61.472598],[-157.178741,61.475816],[-157.174762,61.477106],[-157.169928,61.479317],[-157.164372,61.480643],[-157.156772,61.483666],[-157.150133,61.486817],[-157.142837,61.489425],[-157.137021,61.491155],[-157.132663,61.492496],[-157.128666,61.49371],[-157.124919,61.495652],[-157.121038,61.49678],[-157.115012,61.498431],[-157.111302,61.499271],[-157.109356,61.499788],[-157.106831,61.500507],[-157.100605,61.502161],[-157.096597,61.50405],[-157.093211,61.50518],[-157.091501,61.50607],[-157.089642,61.506964],[-157.086397,61.508243],[-157.083302,61.50952],[-157.076688,61.511583]]}},{"type":"Feature","properties":{"FaultName":"Denali (Boss Creek)","Change":"Revised","QfaultID":5000,"Feature":"Scarps and linear slope breaks","SlipSense1":"Strike-slip","SlipSense2":"Right-lateral"},"geometry":{"type":"LineString","coordinates":[[-157.049878,61.519072],[-157.048238,61.519676]]}},{"type":"Feature","properties":{"FaultName":"Denali (Boss Creek)","Change":"Revised","QfaultID":5000,"Feature":"Scarps and linear slope breaks","SlipSense1":"Strike-slip","SlipSense2":"Right-lateral"},"geometry":{"type":"LineString","coordinates":[[-157.044918,61.520459],[-157.043396,61.521249]]}},{"type":"Feature","properties":{"FaultName":"Denali (Boss Creek)","Change":"Revised","QfaultID":5000,"Feature":"Scarps and linear slope breaks","SlipSense1":"Strike-slip","SlipSense2":"Right-lateral"},"geometry":{"type":"LineString","coordinates":[[-157.036927,61.524611],[-157.034408,61.525423],[-157.032346,61.525799],[-157.030801,61.526354],[-157.02762,61.527559],[-157.024162,61.529008],[-157.020192,61.530325],[-157.018542,61.530834],[-157.016992,61.531341],[-157.014286,61.532299],[-157.01226,61.533053],[-157.008456,61.534035],[-157.005949,61.534989],[-157.004584,61.53535],[-157.00234,61.535919],[-157.000595,61.536477],[-156.998545,61.536995],[-156.997103,61.537594],[-156.994772,61.538307],[-156.992546,61.539065],[-156.990709,61.53972],[-156.988577,61.540429],[-156.985575,61.54144],[-156.981874,61.542466],[-156.979247,61.543232],[-156.977029,61.544085],[-156.975373,61.544546],[-156.973921,61.54505],[-156.971794,61.545806],[-156.970142,61.546315],[-156.96908,61.546716],[-156.967719,61.547124],[-156.966331,61.547534],[-156.963066,61.548432],[-156.961372,61.548726],[-156.959425,61.549289],[-156.957751,61.549561],[-156.955037,61.55047],[-156.953017,61.551318],[-156.95176,61.551771],[-156.949032,61.552539],[-156.946092,61.553169],[-156.944045,61.553733],[-156.941521,61.554544],[-156.939959,61.554956],[-156.938766,61.555028],[-156.937799,61.55538],[-156.936151,61.555935],[-156.934112,61.556594],[-156.931566,61.557168],[-156.930313,61.557668],[-156.928733,61.55789],[-156.92708,61.558398],[-156.925918,61.558801],[-156.924338,61.559024],[-156.92269,61.559579]]}},{"type":"Feature","properties":{"FaultName":"Denali (Boss Creek)","Change":"Revised","QfaultID":5000,"Feature":"Scarps and linear slope breaks","SlipSense1":"Strike-slip","SlipSense2":"Right-lateral"},"geometry":{"type":"LineString","coordinates":[[-156.900868,61.566947],[-156.89891,61.567414],[-156.897643,61.567772],[-156.89618,61.568181],[-156.895394,61.568339],[-156.893823,61.568656],[-156.892755,61.569009],[-156.89167,61.569174],[-156.890589,61.569386],[-156.88992,61.569731],[-156.889035,61.569891],[-156.887754,61.570107],[-156.886769,61.570269],[-156.885575,61.570341],[-156.883903,61.57066],[-156.882831,61.570966],[-156.881472,61.57142]]}},{"type":"Feature","properties":{"FaultName":"Denali (Boss Creek)","Change":"Revised","QfaultID":5000,"Feature":"Scarps and linear slope breaks","SlipSense1":"Strike-slip","SlipSense2":"Right-lateral"},"geometry":{"type":"LineString","coordinates":[[-156.872041,61.572775],[-156.865397,61.574521],[-156.856938,61.576114],[-156.845384,61.578907],[-156.840101,61.580245],[-156.834244,61.581879],[-156.826189,61.583557]]}},{"type":"Feature","properties":{"FaultName":"Denali (Boss Creek)","Change":"Revised","QfaultID":5000,"Feature":"Scarps and linear slope breaks","SlipSense1":"Strike-slip","SlipSense2":"Right-lateral"},"geometry":{"type":"LineString","coordinates":[[-156.810909,61.587274],[-156.805841,61.588796],[-156.79805,61.591225],[-156.790806,61.593074],[-156.782979,61.595124],[-156.776542,61.597051],[-156.766581,61.599899],[-156.761267,61.600951],[-156.753661,61.603279],[-156.750713,61.604379],[-156.747933,61.60557],[-156.744998,61.606366],[-156.739598,61.607835],[-156.731539,61.609129],[-156.728228,61.609762],[-156.726558,61.609908],[-156.724573,61.610571],[-156.722247,61.611469],[-156.719176,61.612097],[-156.714009,61.613504],[-156.712244,61.613935],[-156.709547,61.614726],[-156.707066,61.615229],[-156.70566,61.615654],[-156.703549,61.616263],[-156.701293,61.61659],[-156.699307,61.617253],[-156.69708,61.617921],[-156.695083,61.618471],[-156.693077,61.618907],[-156.691436,61.619393],[-156.688599,61.619959],[-156.686962,61.620502],[-156.684841,61.620997],[-156.68354,61.621249],[-156.678715,61.622478],[-156.676372,61.623204],[-156.673996,61.623534],[-156.672109,61.623968],[-156.670923,61.624161],[-156.669406,61.624701],[-156.668604,61.625171],[-156.666371,61.625781],[-156.664532,61.626782],[-156.663586,61.626971],[-156.661565,61.627236],[-156.660383,61.627486],[-156.657459,61.62845],[-156.654395,61.62919],[-156.651686,61.629867],[-156.65111,61.630162],[-156.647719,61.631305],[-156.641844,61.63295],[-156.640427,61.633261],[-156.638424,61.633753],[-156.636425,61.634302],[-156.634648,61.634619],[-156.632409,61.635173],[-156.629099,61.63586],[-156.627331,61.636291],[-156.624842,61.636735],[-156.624169,61.637316],[-156.622502,61.637517],[-156.620046,61.638359],[-156.618176,61.639019],[-156.612282,61.640858]]}},{"type":"Feature","properties":{"FaultName":"Denali (Boss Creek)","Change":"Revised","QfaultID":5000,"Feature":"Scarps and linear slope breaks","SlipSense1":"Strike-slip","SlipSense2":"Right-lateral"},"geometry":{"type":"LineString","coordinates":[[-156.550056,61.658603],[-156.548677,61.658912],[-156.547598,61.659216],[-156.546323,61.659571]]}},{"type":"Feature","properties":{"FaultName":"Denali (Boss Creek)","Change":"Revised","QfaultID":5000,"Feature":"Scarps and linear slope breaks","SlipSense1":"Strike-slip","SlipSense2":"Right-lateral"},"geometry":{"type":"LineString","coordinates":[[-156.540028,61.661105],[-156.538941,61.661314],[-156.538359,61.661561],[-156.537173,61.661772],[-156.534769,61.661815],[-156.531879,61.662057],[-156.530592,61.66227],[-156.52655,61.663147],[-156.525968,61.663394],[-156.525078,61.663552],[-156.523406,61.663961],[-156.522323,61.664217],[-156.521039,61.664477],[-156.518577,61.665042],[-156.516492,61.665316],[-156.514103,61.665548],[-156.511154,61.666311],[-156.508017,61.66722],[-156.506849,61.667667],[-156.505283,61.668168],[-156.504327,61.668753],[-156.503437,61.668911],[-156.50186,61.669271],[-156.500198,61.669821],[-156.498355,61.670611],[-156.496207,61.67136],[-156.495524,61.671609],[-156.494044,61.671919],[-156.492308,61.672802],[-156.49114,61.673249],[-156.489203,61.674135],[-156.488216,61.674342],[-156.487125,61.674504],[-156.486053,61.674901],[-156.484795,61.675492],[-156.483827,61.675935],[-156.483055,61.676327],[-156.482153,61.676343],[-156.48009,61.676901],[-156.478817,61.677302],[-156.475952,61.677873],[-156.470508,61.679459]]}},{"type":"Feature","properties":{"FaultName":"Denali (Boss Creek)","Change":"Revised","QfaultID":5000,"Feature":"Scarps and linear slope breaks","SlipSense1":"Strike-slip","SlipSense2":"Right-lateral"},"geometry":{"type":"LineString","coordinates":[[-156.436194,61.687067],[-156.434669,61.687605],[-156.432664,61.688151],[-156.429919,61.688483],[-156.428386,61.688907],[-156.425302,61.689528],[-156.423523,61.6899],[-156.420929,61.690626],[-156.419288,61.691223],[-156.417532,61.691878],[-156.415744,61.692136],[-156.414064,61.692221],[-156.409606,61.693775],[-156.407492,61.694493],[-156.406573,61.695077],[-156.405761,61.695488],[-156.403359,61.695586],[-156.402551,61.696055],[-156.401374,61.696416],[-156.399831,61.696726],[-156.397825,61.697272],[-156.396901,61.697799],[-156.394408,61.698296],[-156.392509,61.698669],[-156.390613,61.699099],[-156.388348,61.699421],[-156.386341,61.699967],[-156.384214,61.700514],[-156.382318,61.700944],[-156.380186,61.701434],[-156.379142,61.701963],[-156.377474,61.702219],[-156.376296,61.70258],[-156.373799,61.703019],[-156.372501,61.703382],[-156.3706,61.703755],[-156.368442,61.703905],[-156.366396,61.703939],[-156.364762,61.704649],[-156.362853,61.704908],[-156.362041,61.705319],[-156.360489,61.705516],[-156.358833,61.705941],[-156.356348,61.706551],[-156.354809,61.706918],[-156.353519,61.707394],[-156.352946,61.707801],[-156.352727,61.708089],[-156.351557,61.708563],[-156.350142,61.708984],[-156.347433,61.709825],[-156.345528,61.710141],[-156.344104,61.710448],[-156.342182,61.710537],[-156.337409,61.711185]]}},{"type":"Feature","properties":{"FaultName":"Denali (Boss Creek)","Change":"Revised","QfaultID":5000,"Feature":"Scarps and linear slope breaks","SlipSense1":"Strike-slip","SlipSense2":"Right-lateral"},"geometry":{"type":"LineString","coordinates":[[-156.329597,61.713132],[-156.327343,61.713624],[-156.324732,61.714178],[-156.322594,61.714611],[-156.32071,61.715211],[-156.318584,61.715814],[-156.316188,61.716024],[-156.313672,61.716235],[-156.311883,61.716492],[-156.308665,61.716999],[-156.304956,61.717401]]}},{"type":"Feature","properties":{"FaultName":"Denali (Boss Creek)","Change":"Revised","QfaultID":5000,"Feature":"Scarps and linear slope breaks","SlipSense1":"Strike-slip","SlipSense2":"Right-lateral"},"geometry":{"type":"LineString","coordinates":[[-156.297561,61.718488],[-156.295331,61.719319],[-156.29345,61.719975],[-156.291693,61.720685],[-156.289213,61.721407],[-156.287195,61.721838],[-156.285093,61.722781],[-156.280715,61.723931],[-156.278696,61.724362],[-156.276071,61.724745],[-156.27431,61.725398],[-156.272872,61.725535],[-156.271456,61.725956],[-156.269682,61.726439],[-156.269357,61.726955],[-156.267222,61.727444],[-156.265938,61.728033],[-156.264537,61.728681],[-156.263856,61.72926],[-156.2628,61.729674],[-156.259858,61.730687],[-156.257401,61.731749],[-156.256844,61.732383],[-156.255792,61.732855],[-156.25403,61.733508],[-156.252476,61.733703],[-156.249649,61.734657],[-156.247072,61.735721],[-156.244345,61.736389],[-156.243542,61.73697],[-156.241555,61.737854],[-156.240989,61.738374],[-156.238535,61.739493],[-156.236515,61.739922],[-156.235953,61.7405],[-156.234198,61.741266],[-156.233053,61.742136],[-156.232005,61.742664],[-156.230699,61.742969],[-156.229406,61.743444],[-156.226803,61.744167],[-156.224071,61.744778],[-156.222898,61.745251],[-156.221745,61.746008],[-156.220455,61.746539],[-156.218193,61.746973],[-156.215103,61.747646],[-156.213102,61.748359]]}},{"type":"Feature","properties":{"FaultName":"Denali (Boss Creek)","Change":"Revised","QfaultID":5000,"Feature":"Scarps and linear slope breaks","SlipSense1":"Strike-slip","SlipSense2":"Right-lateral"},"geometry":{"type":"LineString","coordinates":[[-156.209715,61.74882],[-156.207508,61.74947],[-156.2042,61.750487],[-156.202665,61.750966],[-156.200014,61.751741],[-156.196854,61.752571],[-156.195424,61.752972],[-156.194146,61.753395],[-156.192613,61.753774],[-156.190201,61.754521],[-156.188444,61.755282],[-156.18638,61.755977],[-156.184475,61.756788],[-156.182364,61.757531],[-156.1806,61.758197],[-156.177626,61.758835],[-156.17604,61.759167],[-156.173997,61.759459],[-156.172305,61.759722],[-156.171263,61.759927],[-156.1678,61.760761],[-156.166158,61.761023],[-156.164814,61.761233],[-156.163621,61.761441],[-156.160984,61.76186],[-156.159128,61.761936],[-156.15588,61.762246],[-156.153218,61.76231],[-156.150468,61.762262],[-156.14734,61.762424],[-156.145542,61.762621],[-156.144071,61.762303],[-156.143103,61.762261],[-156.141196,61.762631],[-156.139185,61.763229],[-156.137632,61.76348],[-156.136286,61.763216],[-156.134228,61.763134],[-156.13243,61.763331]]}},{"type":"Feature","properties":{"FaultName":"Denali (Boss Creek)","Change":"Revised","QfaultID":5000,"Feature":"Scarps and linear slope breaks","SlipSense1":"Strike-slip","SlipSense2":"Right-lateral"},"geometry":{"type":"LineString","coordinates":[[-156.1678,61.760761],[-156.167035,61.761586],[-156.165933,61.762017],[-156.164709,61.76251],[-156.162675,61.763103],[-156.161707,61.76365],[-156.160167,61.764118],[-156.158556,61.764468],[-156.157636,61.764808],[-156.157026,61.765083],[-156.154803,61.765679],[-156.152465,61.766425]]}},{"type":"Feature","properties":{"FaultName":"Denali (Boss Creek)","Change":"Revised","QfaultID":5000,"Feature":"Scarps and linear slope breaks","SlipSense1":"Strike-slip","SlipSense2":"Right-lateral"},"geometry":{"type":"LineString","coordinates":[[-156.149105,61.76695],[-156.147577,61.767594],[-156.145972,61.768033],[-156.145108,61.768283],[-156.143572,61.768809],[-156.142832,61.769028],[-156.140664,61.769504],[-156.139433,61.769908],[-156.137029,61.770625],[-156.135539,61.770914],[-156.133926,61.771234],[-156.133115,61.771335],[-156.132306,61.771465],[-156.132065,61.771617],[-156.131023,61.772017],[-156.130405,61.772175],[-156.129547,61.772513],[-156.129308,61.772694],[-156.128752,61.772851],[-156.128006,61.77298],[-156.12676,61.773147],[-156.125819,61.773191],[-156.125069,61.773261],[-156.124517,61.773477],[-156.123216,61.773763],[-156.122662,61.773948],[-156.122313,61.774368],[-156.121326,61.774649],[-156.120645,61.774807],[-156.120286,61.775079],[-156.119412,61.775181],[-156.118293,61.775375],[-156.117496,61.775683],[-156.116705,61.776079],[-156.115586,61.776274],[-156.114237,61.776797]]}},{"type":"Feature","properties":{"FaultName":"Denali (Boss Creek)","Change":"Revised","QfaultID":5000,"Feature":"Scarps and linear slope breaks","SlipSense1":"Strike-slip","SlipSense2":"Right-lateral"},"geometry":{"type":"LineString","coordinates":[[-156.113295,61.778675],[-156.112009,61.779197],[-156.110968,61.779627],[-156.110425,61.779961],[-156.109682,61.780149],[-156.108816,61.78037],[-156.108141,61.780616],[-156.107469,61.780922],[-156.106599,61.781083]]}},{"type":"Feature","properties":{"FaultName":"Denali (Boss Creek)","Change":"Revised","QfaultID":5000,"Feature":"Scarps and linear slope breaks","SlipSense1":"Strike-slip","SlipSense2":"Right-lateral"},"geometry":{"type":"LineString","coordinates":[[-156.111521,61.776631],[-156.109856,61.777129],[-156.108742,61.777412],[-156.107262,61.777848],[-156.105473,61.778378]]}},{"type":"Feature","properties":{"FaultName":"Denali (Boss Creek)","Change":"Revised","QfaultID":5000,"Feature":"Scarps and linear slope breaks","SlipSense1":"Strike-slip","SlipSense2":"Right-lateral"},"geometry":{"type":"LineString","coordinates":[[-156.102447,61.779222],[-156.101088,61.779597],[-156.099729,61.779972],[-156.098865,61.780222],[-156.097388,61.780717],[-156.096281,61.781089],[-156.095289,61.781311],[-156.094551,61.781558],[-156.09349,61.781692],[-156.092759,61.782058],[-156.091345,61.782553],[-156.089807,61.783078],[-156.088876,61.78327],[-156.088252,61.783338],[-156.087505,61.783468],[-156.085056,61.784152],[-156.08185,61.784995],[-156.079832,61.785536],[-156.077954,61.786359],[-156.074868,61.7872],[-156.072609,61.787744],[-156.070839,61.788395],[-156.068108,61.789117],[-156.066082,61.789544],[-156.063354,61.790323],[-156.060615,61.790931],[-156.058838,61.791468],[-156.05671,61.792181],[-156.053034,61.793257],[-156.051743,61.793843],[-156.043535,61.795837],[-156.039372,61.796863],[-156.029014,61.799285],[-156.026394,61.79989]]}},{"type":"Feature","properties":{"FaultName":"Denali (Boss Creek)","Change":"Revised","QfaultID":5000,"Feature":"Scarps and linear slope breaks","SlipSense1":"Strike-slip","SlipSense2":"Right-lateral"},"geometry":{"type":"LineString","coordinates":[[-156.298547,61.712547],[-156.295031,61.712545],[-156.293024,61.712578]]}},{"type":"Feature","properties":{"FaultName":"Denali (Boss Creek)","Change":"Revised","QfaultID":5000,"Feature":"Scarps and linear slope breaks","SlipSense1":"Strike-slip","SlipSense2":"Right-lateral"},"geometry":{"type":"LineString","coordinates":[[-156.286169,61.711565],[-156.28469,61.711944],[-156.282436,61.712039],[-156.279694,61.71232]]}},{"type":"Feature","properties":{"FaultName":"Denali (Boss Creek)","Change":"Revised","QfaultID":5000,"Feature":"Scarps and linear slope breaks","SlipSense1":"Strike-slip","SlipSense2":"Right-lateral"},"geometry":{"type":"LineString","coordinates":[[-156.275468,61.712921],[-156.273704,61.712832],[-156.272199,61.712856],[-156.270944,61.712876]]}},{"type":"Feature","properties":{"FaultName":"Denali (Boss Creek)","Change":"Revised","QfaultID":5000,"Feature":"Scarps and linear slope breaks","SlipSense1":"Strike-slip","SlipSense2":"Right-lateral"},"geometry":{"type":"LineString","coordinates":[[-156.266104,61.713664],[-156.262951,61.713478],[-156.261308,61.713327],[-156.256654,61.713224],[-156.255763,61.713061],[-156.254366,61.712846],[-156.251628,61.713186],[-156.249863,61.713096],[-156.248099,61.713006],[-156.246836,61.712908],[-156.244089,61.713129]]}},{"type":"Feature","properties":{"FaultName":"Denali (Boss Creek)","Change":"Revised","QfaultID":5000,"Feature":"Scarps and linear slope breaks","SlipSense1":"Strike-slip","SlipSense2":"Right-lateral"},"geometry":{"type":"LineString","coordinates":[[-156.240305,61.712893],[-156.236914,61.712888]]}},{"type":"Feature","properties":{"FaultName":"Denali (Boss Creek)","Change":"Revised","QfaultID":5000,"Feature":"Scarps and linear slope breaks","SlipSense1":"Strike-slip","SlipSense2":"Right-lateral"},"geometry":{"type":"LineString","coordinates":[[-156.23076,61.712867],[-156.229112,61.712657],[-156.226478,61.712698],[-156.224103,61.712854],[-156.222615,61.713114],[-156.220738,61.713203],[-156.219111,61.713288],[-156.216615,61.713505],[-156.21549,61.713582],[-156.214612,61.713595],[-156.212969,61.713444],[-156.212216,61.713456],[-156.211464,61.713467],[-156.210343,61.713603],[-156.209214,61.713621],[-156.208211,61.713637],[-156.206463,61.713782]]}},{"type":"Feature","properties":{"FaultName":"Denali (Boss Creek)","Change":"Revised","QfaultID":5000,"Feature":"Scarps and linear slope breaks","SlipSense1":"Strike-slip","SlipSense2":"Right-lateral"},"geometry":{"type":"LineString","coordinates":[[-155.945988,61.820026],[-155.944435,61.820331],[-155.941453,61.820997],[-155.940027,61.821414],[-155.938474,61.82172],[-155.93692,61.822025],[-155.936217,61.822375],[-155.93418,61.822687],[-155.93226,61.822941],[-155.93023,61.823366],[-155.928929,61.823838],[-155.927133,61.824147],[-155.925462,61.82451],[-155.92453,61.825091],[-155.922742,61.825513],[-155.920936,61.825651],[-155.919855,61.82578],[-155.917932,61.825976],[-155.916626,61.826392],[-155.914976,61.827096],[-155.913916,61.827564],[-155.912728,61.827921],[-155.911423,61.828337],[-155.909741,61.82853],[-155.907351,61.829016],[-155.905434,61.829326],[-155.905207,61.829557],[-155.904274,61.830137],[-155.901169,61.830804],[-155.899871,61.831333],[-155.897736,61.832043],[-155.896302,61.832346],[-155.893808,61.833118],[-155.892247,61.833309],[-155.889867,61.833966],[-155.888686,61.834436],[-155.887141,61.834911],[-155.884398,61.835573],[-155.882612,61.836051],[-155.880567,61.836249],[-155.877692,61.836741],[-155.876137,61.837046],[-155.873626,61.837534],[-155.872232,61.838518],[-155.870691,61.839049],[-155.869157,61.839695],[-155.867055,61.840972],[-155.865302,61.842348],[-155.863322,61.843806],[-155.861939,61.844712],[-155.860052,61.846051],[-155.858815,61.846884],[-155.857314,61.848359],[-155.856666,61.8489],[-155.855887,61.849798],[-155.855026,61.85059]]}},{"type":"Feature","properties":{"FaultName":"Denali (Boss Creek)","Change":"Revised","QfaultID":5000,"Feature":"Scarps and linear slope breaks","SlipSense1":"Strike-slip","SlipSense2":"Right-lateral"},"geometry":{"type":"LineString","coordinates":[[-155.852259,61.844768],[-155.851228,61.845243],[-155.850052,61.845827],[-155.848941,61.846232],[-155.848051,61.846527],[-155.847108,61.847214],[-155.846359,61.847331],[-155.845548,61.847696],[-155.844729,61.84792],[-155.8437,61.84843],[-155.842354,61.848696],[-155.840873,61.849248]]}},{"type":"Feature","properties":{"FaultName":"Denali (Boss Creek)","Change":"Revised","QfaultID":5000,"Feature":"Scarps and linear slope breaks","SlipSense1":"Strike-slip","SlipSense2":"Right-lateral"},"geometry":{"type":"LineString","coordinates":[[-155.859631,61.840269],[-155.857265,61.841188],[-155.856085,61.8417],[-155.854901,61.842142],[-155.854316,61.842469],[-155.852691,61.84313],[-155.851349,61.843467],[-155.85061,61.84376],[-155.849705,61.843808],[-155.848897,61.844209],[-155.847265,61.844763],[-155.84564,61.845423],[-155.842915,61.846665],[-155.842108,61.847102],[-155.837877,61.848471],[-155.836751,61.848627],[-155.835852,61.848781],[-155.834663,61.849151],[-155.832137,61.84993],[-155.830715,61.850197],[-155.829455,61.850639],[-155.827957,61.850907]]}},{"type":"Feature","properties":{"FaultName":"Denali (Boss Creek)","Change":"Revised","QfaultID":5000,"Feature":"Scarps and linear slope breaks","SlipSense1":"Strike-slip","SlipSense2":"Right-lateral"},"geometry":{"type":"LineString","coordinates":[[-155.772776,61.86381],[-155.770179,61.86473],[-155.768945,61.865219],[-155.767822,61.86544],[-155.763513,61.866204],[-155.761773,61.866669],[-155.759215,61.867174],[-155.757342,61.867523],[-155.754343,61.868033],[-155.753406,61.868193],[-155.752294,61.868621],[-155.751493,61.868956],[-155.749421,61.86913],[-155.748122,61.86959],[-155.744697,61.870401],[-155.743144,61.870834],[-155.742462,61.87105],[-155.740718,61.871456],[-155.739786,61.871704],[-155.739038,61.871861],[-155.738045,61.872169],[-155.737244,61.872284],[-155.736845,61.87236],[-155.736145,61.872487],[-155.735704,61.872729],[-155.735005,61.872856],[-155.734258,61.873055],[-155.733759,61.873155],[-155.733212,61.873304],[-155.732563,61.87343],[-155.731917,61.873604],[-155.731518,61.873704],[-155.730873,61.873901],[-155.730224,61.874027],[-155.729828,61.874174],[-155.729179,61.8743],[-155.728082,61.87455],[-155.727639,61.874745],[-155.727234,61.874726],[-155.726289,61.874974],[-155.72569,61.8751],[-155.72469,61.875278],[-155.72414,61.875379],[-155.723492,61.875529],[-155.722949,61.875749],[-155.722251,61.875899],[-155.721101,61.876103]]}},{"type":"Feature","properties":{"FaultName":"Denali (Boss Creek)","Change":"Revised","QfaultID":5000,"Feature":"Scarps and linear slope breaks","SlipSense1":"Strike-slip","SlipSense2":"Right-lateral"},"geometry":{"type":"LineString","coordinates":[[-155.718864,61.876721],[-155.718424,61.876987],[-155.717625,61.877139],[-155.716877,61.877314],[-155.715979,61.877514],[-155.715379,61.877616],[-155.714687,61.877884],[-155.714136,61.877962],[-155.713438,61.878113],[-155.712887,61.87819],[-155.712087,61.878342],[-155.711739,61.878441],[-155.711244,61.878613],[-155.710897,61.878735],[-155.710355,61.878978],[-155.710059,61.8791],[-155.709661,61.8792],[-155.709617,61.879319],[-155.709063,61.879349],[-155.708725,61.879637],[-155.70837,61.879594],[-155.707822,61.879743],[-155.707225,61.879892],[-155.706723,61.879945],[-155.706376,61.880068],[-155.705925,61.88012],[-155.705425,61.880221],[-155.704833,61.880465],[-155.704238,61.880661],[-155.703692,61.880834],[-155.702645,61.881083],[-155.702146,61.881184],[-155.701395,61.881311],[-155.700997,61.88141],[-155.70055,61.881558],[-155.700416,61.881867],[-155.699967,61.881967],[-155.69921,61.881976],[-155.698766,61.882171],[-155.698621,61.882291],[-155.69807,61.882369],[-155.697775,61.882514],[-155.697073,61.882593],[-155.696376,61.882791],[-155.695627,61.882942],[-155.694982,61.883139],[-155.694337,61.88336],[-155.693989,61.883459],[-155.693235,61.883515],[-155.69309,61.883635],[-155.692741,61.88371],[-155.692185,61.883717],[-155.691535,61.883819],[-155.690739,61.884042],[-155.690096,61.884286],[-155.689451,61.884507],[-155.688553,61.884707],[-155.688318,61.885018],[-155.687665,61.885096],[-155.687373,61.885289],[-155.68703,61.885483],[-155.68608,61.88566],[-155.685737,61.885853]]}},{"type":"Feature","properties":{"FaultName":"Denali (Boss Creek)","Change":"Revised","QfaultID":5000,"Feature":"Scarps and linear slope breaks","SlipSense1":"Strike-slip","SlipSense2":"Right-lateral"},"geometry":{"type":"LineString","coordinates":[[-155.911606,61.782806],[-155.910177,61.784127],[-155.909107,61.785148],[-155.907426,61.786472],[-155.906837,61.787131],[-155.904757,61.788106],[-155.902961,61.789609],[-155.901635,61.790574],[-155.900316,61.791657],[-155.89875,61.792802],[-155.897061,61.794008],[-155.896701,61.794309]]}},{"type":"Feature","properties":{"FaultName":"Denali (Boss Creek)","Change":"Revised","QfaultID":5000,"Feature":"Scarps and linear slope breaks","SlipSense1":"Strike-slip","SlipSense2":"Right-lateral"},"geometry":{"type":"LineString","coordinates":[[-155.883001,61.80467],[-155.882429,61.80521],[-155.882233,61.80571],[-155.882189,61.806243],[-155.881538,61.806713],[-155.88105,61.807394],[-155.880616,61.807719],[-155.880102,61.807975],[-155.879229,61.808519],[-155.878805,61.809022],[-155.878441,61.809239],[-155.877774,61.809461],[-155.877183,61.809682],[-155.876753,61.810078],[-155.875819,61.810872],[-155.874957,61.811629],[-155.87432,61.812347],[-155.873683,61.813066]]}},{"type":"Feature","properties":{"FaultName":"Denali (Boss Creek)","Change":"Revised","QfaultID":5000,"Feature":"Scarps and linear slope breaks","SlipSense1":"Strike-slip","SlipSense2":"Right-lateral"},"geometry":{"type":"LineString","coordinates":[[-155.377668,61.946382],[-155.377138,61.946399],[-155.376436,61.946548],[-155.375938,61.946719],[-155.375563,61.946817],[-155.375034,61.946869],[-155.374481,61.946946],[-155.373748,61.946965]]}},{"type":"Feature","properties":{"FaultName":"Denali (Boss Creek)","Change":"Revised","QfaultID":5000,"Feature":"Scarps and linear slope breaks","SlipSense1":"Strike-slip","SlipSense2":"Right-lateral"},"geometry":{"type":"LineString","coordinates":[[-155.377477,61.946749],[-155.376633,61.946885],[-155.375883,61.947076],[-155.375766,61.947191],[-155.375472,61.947407],[-155.375048,61.947425],[-155.374661,61.947599],[-155.374424,61.947729],[-155.373946,61.94789],[-155.37383,61.948019],[-155.373259,61.948153],[-155.372812,61.948341],[-155.372511,61.948401],[-155.372063,61.948562],[-155.371973,61.948591]]}},{"type":"Feature","properties":{"FaultName":"Denali (Boss Creek)","Change":"Revised","QfaultID":5000,"Feature":"Scarps and linear slope breaks","SlipSense1":"Strike-slip","SlipSense2":"Right-lateral"},"geometry":{"type":"LineString","coordinates":[[-155.371079,61.948969],[-155.370357,61.949104],[-155.369721,61.949152],[-155.369241,61.949285]]}},{"type":"Feature","properties":{"FaultName":"Denali (Boss Creek)","Change":"Revised","QfaultID":5000,"Feature":"Scarps and linear slope breaks","SlipSense1":"Strike-slip","SlipSense2":"Right-lateral"},"geometry":{"type":"LineString","coordinates":[[-155.376436,61.946548],[-155.375409,61.94637],[-155.373923,61.946398],[-155.373253,61.946348],[-155.372159,61.94633],[-155.371346,61.94648],[-155.370455,61.946915]]}},{"type":"Feature","properties":{"FaultName":"Denali (Boss Creek)","Change":"Revised","QfaultID":5000,"Feature":"Scarps and linear slope breaks","SlipSense1":"Strike-slip","SlipSense2":"Right-lateral"},"geometry":{"type":"LineString","coordinates":[[-155.370019,61.947359],[-155.368992,61.947468],[-155.36748,61.947597]]}},{"type":"Feature","properties":{"FaultName":"Denali (Boss Creek)","Change":"Revised","QfaultID":5000,"Feature":"Scarps and linear slope breaks","SlipSense1":"Strike-slip","SlipSense2":"Right-lateral"},"geometry":{"type":"LineString","coordinates":[[-155.367889,61.947933],[-155.366895,61.948099],[-155.365778,61.948252],[-155.36496,61.948288]]}},{"type":"Feature","properties":{"FaultName":"Denali (Boss Creek)","Change":"Revised","QfaultID":5000,"Feature":"Scarps and linear slope breaks","SlipSense1":"Strike-slip","SlipSense2":"Right-lateral"},"geometry":{"type":"LineString","coordinates":[[-155.366033,61.948519],[-155.364825,61.948659],[-155.363828,61.948768],[-155.36304,61.948804],[-155.362427,61.948668],[-155.36133,61.948564]]}},{"type":"Feature","properties":{"FaultName":"Denali (Boss Creek)","Change":"Revised","QfaultID":5000,"Feature":"Scarps and linear slope breaks","SlipSense1":"Strike-slip","SlipSense2":"Right-lateral"},"geometry":{"type":"LineString","coordinates":[[-155.36337,61.949397],[-155.362104,61.949608],[-155.36048,61.949964],[-155.359068,61.95029],[-155.358347,61.950453],[-155.357381,61.95059],[-155.356201,61.950687],[-155.355381,61.95068],[-155.354502,61.950703],[-155.353987,61.950736],[-155.353628,61.950853],[-155.353056,61.950958]]}},{"type":"Feature","properties":{"FaultName":"Denali (Boss Creek)","Change":"Revised","QfaultID":5000,"Feature":"Scarps and linear slope breaks","SlipSense1":"Strike-slip","SlipSense2":"Right-lateral"},"geometry":{"type":"LineString","coordinates":[[-155.35076,61.951207],[-155.350128,61.951341],[-155.349404,61.951447],[-155.349016,61.951593],[-155.348597,61.951739],[-155.347874,61.951873],[-155.346281,61.952229],[-155.344927,61.952526],[-155.344383,61.952574],[-155.343996,61.952762],[-155.343061,61.952899],[-155.342038,61.953121],[-155.341135,61.9533],[-155.340565,61.953448],[-155.339665,61.953712],[-155.338326,61.954335]]}},{"type":"Feature","properties":{"FaultName":"Denali (Boss Creek)","Change":"Revised","QfaultID":5000,"Feature":"Scarps and linear slope breaks","SlipSense1":"Strike-slip","SlipSense2":"Right-lateral"},"geometry":{"type":"LineString","coordinates":[[-155.353022,61.955238],[-155.351221,61.955717],[-155.350775,61.955934],[-155.349577,61.9563],[-155.348826,61.956485],[-155.347703,61.956851],[-155.346878,61.957072],[-155.346283,61.957361],[-155.345532,61.957546],[-155.344931,61.957693],[-155.344328,61.957806],[-155.343422,61.957921],[-155.342673,61.958141],[-155.341479,61.958614],[-155.340503,61.958871],[-155.339983,61.959125],[-155.339162,61.959452],[-155.338259,61.959638],[-155.336913,61.960112],[-155.335793,61.960549],[-155.335196,61.960803],[-155.334453,61.961165],[-155.333475,61.961387],[-155.332727,61.961642],[-155.331004,61.962191],[-155.330327,61.962339],[-155.329354,61.962668],[-155.326801,61.963331],[-155.322384,61.964792],[-155.319916,61.965667],[-155.316849,61.96676],[-155.313407,61.967963],[-155.311987,61.968509],[-155.310637,61.968912],[-155.30952,61.969419],[-155.30824,61.969679],[-155.307717,61.969897],[-155.306891,61.970118],[-155.305994,61.970446],[-155.305014,61.970632],[-155.304493,61.970885],[-155.303515,61.971107],[-155.303,61.971502],[-155.302549,61.971613],[-155.301882,61.97201],[-155.30136,61.972227],[-155.300453,61.972342],[-155.299328,61.972672],[-155.298884,61.97296],[-155.298134,61.97318],[-155.297765,61.973432],[-155.297091,61.973651],[-155.296346,61.974013],[-155.29552,61.974233],[-155.294616,61.974419],[-155.294243,61.974564],[-155.293949,61.974815],[-155.293497,61.974891],[-155.292968,61.974966],[-155.292376,61.975327],[-155.291549,61.975547],[-155.288628,61.976532],[-155.28706,61.977185],[-155.285924,61.977267],[-155.285413,61.977768],[-155.284584,61.977918],[-155.284062,61.978171],[-155.283626,61.978636],[-155.282726,61.978928],[-155.281754,61.979292],[-155.276744,61.981219]]}},{"type":"Feature","properties":{"FaultName":"Denali (Boss Creek)","Change":"Revised","QfaultID":5000,"Feature":"Scarps and linear slope breaks","SlipSense1":"Strike-slip","SlipSense2":"Right-lateral"},"geometry":{"type":"LineString","coordinates":[[-155.263597,61.987336],[-155.262855,61.987757],[-155.262489,61.988115],[-155.261872,61.988505],[-155.261316,61.988836],[-155.260505,61.989139],[-155.259445,61.989562],[-155.258827,61.989923],[-155.258393,61.990163],[-155.25802,61.990314],[-155.257453,61.990408],[-155.256199,61.990715]]}},{"type":"Feature","properties":{"FaultName":"Denali (Boss Creek)","Change":"Revised","QfaultID":5000,"Feature":"Scarps and linear slope breaks","SlipSense1":"Strike-slip","SlipSense2":"Right-lateral"},"geometry":{"type":"LineString","coordinates":[[-155.264129,61.986385],[-155.260953,61.987715],[-155.257767,61.988778],[-155.256187,61.988852],[-155.25524,61.988919],[-155.254484,61.989015],[-155.253175,61.989529],[-155.251923,61.989895],[-155.251355,61.98993],[-155.250603,61.990114],[-155.249293,61.990628]]}},{"type":"Feature","properties":{"FaultName":"Denali (Farewell)","Change":"Revised","QfaultID":5000,"Feature":"Scarps, linear slope-breaks, and linear gullies","SlipSense1":"Strike-slip","SlipSense2":"Right-lateral"},"geometry":{"type":"LineString","coordinates":[[-155.247213,61.990853],[-155.246086,61.991189],[-155.245153,61.991611],[-155.244408,61.991972],[-155.243099,61.992487],[-155.242101,61.99288]]}},{"type":"Feature","properties":{"FaultName":"Denali (Farewell)","Change":"Revised","QfaultID":5000,"Feature":"Scarps, linear slope-breaks, and linear gullies","SlipSense1":"Strike-slip","SlipSense2":"Right-lateral"},"geometry":{"type":"LineString","coordinates":[[-155.236964,61.995007],[-155.235759,61.995302],[-155.234343,61.995989],[-155.231638,61.996793],[-155.230445,61.997371],[-155.228564,61.997849],[-155.226995,61.998537],[-155.225338,61.998906],[-155.223082,61.999529],[-155.222337,61.999926],[-155.222047,62.000283],[-155.221682,62.000642],[-155.221238,62.000965],[-155.220336,62.001221],[-155.219357,62.001442],[-155.218456,62.001734]]}},{"type":"Feature","properties":{"FaultName":"Denali (Farewell)","Change":"Revised","QfaultID":5000,"Feature":"Southeast-facing scarps","SlipSense1":"Strike-slip","SlipSense2":"Right-lateral"},"geometry":{"type":"LineString","coordinates":[[-155.241375,61.998128],[-155.240251,61.998528],[-155.239742,61.999101],[-155.239144,61.999355],[-155.2378,61.99997],[-155.236148,62.000481],[-155.234568,62.000885],[-155.233824,62.001282],[-155.23277,62.00154],[-155.232029,62.002043],[-155.231206,62.00237],[-155.2297,62.002738],[-155.228575,62.003103],[-155.226178,62.004011],[-155.225509,62.004407],[-155.224015,62.005059]]}},{"type":"Feature","properties":{"FaultName":"Denali (Farewell)","Change":"Revised","QfaultID":5000,"Feature":"Southeast-facing scarps","SlipSense1":"Strike-slip","SlipSense2":"Right-lateral"},"geometry":{"type":"LineString","coordinates":[[-155.222739,62.005496],[-155.221232,62.005828],[-155.220783,62.006009],[-155.219656,62.006339],[-155.217551,62.00696],[-155.214475,62.008016],[-155.211553,62.009106],[-155.208247,62.010128]]}},{"type":"Feature","properties":{"FaultName":"Denali (Farewell)","Change":"Revised","QfaultID":5000,"Feature":"Southeast-facing scarps","SlipSense1":"Strike-slip","SlipSense2":"Right-lateral"},"geometry":{"type":"LineString","coordinates":[[-155.194166,62.015678],[-155.192073,62.016618],[-155.191101,62.017052],[-155.189906,62.01763],[-155.189316,62.018097],[-155.187367,62.018858],[-155.185194,62.019693],[-155.183841,62.02013],[-155.181283,62.020861],[-155.180449,62.020939]]}},{"type":"Feature","properties":{"FaultName":"Denali (Farewell)","Change":"Revised","QfaultID":5000,"Feature":"Scarps, linear slope-breaks, and linear gullies","SlipSense1":"Strike-slip","SlipSense2":"Right-lateral"},"geometry":{"type":"LineString","coordinates":[[-155.211663,62.000266],[-155.210536,62.000595],[-155.210093,62.000918],[-155.209195,62.001281],[-155.207763,62.001612],[-155.206789,62.001976],[-155.205891,62.002338],[-155.205142,62.002629],[-155.204612,62.002669],[-155.203854,62.002746],[-155.203258,62.003035],[-155.202199,62.003186],[-155.200924,62.003623],[-155.199274,62.004205],[-155.198449,62.004496],[-155.197774,62.00475],[-155.196572,62.005115],[-155.195902,62.005475],[-155.194922,62.005697],[-155.194018,62.005917],[-155.192964,62.006174],[-155.190935,62.006795],[-155.189423,62.007021],[-155.188226,62.007528],[-155.186789,62.007717],[-155.185658,62.007975],[-155.183921,62.008273],[-155.183015,62.008458]]}},{"type":"Feature","properties":{"FaultName":"Denali (Farewell)","Change":"Revised","QfaultID":5000,"Feature":"Scarps, linear slope-breaks, and linear gullies","SlipSense1":"Strike-slip","SlipSense2":"Right-lateral"},"geometry":{"type":"LineString","coordinates":[[-155.186789,62.007717],[-155.184403,62.007753],[-155.182311,62.008206],[-155.180302,62.008677],[-155.178655,62.009089],[-155.177119,62.009234],[-155.175506,62.009455],[-155.174733,62.009405],[-155.17409,62.009543],[-155.173609,62.009698],[-155.172321,62.009955],[-155.171517,62.010132]]}},{"type":"Feature","properties":{"FaultName":"Denali (Farewell)","Change":"Revised","QfaultID":5000,"Feature":"Scarps, linear slope-breaks, and linear gullies","SlipSense1":"Strike-slip","SlipSense2":"Right-lateral"},"geometry":{"type":"LineString","coordinates":[[-155.156895,62.022699],[-155.155326,62.023126],[-155.154322,62.0234],[-155.153448,62.023763],[-155.152695,62.023946],[-155.15087,62.024316]]}},{"type":"Feature","properties":{"FaultName":"Denali (Boss Creek)","Change":"Revised","QfaultID":5000,"Feature":"Scarps and linear slope breaks","SlipSense1":"Strike-slip","SlipSense2":"Right-lateral"},"geometry":{"type":"LineString","coordinates":[[-155.288595,61.971811],[-155.287167,61.972475],[-155.286108,61.972899],[-155.284677,61.973474],[-155.283927,61.973717],[-155.283051,61.973962],[-155.282361,61.974116],[-155.281423,61.974391],[-155.280246,61.974993],[-155.278751,61.975598],[-155.277507,61.976112],[-155.275325,61.97693],[-155.273264,61.977758],[-155.271336,61.978911],[-155.267604,61.980506],[-155.264919,61.981737],[-155.262398,61.98325],[-155.260624,61.984473],[-155.257337,61.985851],[-155.254961,61.987221],[-155.253175,61.98816],[-155.247213,61.990853]]}},{"type":"Feature","properties":{"FaultName":"Denali (Boss Creek)","Change":"Revised","QfaultID":5000,"Feature":"Scarps and linear slope breaks","SlipSense1":"Strike-slip","SlipSense2":"Right-lateral"},"geometry":{"type":"LineString","coordinates":[[-155.271902,61.982374],[-155.271155,61.982689],[-155.270559,61.982954],[-155.270062,61.983195],[-155.269164,61.983535],[-155.268209,61.983709],[-155.267306,61.98393]]}},{"type":"Feature","properties":{"FaultName":"Denali (Boss Creek)","Change":"Revised","QfaultID":5000,"Feature":"Scarps and linear slope breaks","SlipSense1":"Strike-slip","SlipSense2":"Right-lateral"},"geometry":{"type":"LineString","coordinates":[[-155.417213,61.943341],[-155.416077,61.943382],[-155.415137,61.943569],[-155.414065,61.943639],[-155.412992,61.943679],[-155.412044,61.943689],[-155.410781,61.943731],[-155.410028,61.943856],[-155.409392,61.943774],[-155.408381,61.943784],[-155.407063,61.944004],[-155.406113,61.943984],[-155.405239,61.944229],[-155.404611,61.944324],[-155.403797,61.94451],[-155.402914,61.944548],[-155.402282,61.944554],[-155.401082,61.944596],[-155.39995,61.944725],[-155.398567,61.944916],[-155.397381,61.945254],[-155.396506,61.945469]]}},{"type":"Feature","properties":{"FaultName":"Denali (Boss Creek)","Change":"Revised","QfaultID":5000,"Feature":"Scarps and linear slope breaks","SlipSense1":"Strike-slip","SlipSense2":"Right-lateral"},"geometry":{"type":"LineString","coordinates":[[-155.425542,61.941572],[-155.424159,61.941763],[-155.422902,61.941923],[-155.421643,61.942054],[-155.420514,61.942243],[-155.419257,61.942404]]}},{"type":"Feature","properties":{"FaultName":"Denali (Boss Creek)","Change":"Revised","QfaultID":5000,"Feature":"Scarps and linear slope breaks","SlipSense1":"Strike-slip","SlipSense2":"Right-lateral"},"geometry":{"type":"LineString","coordinates":[[-155.416094,61.934618],[-155.415195,61.934864],[-155.414503,61.935202],[-155.414208,61.935394],[-155.413916,61.935634],[-155.413118,61.935879],[-155.412167,61.936101],[-155.410777,61.936683],[-155.410133,61.936973],[-155.409684,61.93712],[-155.408376,61.937275],[-155.407572,61.937377],[-155.406568,61.937553],[-155.406323,61.937721],[-155.405519,61.937847],[-155.404062,61.938051],[-155.403155,61.938131],[-155.402109,61.938473],[-155.40151,61.938668],[-155.400111,61.939037],[-155.399872,61.939347],[-155.398624,61.939714],[-155.39738,61.940176],[-155.396628,61.940325],[-155.395578,61.940596],[-155.394485,61.941033],[-155.393891,61.941322],[-155.393196,61.941613]]}},{"type":"Feature","properties":{"FaultName":"Denali (Boss Creek)","Change":"Revised","QfaultID":5000,"Feature":"Scarps and linear slope breaks","SlipSense1":"Strike-slip","SlipSense2":"Right-lateral"},"geometry":{"type":"LineString","coordinates":[[-155.392046,61.941909],[-155.391507,61.942292],[-155.390406,61.942564],[-155.390308,61.942636],[-155.38966,61.942855],[-155.389473,61.943188],[-155.389126,61.943357],[-155.388476,61.943529],[-155.38783,61.943772],[-155.387275,61.943801],[-155.387131,61.943992],[-155.386476,61.944046],[-155.385323,61.94427],[-155.383523,61.944457],[-155.38312,61.94448],[-155.3827,61.944588],[-155.381762,61.944881],[-155.381169,61.945218],[-155.380793,61.945402],[-155.380294,61.945549],[-155.379473,61.945746],[-155.378959,61.946025],[-155.377997,61.946224]]}},{"type":"Feature","properties":{"FaultName":"Denali (Boss Creek)","Change":"Revised","QfaultID":5000,"Feature":"Scarps and linear slope breaks","SlipSense1":"Strike-slip","SlipSense2":"Right-lateral"},"geometry":{"type":"LineString","coordinates":[[-155.399872,61.939347],[-155.398079,61.939604],[-155.397101,61.939791],[-155.396431,61.940081],[-155.39578,61.940218],[-155.394517,61.940266]]}},{"type":"Feature","properties":{"FaultName":"Denali (Boss Creek)","Change":"Revised","QfaultID":5000,"Feature":"Scarps and linear slope breaks","SlipSense1":"Strike-slip","SlipSense2":"Right-lateral"},"geometry":{"type":"LineString","coordinates":[[-155.39578,61.940218],[-155.394707,61.940548],[-155.393627,61.940724],[-155.393075,61.940801],[-155.392466,61.940759]]}},{"type":"Feature","properties":{"FaultName":"Denali (Boss Creek)","Change":"Revised","QfaultID":5000,"Feature":"Scarps and linear slope breaks","SlipSense1":"Strike-slip","SlipSense2":"Right-lateral"},"geometry":{"type":"LineString","coordinates":[[-155.41315,61.934023],[-155.411898,61.934284],[-155.411498,61.934383],[-155.410741,61.934426],[-155.410315,61.934513],[-155.40984,61.934624],[-155.409238,61.934725],[-155.408539,61.934921],[-155.408115,61.935067],[-155.407415,61.93524],[-155.406869,61.935458],[-155.406368,61.935558],[-155.405117,61.935854],[-155.404694,61.936012],[-155.403772,61.936305],[-155.40365,61.936413],[-155.403155,61.936655],[-155.402606,61.936814],[-155.401712,61.937166],[-155.400719,61.937578],[-155.399901,61.937953],[-155.398555,61.938392],[-155.397408,61.938758]]}},{"type":"Feature","properties":{"FaultName":"Denali (Boss Creek)","Change":"Revised","QfaultID":5000,"Feature":"Scarps and linear slope breaks","SlipSense1":"Strike-slip","SlipSense2":"Right-lateral"},"geometry":{"type":"LineString","coordinates":[[-155.395245,61.939803],[-155.393565,61.940255],[-155.391017,61.940715],[-155.390562,61.940966],[-155.389942,61.941123],[-155.389307,61.941385],[-155.388812,61.941636],[-155.38836,61.941944],[-155.388067,61.942164],[-155.387105,61.942652],[-155.386787,61.942778],[-155.386029,61.943013],[-155.385973,61.943136],[-155.385132,61.943324],[-155.384876,61.943488],[-155.384596,61.943557],[-155.384322,61.943768],[-155.383962,61.943856],[-155.383584,61.944002],[-155.38312,61.94448]]}},{"type":"Feature","properties":{"FaultName":"Denali (Boss Creek)","Change":"Revised","QfaultID":5000,"Feature":"Scarps and linear slope breaks","SlipSense1":"Strike-slip","SlipSense2":"Right-lateral"},"geometry":{"type":"LineString","coordinates":[[-155.378959,61.946025],[-155.379163,61.946245],[-155.378823,61.946556],[-155.378531,61.946819],[-155.378181,61.946917],[-155.377667,61.947301],[-155.377377,61.947612],[-155.376954,61.94777],[-155.376483,61.947975],[-155.376109,61.948109],[-155.375772,61.948479],[-155.375445,61.948541],[-155.375145,61.948604],[-155.375179,61.948816],[-155.375165,61.949053],[-155.374749,61.949376],[-155.373904,61.949728],[-155.373328,61.949864],[-155.372574,61.949977],[-155.3717,61.950234]]}},{"type":"Feature","properties":{"FaultName":"Denali (Boss Creek)","Change":"Revised","QfaultID":5000,"Feature":"Scarps and linear slope breaks","SlipSense1":"Strike-slip","SlipSense2":"Right-lateral"},"geometry":{"type":"LineString","coordinates":[[-155.285423,61.968571],[-155.28488,61.968908],[-155.284147,61.96953],[-155.282349,61.970137],[-155.281155,61.970645],[-155.280562,61.971005],[-155.28002,61.971365],[-155.279522,61.971559],[-155.27833,61.972114],[-155.277732,61.972356],[-155.277087,61.97267],[-155.27659,61.972887],[-155.276098,61.973246],[-155.275111,61.973871],[-155.275085,61.974463],[-155.2745,61.975012],[-155.273159,61.975663],[-155.272017,61.976218]]}},{"type":"Feature","properties":{"FaultName":"Denali (Boss Creek)","Change":"Revised","QfaultID":5000,"Feature":"Scarps and linear slope breaks","SlipSense1":"Strike-slip","SlipSense2":"Right-lateral"},"geometry":{"type":"LineString","coordinates":[[-155.420046,61.931875],[-155.419685,61.932269],[-155.418865,61.932597],[-155.417518,61.933001],[-155.416468,61.93326],[-155.415344,61.933555]]}},{"type":"Feature","properties":{"FaultName":"Denali (Boss Creek)","Change":"Revised","QfaultID":5000,"Feature":"Scarps and linear slope breaks","SlipSense1":"Strike-slip","SlipSense2":"Right-lateral"},"geometry":{"type":"LineString","coordinates":[[-155.496492,61.925386],[-155.495115,61.925666],[-155.493362,61.92601],[-155.491407,61.92609],[-155.49002,61.926164],[-155.488389,61.926418],[-155.487258,61.926548],[-155.486253,61.926677],[-155.4848,61.926692],[-155.483096,61.926739]]}},{"type":"Feature","properties":{"FaultName":"Denali (Boss Creek)","Change":"Revised","QfaultID":5000,"Feature":"Scarps and linear slope breaks","SlipSense1":"Strike-slip","SlipSense2":"Right-lateral"},"geometry":{"type":"LineString","coordinates":[[-155.482965,61.927983],[-155.48209,61.92817],[-155.480388,61.928276],[-155.479066,61.928379],[-155.477871,61.92851],[-155.476867,61.928668],[-155.476046,61.928676],[-155.474974,61.928717],[-155.474025,61.928697],[-155.473073,61.928619],[-155.472057,61.928511],[-155.471304,61.928637],[-155.470168,61.928678],[-155.468783,61.928781],[-155.467583,61.928794],[-155.466893,61.928919],[-155.465826,61.929078],[-155.465379,61.928965],[-155.464241,61.928976],[-155.463614,61.929072],[-155.4628,61.929228],[-155.462044,61.929295],[-155.461224,61.929333]]}},{"type":"Feature","properties":{"FaultName":"Denali (Boss Creek)","Change":"Revised","QfaultID":5000,"Feature":"Scarps and linear slope breaks","SlipSense1":"Strike-slip","SlipSense2":"Right-lateral"},"geometry":{"type":"LineString","coordinates":[[-155.676734,61.888963],[-155.675682,61.88936],[-155.674681,61.88952],[-155.673242,61.889773],[-155.672364,61.889872],[-155.67143,61.89012]]}},{"type":"Feature","properties":{"FaultName":"Denali (Boss Creek)","Change":"Revised","QfaultID":5000,"Feature":"Scarps and linear slope breaks","SlipSense1":"Strike-slip","SlipSense2":"Right-lateral"},"geometry":{"type":"LineString","coordinates":[[-155.668046,61.890574],[-155.666792,61.890737],[-155.666046,61.890953],[-155.665232,61.891081],[-155.664421,61.891268],[-155.662671,61.891584],[-155.661738,61.891861],[-155.660803,61.892079],[-155.659682,61.892359],[-155.658366,61.892552],[-155.657926,61.892586]]}},{"type":"Feature","properties":{"FaultName":"Denali (Boss Creek)","Change":"Revised","QfaultID":5000,"Feature":"Scarps and linear slope breaks","SlipSense1":"Strike-slip","SlipSense2":"Right-lateral"},"geometry":{"type":"LineString","coordinates":[[-155.656834,61.892475],[-155.656044,61.892815],[-155.655055,61.893206],[-155.653457,61.893556],[-155.652503,61.893661],[-155.651958,61.893857],[-155.651172,61.894269],[-155.650074,61.894518],[-155.648218,61.894776],[-155.646816,61.895006],[-155.645068,61.895381],[-155.643983,61.895867],[-155.64239,61.896311],[-155.641048,61.896729],[-155.639801,61.897028],[-155.638597,61.897184],[-155.637442,61.897315]]}},{"type":"Feature","properties":{"FaultName":"Denali (Boss Creek)","Change":"Revised","QfaultID":5000,"Feature":"Scarps and linear slope breaks","SlipSense1":"Strike-slip","SlipSense2":"Right-lateral"},"geometry":{"type":"LineString","coordinates":[[-155.635829,61.897381],[-155.63461,61.897253],[-155.633963,61.89745],[-155.633462,61.897527],[-155.632812,61.897653],[-155.632572,61.897892],[-155.631817,61.897948],[-155.630723,61.898268],[-155.630168,61.898275],[-155.629166,61.898452],[-155.628828,61.89874],[-155.627788,61.899131],[-155.626746,61.899498]]}},{"type":"Feature","properties":{"FaultName":"Denali (Boss Creek)","Change":"Revised","QfaultID":5000,"Feature":"Scarps and linear slope breaks","SlipSense1":"Strike-slip","SlipSense2":"Right-lateral"},"geometry":{"type":"LineString","coordinates":[[-155.647804,61.892917],[-155.647342,61.893254],[-155.646502,61.893595],[-155.646232,61.893752],[-155.645663,61.893972],[-155.645118,61.894179],[-155.64465,61.894398],[-155.643976,61.894548]]}},{"type":"Feature","properties":{"FaultName":"Denali (Boss Creek)","Change":"Revised","QfaultID":5000,"Feature":"Scarps and linear slope breaks","SlipSense1":"Strike-slip","SlipSense2":"Right-lateral"},"geometry":{"type":"LineString","coordinates":[[-155.626483,61.901956],[-155.625716,61.902272],[-155.625315,61.902324],[-155.62474,61.902438],[-155.624211,61.902479],[-155.623737,61.902579],[-155.623256,61.902573],[-155.622283,61.902797],[-155.621858,61.902885],[-155.62138,61.902926],[-155.620806,61.903051],[-155.620414,61.90328],[-155.619763,61.903394],[-155.619064,61.903556],[-155.61834,61.903718],[-155.617737,61.903796],[-155.617392,61.903953],[-155.616593,61.904128],[-155.616112,61.904122],[-155.615411,61.904248],[-155.614585,61.904388],[-155.613832,61.904491],[-155.613461,61.904637],[-155.612687,61.904812],[-155.612237,61.9049],[-155.611521,61.905227],[-155.611046,61.905327],[-155.610774,61.905437],[-155.610301,61.905572]]}},{"type":"Feature","properties":{"FaultName":"Denali (Boss Creek)","Change":"Revised","QfaultID":5000,"Feature":"Scarps and linear slope breaks","SlipSense1":"Strike-slip","SlipSense2":"Right-lateral"},"geometry":{"type":"LineString","coordinates":[[-155.60726,61.905394],[-155.606486,61.905568],[-155.605782,61.905636],[-155.605105,61.905738],[-155.604351,61.905806],[-155.602945,61.905975],[-155.602184,61.905913]]}},{"type":"Feature","properties":{"FaultName":"Denali (Boss Creek)","Change":"Revised","QfaultID":5000,"Feature":"Scarps and linear slope breaks","SlipSense1":"Strike-slip","SlipSense2":"Right-lateral"},"geometry":{"type":"LineString","coordinates":[[-155.624023,61.899885],[-155.623259,61.900348],[-155.622242,61.900615],[-155.621798,61.900819],[-155.621326,61.901052],[-155.620602,61.901131],[-155.620188,61.90132],[-155.619776,61.901567],[-155.618724,61.901735],[-155.617199,61.902136],[-155.615616,61.902594],[-155.614361,61.902949],[-155.61346,61.903101],[-155.61301,61.903192],[-155.611717,61.903405],[-155.610785,61.903558],[-155.608141,61.904],[-155.606946,61.90434],[-155.606071,61.904435],[-155.604695,61.904777],[-155.603453,61.905544],[-155.602184,61.905913],[-155.601157,61.90609],[-155.600709,61.906225],[-155.599882,61.906353],[-155.598876,61.906435],[-155.598147,61.906503],[-155.597063,61.906562],[-155.596359,61.906618]]}},{"type":"Feature","properties":{"FaultName":"Denali (Boss Creek)","Change":"Revised","QfaultID":5000,"Feature":"Scarps and linear slope breaks","SlipSense1":"Strike-slip","SlipSense2":"Right-lateral"},"geometry":{"type":"LineString","coordinates":[[-155.692539,61.867255],[-155.690871,61.868127],[-155.690173,61.868278],[-155.688602,61.869101],[-155.68721,61.869496],[-155.686028,61.870031],[-155.685234,61.870277],[-155.683645,61.870769],[-155.682652,61.871065]]}},{"type":"Feature","properties":{"FaultName":"Denali (Boss Creek)","Change":"Revised","QfaultID":5000,"Feature":"Scarps and linear slope breaks","SlipSense1":"Strike-slip","SlipSense2":"Right-lateral"},"geometry":{"type":"LineString","coordinates":[[-155.674166,61.872822],[-155.672888,61.873453],[-155.671907,61.873985],[-155.67052,61.874475],[-155.670356,61.875187],[-155.667463,61.875836],[-155.665193,61.87681],[-155.662933,61.877972],[-155.660875,61.879132],[-155.658506,61.880154],[-155.656508,61.880556],[-155.655223,61.881092],[-155.654133,61.881483],[-155.653157,61.88211],[-155.652559,61.882259],[-155.651572,61.882697],[-155.64998,61.883141],[-155.649392,61.883479],[-155.649208,61.883813],[-155.648221,61.88425],[-155.647439,61.884733],[-155.645637,61.885038],[-155.643942,61.885436],[-155.642268,61.88626],[-155.639979,61.886902],[-155.639194,61.887337],[-155.638417,61.887914],[-155.637632,61.888349],[-155.636233,61.888649],[-155.635047,61.889136],[-155.633976,61.889906],[-155.633267,61.889867],[-155.631977,61.890308],[-155.631586,61.890549],[-155.631507,61.890976],[-155.63025,61.892032],[-155.628844,61.89219],[-155.626948,61.892638],[-155.626374,61.89326],[-155.625579,61.893505],[-155.624067,61.89357],[-155.622563,61.893777],[-155.621972,61.894067],[-155.620782,61.894507],[-155.619608,61.89523],[-155.618298,61.895293],[-155.616909,61.895782],[-155.615914,61.896077],[-155.615018,61.896324],[-155.613104,61.896441],[-155.612013,61.896832],[-155.610932,61.897412],[-155.609038,61.897907],[-155.607848,61.898346],[-155.599308,61.901236],[-155.597111,61.901734],[-155.593404,61.902344],[-155.589901,61.902998],[-155.584801,61.904049],[-155.582998,61.904354],[-155.581302,61.904798],[-155.579669,61.905314],[-155.577914,61.905736],[-155.576212,61.906038],[-155.573814,61.906586],[-155.571618,61.907131],[-155.569928,61.90767],[-155.566736,61.90851],[-155.564837,61.909069],[-155.563525,61.909519],[-155.561647,61.909956],[-155.559449,61.910454],[-155.554708,61.911909],[-155.55272,61.912582],[-155.551663,61.912919],[-155.549734,61.913502]]}},{"type":"Feature","properties":{"FaultName":"Denali (Boss Creek)","Change":"Revised","QfaultID":5000,"Feature":"Scarps and linear slope breaks","SlipSense1":"Strike-slip","SlipSense2":"Right-lateral"},"geometry":{"type":"LineString","coordinates":[[-155.501912,61.921678],[-155.500655,61.92181],[-155.4995,61.921964],[-155.49789,61.922123],[-155.496329,61.922258],[-155.495675,61.922312],[-155.494415,61.922397],[-155.493658,61.922428]]}},{"type":"Feature","properties":{"FaultName":"Denali (Boss Creek)","Change":"Revised","QfaultID":5000,"Feature":"Scarps and linear slope breaks","SlipSense1":"Strike-slip","SlipSense2":"Right-lateral"},"geometry":{"type":"LineString","coordinates":[[-155.490455,61.924166],[-155.489552,61.924294],[-155.487892,61.924477],[-155.486887,61.924606],[-155.485881,61.924711],[-155.485384,61.924882]]}},{"type":"Feature","properties":{"FaultName":"Denali (Boss Creek)","Change":"Revised","QfaultID":5000,"Feature":"Scarps and linear slope breaks","SlipSense1":"Strike-slip","SlipSense2":"Right-lateral"},"geometry":{"type":"LineString","coordinates":[[-155.485005,61.92543],[-155.484154,61.925605],[-155.482801,61.925855],[-155.481541,61.925939],[-155.480231,61.926024],[-155.479072,61.926107],[-155.477668,61.926359]]}},{"type":"Feature","properties":{"FaultName":"Denali (Boss Creek)","Change":"Revised","QfaultID":5000,"Feature":"Scarps and linear slope breaks","SlipSense1":"Strike-slip","SlipSense2":"Right-lateral"},"geometry":{"type":"LineString","coordinates":[[-155.463365,61.929678],[-155.461878,61.929883],[-155.460267,61.930032],[-155.457962,61.930056],[-155.457113,61.930064],[-155.455906,61.930209],[-155.455018,61.930256],[-155.453563,61.930271],[-155.452106,61.930248],[-155.451536,61.930178],[-155.450805,61.93011],[-155.449556,61.930217],[-155.44822,61.930212],[-155.447528,61.930106],[-155.44671,61.929906]]}},{"type":"Feature","properties":{"FaultName":"Denali (Farewell)","Change":"Revised","QfaultID":5000,"Feature":"North-facing scarp","SlipSense1":"Strike-slip","SlipSense2":"Right-lateral"},"geometry":{"type":"LineString","coordinates":[[-155.131811,62.047875],[-155.129693,62.048247],[-155.128033,62.048651],[-155.126534,62.049301],[-155.125358,62.050447],[-155.124464,62.050986],[-155.124176,62.05145],[-155.123809,62.051808],[-155.123437,62.052059],[-155.122989,62.052311],[-155.12286,62.052951],[-155.122423,62.053487],[-155.121753,62.053918],[-155.121614,62.054274],[-155.120493,62.054851],[-155.119974,62.055246],[-155.119308,62.055783],[-155.119246,62.056174],[-155.11911,62.056637],[-155.119202,62.057062],[-155.118547,62.057919],[-155.117828,62.059096]]}},{"type":"Feature","properties":{"FaultName":"Denali (Farewell)","Change":"Revised","QfaultID":5000,"Feature":"Linear gully","SlipSense1":"Strike-slip","SlipSense2":"Right-lateral"},"geometry":{"type":"LineString","coordinates":[[-155.109119,62.056409],[-155.107148,62.058081],[-155.105714,62.058802],[-155.104849,62.059459],[-155.103226,62.060211],[-155.101611,62.0612],[-155.100616,62.06177],[-155.099686,62.062398],[-155.098878,62.062878],[-155.096699,62.064078],[-155.094512,62.065271],[-155.093256,62.065636],[-155.09244,62.065909],[-155.091765,62.066565],[-155.090888,62.066897],[-155.089833,62.067585],[-155.089278,62.068033],[-155.088534,62.068542],[-155.087275,62.068847],[-155.085774,62.06948],[-155.084581,62.069873],[-155.083518,62.070325],[-155.082643,62.070716],[-155.081778,62.071403],[-155.080466,62.072005],[-155.079533,62.072574],[-155.07817,62.073531],[-155.076983,62.074102],[-155.075727,62.074496]]}},{"type":"Feature","properties":{"FaultName":"Denali (Farewell)","Change":"Revised","QfaultID":5000,"Feature":"Scarps, linear slope-breaks, and linear gullies","SlipSense1":"Strike-slip","SlipSense2":"Right-lateral"},"geometry":{"type":"LineString","coordinates":[[-155.144477,62.02629],[-155.143724,62.026503],[-155.142593,62.026779],[-155.141906,62.02705],[-155.140775,62.027326],[-155.139142,62.027753],[-155.137761,62.028119],[-155.13638,62.028514],[-155.134307,62.029034],[-155.132863,62.02943],[-155.131482,62.029796],[-155.130352,62.030101],[-155.128977,62.030644],[-155.127539,62.031217],[-155.126164,62.031761],[-155.125035,62.032095],[-155.121091,62.033487],[-155.120286,62.034026],[-155.118905,62.034421],[-155.117034,62.035294],[-155.115597,62.035897],[-155.114097,62.0365],[-155.112916,62.03716],[-155.110291,62.038668],[-155.109619,62.039028],[-155.109016,62.03921],[-155.107732,62.039468],[-155.106002,62.04005],[-155.105401,62.040267],[-155.104654,62.040664],[-155.103598,62.04092],[-155.10066,62.041795],[-155.098166,62.042276],[-155.096976,62.043066],[-155.09616,62.043676],[-155.094507,62.044292],[-155.092706,62.045016],[-155.091278,62.045523],[-155.09023,62.046028],[-155.089561,62.046495],[-155.088363,62.047072],[-155.087329,62.047967],[-155.086066,62.048864],[-155.085027,62.049618],[-155.083837,62.050408],[-155.080482,62.052175],[-155.075525,62.054129],[-155.067382,62.056462],[-155.064378,62.057692],[-155.060478,62.059424],[-155.057626,62.060653],[-155.054167,62.061956],[-155.047441,62.063778],[-155.046393,62.064318],[-155.045195,62.064931],[-155.043842,62.065473],[-155.043395,62.06576],[-155.042722,62.066156],[-155.041898,62.066552],[-155.037431,62.068593],[-155.033729,62.070552],[-155.033213,62.071088],[-155.03224,62.071592],[-155.030962,62.072098],[-155.029686,62.072675],[-155.029161,62.072928],[-155.028718,62.073357],[-155.027892,62.073718]]}},{"type":"Feature","properties":{"FaultName":"Denali (Farewell)","Change":"Revised","QfaultID":5000,"Feature":"Scarps, linear slope-breaks, and linear gullies","SlipSense1":"Strike-slip","SlipSense2":"Right-lateral"},"geometry":{"type":"LineString","coordinates":[[-155.005715,62.082927],[-155.004666,62.083467],[-155.003838,62.083793],[-155.003085,62.084082],[-155.002484,62.084335],[-155.002028,62.084373],[-155.000976,62.084842],[-155.000448,62.085023]]}},{"type":"Feature","properties":{"FaultName":"Denali (Farewell)","Change":"Revised","QfaultID":5000,"Feature":"Scarps, linear slope-breaks, and linear gullies","SlipSense1":"Strike-slip","SlipSense2":"Right-lateral"},"geometry":{"type":"LineString","coordinates":[[-154.999019,62.085601],[-154.998043,62.08607],[-154.997444,62.086393],[-154.995782,62.086866],[-154.994503,62.087372],[-154.993447,62.087734],[-154.992393,62.088132],[-154.991718,62.088492],[-154.99074,62.088889],[-154.989158,62.089468]]}},{"type":"Feature","properties":{"FaultName":"Denali (Farewell)","Change":"Revised","QfaultID":5000,"Feature":"Scarps, linear slope-breaks, and linear gullies","SlipSense1":"Strike-slip","SlipSense2":"Right-lateral"},"geometry":{"type":"LineString","coordinates":[[-155.012664,62.071228],[-155.011386,62.07177],[-155.010331,62.072097],[-155.009509,62.0726],[-155.008072,62.072929],[-155.006715,62.073365],[-155.005505,62.073657],[-155.005202,62.073695]]}},{"type":"Feature","properties":{"FaultName":"Denali (Farewell)","Change":"Revised","QfaultID":5000,"Feature":"Scarps, linear slope-breaks, and linear gullies","SlipSense1":"Strike-slip","SlipSense2":"Right-lateral"},"geometry":{"type":"LineString","coordinates":[[-155.002862,62.074386],[-155.0012,62.074823],[-154.999544,62.075439],[-154.998488,62.075765],[-154.99721,62.076307],[-154.995099,62.076996],[-154.99343,62.077221],[-154.99169,62.077623],[-154.990485,62.078057],[-154.989208,62.078634],[-154.987702,62.079213],[-154.987107,62.079678],[-154.98621,62.080217],[-154.984784,62.080901],[-154.982965,62.081198],[-154.980923,62.081709],[-154.979183,62.082111],[-154.977528,62.082797],[-154.975714,62.083271],[-154.971709,62.084363],[-154.970425,62.084727],[-154.969372,62.08516],[-154.967707,62.085562],[-154.965442,62.086251],[-154.964007,62.086652],[-154.962946,62.086872],[-154.96204,62.087126]]}},{"type":"Feature","properties":{"FaultName":"Denali (Farewell)","Change":"Revised","QfaultID":5000,"Feature":"Scarps, linear slope-breaks, and linear gullies","SlipSense1":"Strike-slip","SlipSense2":"Right-lateral"},"geometry":{"type":"LineString","coordinates":[[-154.959774,62.087816],[-154.959177,62.08821],[-154.958267,62.088359],[-154.956984,62.088793],[-154.955554,62.089371],[-154.953832,62.090376],[-154.952627,62.090846],[-154.950446,62.091819],[-154.948188,62.092757],[-154.945481,62.093981],[-154.941876,62.09578],[-154.940895,62.096106],[-154.939617,62.096718],[-154.938264,62.097366],[-154.937283,62.097692]]}},{"type":"Feature","properties":{"FaultName":"Denali (Farewell)","Change":"Revised","QfaultID":5000,"Feature":"Scarps, linear slope-breaks, and linear gullies","SlipSense1":"Strike-slip","SlipSense2":"Right-lateral"},"geometry":{"type":"LineString","coordinates":[[-154.858804,62.134875],[-154.857303,62.135807],[-154.854583,62.136818],[-154.853522,62.137108],[-154.85154,62.137696],[-154.849934,62.13851],[-154.846336,62.139553]]}},{"type":"Feature","properties":{"FaultName":"Denali (Farewell)","Change":"Revised","QfaultID":5000,"Feature":"Scarps, linear slope-breaks, and linear gullies","SlipSense1":"Strike-slip","SlipSense2":"Right-lateral"},"geometry":{"type":"LineString","coordinates":[[-154.898628,62.123556],[-154.896826,62.124561],[-154.894572,62.125782],[-154.888163,62.128054],[-154.884329,62.129214],[-154.879279,62.13057],[-154.876651,62.131202],[-154.874929,62.131496]]}},{"type":"Feature","properties":{"FaultName":"Denali (Farewell)","Change":"Revised","QfaultID":5000,"Feature":"Scarps, linear slope-breaks, and linear gullies","SlipSense1":"Strike-slip","SlipSense2":"Right-lateral"},"geometry":{"type":"LineString","coordinates":[[-154.852352,62.136204],[-154.849843,62.137497],[-154.847239,62.139074],[-154.846336,62.139553],[-154.844019,62.140418],[-154.842406,62.140996],[-154.841806,62.141425],[-154.839785,62.141958],[-154.839191,62.142576],[-154.838175,62.142677],[-154.836557,62.143065],[-154.835449,62.143498],[-154.834229,62.143552],[-154.832312,62.144226],[-154.829496,62.145067],[-154.826045,62.145919],[-154.823621,62.146643]]}},{"type":"Feature","properties":{"FaultName":"Denali (Farewell)","Change":"Revised","QfaultID":5000,"Feature":"Scarps, linear slope-breaks, and linear gullies","SlipSense1":"Strike-slip","SlipSense2":"Right-lateral"},"geometry":{"type":"LineString","coordinates":[[-154.899892,62.132883],[-154.898177,62.133415],[-154.895351,62.134237],[-154.893943,62.134814],[-154.892023,62.135299]]}},{"type":"Feature","properties":{"FaultName":"Denali (Farewell)","Change":"Revised","QfaultID":5000,"Feature":"Sinuous north-facing scarps in alluvium, colluvium, and glacial landforms; linear slope breaks and linear gullies","SlipSense1":"Thrust","SlipSense2":"Up-to-the-southeast"},"geometry":{"type":"LineString","coordinates":[[-154.851509,62.172866],[-154.85052,62.173936],[-154.848896,62.175129]]}},{"type":"Feature","properties":{"FaultName":"Denali (Farewell)","Change":"Revised","QfaultID":5000,"Feature":"Sinuous north-facing scarps in alluvium, colluvium, and glacial landforms; linear slope breaks and linear gullies","SlipSense1":"Thrust","SlipSense2":"Up-to-the-southeast"},"geometry":{"type":"LineString","coordinates":[[-154.841556,62.181562],[-154.83944,62.183409],[-154.837062,62.18502],[-154.834812,62.18663],[-154.833305,62.187467],[-154.83117,62.188604],[-154.828012,62.189687],[-154.827034,62.191231],[-154.825065,62.193845],[-154.823441,62.195097],[-154.82132,62.196825],[-154.819575,62.198314],[-154.816446,62.200521],[-154.811799,62.20321],[-154.809041,62.205],[-154.806521,62.206138],[-154.804765,62.207272],[-154.804214,62.208439],[-154.803015,62.209404],[-154.802424,62.210224],[-154.801451,62.211082],[-154.799057,62.213189],[-154.797711,62.214404],[-154.795028,62.217187],[-154.79397,62.217726],[-154.792851,62.218868],[-154.791649,62.219726],[-154.790529,62.220833],[-154.790231,62.221154],[-154.786022,62.22423],[-154.784521,62.22541],[-154.781567,62.226668],[-154.780585,62.227171]]}},{"type":"Feature","properties":{"FaultName":"Denali (Farewell)","Change":"Revised","QfaultID":5000,"Feature":"Sinuous north-facing scarps in alluvium, colluvium, and glacial landforms; linear slope breaks and linear gullies","SlipSense1":"Thrust","SlipSense2":"Up-to-the-southeast"},"geometry":{"type":"LineString","coordinates":[[-154.816446,62.200521],[-154.812202,62.201927],[-154.810119,62.202738],[-154.808922,62.203277],[-154.807911,62.203637],[-154.806461,62.204237],[-154.805012,62.204926],[-154.803499,62.205555],[-154.802361,62.205946],[-154.800977,62.206664],[-154.800033,62.207143],[-154.798704,62.207535],[-154.798007,62.207716],[-154.795864,62.208675]]}},{"type":"Feature","properties":{"FaultName":"Denali (Farewell)","Change":"Revised","QfaultID":5000,"Feature":"Sinuous north-facing scarps in alluvium, colluvium, and glacial landforms; linear slope breaks and linear gullies","SlipSense1":"Thrust","SlipSense2":"Up-to-the-southeast"},"geometry":{"type":"LineString","coordinates":[[-154.727658,62.248543],[-154.725855,62.250043],[-154.722812,62.250981],[-154.722524,62.251764],[-154.721621,62.252478],[-154.718266,62.253205],[-154.716442,62.253853],[-154.714633,62.25514],[-154.713159,62.256558],[-154.71089,62.257847],[-154.707389,62.258929],[-154.702969,62.260016],[-154.699022,62.261739],[-154.696134,62.262818],[-154.694622,62.263748],[-154.69158,62.264828],[-154.689458,62.265903],[-154.687473,62.266268],[-154.685812,62.267411],[-154.68245,62.267924],[-154.678947,62.269006],[-154.675752,62.270157],[-154.673779,62.271089],[-154.672122,62.272446],[-154.669063,62.272815],[-154.665409,62.274039],[-154.660999,62.275763],[-154.658123,62.277551],[-154.65539,62.278842],[-154.652662,62.280416],[-154.650366,62.280639],[-154.647304,62.280937],[-154.64456,62.281731],[-154.642277,62.282593],[-154.639678,62.28303],[-154.635241,62.283618],[-154.631266,62.284274],[-154.628819,62.28464],[-154.623926,62.285443]]}},{"type":"Feature","properties":{"FaultName":"Denali (Farewell)","Change":"Revised","QfaultID":5000,"Feature":"Sinuous north-facing scarps in alluvium, colluvium, and glacial landforms; linear slope breaks and linear gullies","SlipSense1":"Thrust","SlipSense2":"Up-to-the-southeast"},"geometry":{"type":"LineString","coordinates":[[-154.619321,62.28532],[-154.617187,62.285969],[-154.614282,62.286478],[-154.61091,62.286634],[-154.609229,62.286997],[-154.606949,62.288071],[-154.603444,62.289293],[-154.601161,62.290225],[-154.598273,62.291657],[-154.595832,62.292377],[-154.594321,62.293591],[-154.591748,62.295447],[-154.588113,62.297947],[-154.585092,62.300515],[-154.583292,62.302723],[-154.581781,62.304007],[-154.57934,62.304798]]}},{"type":"Feature","properties":{"FaultName":"Denali (Farewell)","Change":"Revised","QfaultID":5000,"Feature":"Sinuous north-facing scarps in alluvium, colluvium, and glacial landforms; linear slope breaks and linear gullies","SlipSense1":"Thrust","SlipSense2":"Up-to-the-southeast"},"geometry":{"type":"LineString","coordinates":[[-154.577003,62.305695],[-154.575872,62.306764],[-154.574871,62.307951],[-154.57362,62.309495],[-154.57224,62.310979],[-154.572,62.311808],[-154.570868,62.312878],[-154.568204,62.314131],[-154.566041,62.31479],[-154.564778,62.315683],[-154.563897,62.316514],[-154.562504,62.317289],[-154.560598,62.318065],[-154.557414,62.318906]]}},{"type":"Feature","properties":{"FaultName":"Denali (Farewell)","Change":"Revised","QfaultID":5000,"Feature":"Sinuous north-facing scarps in alluvium, colluvium, and glacial landforms; linear slope breaks and linear gullies","SlipSense1":"Thrust","SlipSense2":"Up-to-the-southeast"},"geometry":{"type":"LineString","coordinates":[[-154.545965,62.322855],[-154.54393,62.323573],[-154.542034,62.32494],[-154.538222,62.326552],[-154.535164,62.327392],[-154.53376,62.327634],[-154.531978,62.328232],[-154.530954,62.328236],[-154.528912,62.328598],[-154.525339,62.329262],[-154.523037,62.329448],[-154.519587,62.329815],[-154.517287,62.33012],[-154.511173,62.331976],[-154.506069,62.333059],[-154.501497,62.335382],[-154.499989,62.337103],[-154.499249,62.33888],[-154.497599,62.339773],[-154.494154,62.340554],[-154.492113,62.341094]]}},{"type":"Feature","properties":{"FaultName":"Denali (Farewell)","Change":"Revised","QfaultID":5000,"Feature":"Sinuous north-facing scarps in alluvium, colluvium, and glacial landforms; linear slope breaks and linear gullies","SlipSense1":"Thrust","SlipSense2":"Up-to-the-southeast"},"geometry":{"type":"LineString","coordinates":[[-154.488158,62.342054],[-154.485354,62.342951],[-154.482037,62.34379],[-154.477442,62.344811],[-154.474504,62.345354],[-154.471573,62.34631],[-154.468768,62.347207],[-154.466985,62.347863],[-154.464812,62.348166],[-154.462653,62.349415],[-154.460486,62.350132],[-154.457548,62.350733],[-154.452064,62.352407],[-154.448874,62.353305],[-154.445425,62.354025],[-154.441847,62.354746],[-154.431109,62.356495],[-154.428687,62.357389],[-154.425502,62.358759],[-154.422563,62.35936],[-154.420139,62.360136],[-154.418226,62.360851],[-154.414537,62.362874],[-154.412502,62.364063],[-154.410076,62.364721]]}},{"type":"Feature","properties":{"FaultName":"Denali (Farewell)","Change":"Revised","QfaultID":5000,"Feature":"Sinuous north-facing scarps in alluvium, colluvium, and glacial landforms; linear slope breaks and linear gullies","SlipSense1":"Thrust","SlipSense2":"Up-to-the-southeast"},"geometry":{"type":"LineString","coordinates":[[-154.400867,62.366226],[-154.397678,62.367477],[-154.395509,62.368252],[-154.394236,62.368906],[-154.39156,62.370156],[-154.390028,62.370693]]}},{"type":"Feature","properties":{"FaultName":"Denali (Farewell)","Change":"Revised","QfaultID":5000,"Feature":"Sinuous north-facing scarps in alluvium, colluvium, and glacial landforms; linear slope breaks and linear gullies","SlipSense1":"Thrust","SlipSense2":"Up-to-the-southeast"},"geometry":{"type":"LineString","coordinates":[[-154.776864,62.218893],[-154.77399,62.220258],[-154.771265,62.221479],[-154.769301,62.222555],[-154.767635,62.223274],[-154.766152,62.225198],[-154.76404,62.226487],[-154.761613,62.227423],[-154.757215,62.229151],[-154.754934,62.229802],[-154.752825,62.231232]]}},{"type":"Feature","properties":{"FaultName":"Denali (Farewell)","Change":"Revised","QfaultID":5000,"Feature":"Scarps, linear slope-breaks, and linear gullies","SlipSense1":"Strike-slip","SlipSense2":"Right-lateral"},"geometry":{"type":"LineString","coordinates":[[-154.559959,62.288907],[-154.558437,62.289534]]}},{"type":"Feature","properties":{"FaultName":"Denali (Farewell)","Change":"Revised","QfaultID":5000,"Feature":"Scarps, linear slope-breaks, and linear gullies","SlipSense1":"Strike-slip","SlipSense2":"Right-lateral"},"geometry":{"type":"LineString","coordinates":[[-154.554889,62.291352],[-154.553555,62.29183],[-154.552096,62.292487],[-154.550958,62.293171],[-154.54988,62.293708],[-154.547784,62.294485],[-154.547091,62.29505],[-154.546205,62.295586],[-154.544556,62.296331],[-154.543284,62.29675],[-154.542459,62.297079]]}},{"type":"Feature","properties":{"FaultName":"Denali (Farewell)","Change":"Revised","QfaultID":5000,"Feature":"Scarps, linear slope-breaks, and linear gullies","SlipSense1":"Strike-slip","SlipSense2":"Right-lateral"},"geometry":{"type":"LineString","coordinates":[[-154.535856,62.299796],[-154.534851,62.300835],[-154.533709,62.301401],[-154.532505,62.302027],[-154.531617,62.302444]]}},{"type":"Feature","properties":{"FaultName":"Denali (Farewell)","Change":"Revised","QfaultID":5000,"Feature":"Scarps, linear slope-breaks, and linear gullies","SlipSense1":"Strike-slip","SlipSense2":"Right-lateral"},"geometry":{"type":"LineString","coordinates":[[-154.526171,62.305629],[-154.525345,62.305958],[-154.524587,62.306493],[-154.523764,62.306999],[-154.52218,62.307892],[-154.520399,62.30849],[-154.519639,62.308966],[-154.516651,62.310042],[-154.515635,62.310519],[-154.515067,62.310994],[-154.514111,62.311205],[-154.512646,62.311565],[-154.51201,62.311833],[-154.511187,62.312369],[-154.509979,62.312817],[-154.508961,62.313146],[-154.507053,62.313803]]}},{"type":"Feature","properties":{"FaultName":"Denali (Farewell)","Change":"Revised","QfaultID":5000,"Feature":"Scarps, linear slope-breaks, and linear gullies","SlipSense1":"Strike-slip","SlipSense2":"Right-lateral"},"geometry":{"type":"LineString","coordinates":[[-154.504379,62.314611],[-154.502914,62.31506],[-154.500942,62.315718],[-154.500176,62.315839]]}},{"type":"Feature","properties":{"FaultName":"Denali (Farewell)","Change":"Revised","QfaultID":5000,"Feature":"Sinuous north-facing scarps in alluvium, colluvium, and glacial landforms; linear slope breaks and linear gullies","SlipSense1":"Thrust","SlipSense2":"Up-to-the-southeast"},"geometry":{"type":"LineString","coordinates":[[-154.38316,62.372914],[-154.382058,62.373371],[-154.381077,62.373601],[-154.379479,62.373832],[-154.377275,62.374747],[-154.375677,62.374921],[-154.374325,62.375095],[-154.373593,62.375608],[-154.372858,62.375894],[-154.371628,62.376011],[-154.370153,62.376128],[-154.368927,62.376586],[-154.367698,62.376703]]}},{"type":"Feature","properties":{"FaultName":"Denali (Farewell)","Change":"Revised","QfaultID":5000,"Feature":"Sinuous north-facing scarps in alluvium, colluvium, and glacial landforms; linear slope breaks and linear gullies","SlipSense1":"Thrust","SlipSense2":"Up-to-the-southeast"},"geometry":{"type":"LineString","coordinates":[[-154.306401,62.389512],[-154.302592,62.390315],[-154.298535,62.391062]]}},{"type":"Feature","properties":{"FaultName":"Denali (Farewell)","Change":"Revised","QfaultID":5000,"Feature":"Sinuous north-facing scarps in alluvium, colluvium, and glacial landforms; linear slope breaks and linear gullies","SlipSense1":"Thrust","SlipSense2":"Up-to-the-southeast"},"geometry":{"type":"LineString","coordinates":[[-154.269126,62.393789],[-154.267772,62.393962],[-154.266172,62.394022],[-154.265065,62.394194],[-154.263588,62.394367]]}},{"type":"Feature","properties":{"FaultName":"Denali (Farewell)","Change":"Revised","QfaultID":5000,"Feature":"Sinuous north-facing scarps in alluvium, colluvium, and glacial landforms; linear slope breaks and linear gullies","SlipSense1":"Thrust","SlipSense2":"Up-to-the-southeast"},"geometry":{"type":"LineString","coordinates":[[-154.275326,62.384747],[-154.27336,62.385205],[-154.272376,62.38532],[-154.270039,62.385609],[-154.269057,62.386008],[-154.266967,62.38641],[-154.26549,62.386469],[-154.264016,62.386813],[-154.262786,62.387042],[-154.261557,62.387272],[-154.26082,62.387443],[-154.259221,62.387673]]}},{"type":"Feature","properties":{"FaultName":"Denali (Farewell)","Change":"Revised","QfaultID":5000,"Feature":"Sinuous north-facing scarps in alluvium, colluvium, and glacial landforms; linear slope breaks and linear gullies","SlipSense1":"Thrust","SlipSense2":"Up-to-the-southeast"},"geometry":{"type":"LineString","coordinates":[[-154.252328,62.388026],[-154.250483,62.388257],[-154.249623,62.388542],[-154.248148,62.388829],[-154.247287,62.388944]]}},{"type":"Feature","properties":{"FaultName":"Denali (Farewell)","Change":"Revised","QfaultID":5000,"Feature":"Scarps and linear slope breaks","SlipSense1":"Strike-slip","SlipSense2":"Right-lateral"},"geometry":{"type":"LineString","coordinates":[[-154.271298,62.374872],[-154.265278,62.37619],[-154.262208,62.37699],[-154.258646,62.377905],[-154.253853,62.378936],[-154.2498,62.380023],[-154.24771,62.380424],[-154.245866,62.380768],[-154.242793,62.381341],[-154.239349,62.381744],[-154.236523,62.382487],[-154.234066,62.383116],[-154.23161,62.383972],[-154.229028,62.384487],[-154.223989,62.385745]]}},{"type":"Feature","properties":{"FaultName":"Denali (Farewell)","Change":"Revised","QfaultID":5000,"Feature":"Scarps and linear slope breaks","SlipSense1":"Strike-slip","SlipSense2":"Right-lateral"},"geometry":{"type":"LineString","coordinates":[[-154.21735,62.387118],[-154.215629,62.387575],[-154.214153,62.387861],[-154.213294,62.388203],[-154.211449,62.388547],[-154.20948,62.388777],[-154.208374,62.389062],[-154.206407,62.389519],[-154.204931,62.389862],[-154.203703,62.390318],[-154.201488,62.390662],[-154.200381,62.390778],[-154.19866,62.391291],[-154.197062,62.391804],[-154.19571,62.392147],[-154.193866,62.392718],[-154.192842,62.393098],[-154.190996,62.393337],[-154.188844,62.393907],[-154.188027,62.394524],[-154.185669,62.394906],[-154.184027,62.39505],[-154.182797,62.395288],[-154.181362,62.395526],[-154.179003,62.395908],[-154.177157,62.396241],[-154.176645,62.396289],[-154.173364,62.396956],[-154.171826,62.397289],[-154.170287,62.39748],[-154.169159,62.397671],[-154.168236,62.397814],[-154.167109,62.398099],[-154.165366,62.398622],[-154.164547,62.398907],[-154.162086,62.39943],[-154.160445,62.399716],[-154.159727,62.399859],[-154.157777,62.40005],[-154.156547,62.400241]]}},{"type":"Feature","properties":{"FaultName":"Denali (Farewell)","Change":"Revised","QfaultID":5000,"Feature":"Scarps and linear slope breaks","SlipSense1":"Strike-slip","SlipSense2":"Right-lateral"},"geometry":{"type":"LineString","coordinates":[[-154.148751,62.401575],[-154.147726,62.401812],[-154.146597,62.401908],[-154.145263,62.402099],[-154.143519,62.402385],[-154.141776,62.402907],[-154.140237,62.403098],[-154.139005,62.403146],[-154.137878,62.403479],[-154.136748,62.403527]]}},{"type":"Feature","properties":{"FaultName":"Denali (Farewell)","Change":"Revised","QfaultID":5000,"Feature":"Scarps and linear slope breaks","SlipSense1":"Strike-slip","SlipSense2":"Right-lateral"},"geometry":{"type":"LineString","coordinates":[[-154.121053,62.40676],[-154.120438,62.407044],[-154.119207,62.407471],[-154.118593,62.407803],[-154.117566,62.407946],[-154.114693,62.408469],[-154.112949,62.408801],[-154.111615,62.408992],[-154.110589,62.409466],[-154.109563,62.409656],[-154.108332,62.409799],[-154.106177,62.410368],[-154.105048,62.410606],[-154.103612,62.411128],[-154.102176,62.41146],[-154.101048,62.412029],[-154.099816,62.412266],[-154.098688,62.412693],[-154.096944,62.413167],[-154.094958,62.413437],[-154.092905,62.413675],[-154.090954,62.413913],[-154.089826,62.414387],[-154.089417,62.41505],[-154.088289,62.415477],[-154.085516,62.415668],[-154.08295,62.416142],[-154.081411,62.416853],[-154.078433,62.417091],[-154.074531,62.417472],[-154.071758,62.417947],[-154.070115,62.418042],[-154.065391,62.41866],[-154.060976,62.419466],[-154.057074,62.420178],[-154.055739,62.420368],[-154.05348,62.4207],[-154.049783,62.421317],[-154.047831,62.421743],[-154.045675,62.422359],[-154.043005,62.422739],[-154.038485,62.423592]]}},{"type":"Feature","properties":{"FaultName":"Denali (Farewell)","Change":"Revised","QfaultID":5000,"Feature":"Scarps and linear slope breaks","SlipSense1":"Strike-slip","SlipSense2":"Right-lateral"},"geometry":{"type":"LineString","coordinates":[[-154.035661,62.424232],[-154.034582,62.424516],[-154.03299,62.424883],[-154.0324,62.425061],[-154.031424,62.425227],[-154.030756,62.425239],[-154.030397,62.425357],[-154.029883,62.425452],[-154.02883,62.425618],[-154.028111,62.425748],[-154.027392,62.425926],[-154.027007,62.425997],[-154.026468,62.426281],[-154.0258,62.426447],[-154.025235,62.426518],[-154.024593,62.426624],[-154.024156,62.426636],[-154.023617,62.426672],[-154.022975,62.426814],[-154.022307,62.426968],[-154.021151,62.427134],[-154.020843,62.427134]]}},{"type":"Feature","properties":{"FaultName":"Denali (Farewell)","Change":"Revised","QfaultID":5000,"Feature":"Scarps and linear slope breaks","SlipSense1":"Strike-slip","SlipSense2":"Right-lateral"},"geometry":{"type":"LineString","coordinates":[[-153.96979,62.434995],[-153.968698,62.435261],[-153.967478,62.435497],[-153.966,62.435822],[-153.965036,62.436029],[-153.964329,62.436118],[-153.963494,62.436295],[-153.96298,62.436532],[-153.962016,62.43662]]}},{"type":"Feature","properties":{"FaultName":"Denali (Farewell)","Change":"Revised","QfaultID":5000,"Feature":"Scarps and linear slope breaks","SlipSense1":"Strike-slip","SlipSense2":"Right-lateral"},"geometry":{"type":"LineString","coordinates":[[-153.924183,62.44494],[-153.923219,62.445176],[-153.922768,62.445383],[-153.922254,62.445649],[-153.921546,62.445885],[-153.921032,62.446092],[-153.920068,62.44621],[-153.919746,62.446328],[-153.919232,62.446387],[-153.918781,62.446564],[-153.917817,62.446741],[-153.917238,62.446978]]}},{"type":"Feature","properties":{"FaultName":"Denali (Farewell)","Change":"Revised","QfaultID":5000,"Feature":"Scarps and linear slope breaks","SlipSense1":"Strike-slip","SlipSense2":"Right-lateral"},"geometry":{"type":"LineString","coordinates":[[-153.989733,62.433786],[-153.987805,62.434212],[-153.985801,62.434673],[-153.98372,62.435134],[-153.98133,62.435596],[-153.979326,62.436021],[-153.977398,62.436554],[-153.975317,62.436979],[-153.973158,62.437476],[-153.969996,62.438256],[-153.967221,62.438788],[-153.959432,62.440632],[-153.953263,62.44166],[-153.946168,62.442758],[-153.942369,62.443854],[-153.941212,62.44412],[-153.940312,62.444327],[-153.938898,62.444888],[-153.938062,62.445036]]}},{"type":"Feature","properties":{"FaultName":"Denali (Farewell)","Change":"Revised","QfaultID":5000,"Feature":"Scarps and linear slope breaks","SlipSense1":"Strike-slip","SlipSense2":"Right-lateral"},"geometry":{"type":"LineString","coordinates":[[-153.936648,62.445331],[-153.933883,62.445951],[-153.931698,62.446305],[-153.928741,62.446865],[-153.925976,62.447426],[-153.923662,62.447602],[-153.921412,62.448015],[-153.919933,62.448458],[-153.918583,62.448724],[-153.916912,62.44893]]}},{"type":"Feature","properties":{"FaultName":"Denali (Farewell)","Change":"Revised","QfaultID":5000,"Feature":"Scarps and linear slope breaks","SlipSense1":"Strike-slip","SlipSense2":"Right-lateral"},"geometry":{"type":"LineString","coordinates":[[-153.913247,62.44946],[-153.911833,62.449637],[-153.909968,62.449931]]}},{"type":"Feature","properties":{"FaultName":"Denali (Farewell)","Change":"Revised","QfaultID":5000,"Feature":"Scarps and linear slope breaks","SlipSense1":"Strike-slip","SlipSense2":"Right-lateral"},"geometry":{"type":"LineString","coordinates":[[-153.907144,62.448805],[-153.90618,62.448982]]}},{"type":"Feature","properties":{"FaultName":"Denali (Farewell)","Change":"Revised","QfaultID":5000,"Feature":"Scarps and linear slope breaks","SlipSense1":"Strike-slip","SlipSense2":"Right-lateral"},"geometry":{"type":"LineString","coordinates":[[-153.905431,62.449149],[-153.904649,62.449319],[-153.904032,62.449451],[-153.90362,62.449507],[-153.902221,62.44979],[-153.900904,62.449979],[-153.899876,62.450035],[-153.898806,62.450072],[-153.898025,62.450109],[-153.897325,62.450109],[-153.896832,62.450165]]}},{"type":"Feature","properties":{"FaultName":"Denali (Farewell)","Change":"Revised","QfaultID":5000,"Feature":"Scarps and linear slope breaks","SlipSense1":"Strike-slip","SlipSense2":"Right-lateral"},"geometry":{"type":"LineString","coordinates":[[-153.88872,62.452564],[-153.88728,62.452846],[-153.886127,62.452997],[-153.88444,62.453128],[-153.882424,62.453373],[-153.88123,62.45358],[-153.880448,62.453731],[-153.879501,62.453881],[-153.878679,62.453919],[-153.877896,62.454069],[-153.877279,62.454201]]}},{"type":"Feature","properties":{"FaultName":"Denali (Farewell)","Change":"Revised","QfaultID":5000,"Feature":"Scarps and linear slope breaks","SlipSense1":"Strike-slip","SlipSense2":"Right-lateral"},"geometry":{"type":"LineString","coordinates":[[-153.90012,62.450906],[-153.899461,62.451],[-153.898762,62.451151]]}},{"type":"Feature","properties":{"FaultName":"Denali (Farewell)","Change":"Revised","QfaultID":5000,"Feature":"Scarps and linear slope breaks","SlipSense1":"Strike-slip","SlipSense2":"Right-lateral"},"geometry":{"type":"LineString","coordinates":[[-153.897856,62.451472],[-153.897156,62.451585],[-153.896456,62.451755],[-153.896126,62.451982],[-153.895509,62.452114],[-153.89485,62.452227],[-153.894315,62.452303],[-153.893822,62.452378],[-153.893286,62.452548],[-153.892052,62.452737],[-153.89127,62.452868],[-153.890076,62.453114],[-153.889458,62.453208],[-153.888594,62.45334],[-153.887277,62.453547],[-153.886043,62.453697],[-153.885466,62.453754],[-153.884026,62.453999],[-153.883121,62.454074],[-153.881721,62.454262],[-153.880075,62.454374],[-153.878347,62.454581],[-153.877565,62.454675],[-153.876371,62.454901],[-153.875507,62.455014],[-153.874807,62.455099],[-153.873366,62.455334],[-153.872069,62.455626],[-153.870238,62.455861],[-153.868289,62.456194],[-153.867671,62.456312],[-153.867105,62.456525],[-153.866384,62.45669],[-153.865201,62.456807],[-153.863348,62.457136],[-153.862473,62.457278],[-153.861548,62.457277],[-153.86057,62.45737],[-153.859388,62.457369],[-153.85805,62.457534],[-153.856763,62.457745],[-153.855836,62.458005],[-153.855012,62.458241],[-153.854189,62.458311],[-153.853366,62.458334],[-153.852233,62.458806],[-153.851563,62.459065],[-153.850739,62.459254],[-153.850173,62.459324],[-153.849401,62.459347],[-153.848989,62.459465],[-153.848526,62.459654],[-153.847753,62.45989],[-153.846878,62.460055],[-153.846105,62.460314],[-153.843944,62.460477],[-153.843224,62.460548],[-153.841525,62.460806],[-153.839313,62.461064],[-153.838437,62.461205],[-153.836533,62.461439],[-153.835607,62.461509],[-153.834578,62.46165],[-153.833291,62.461791],[-153.832159,62.461908],[-153.831079,62.46193],[-153.829433,62.461999],[-153.827631,62.462328],[-153.825881,62.462563],[-153.824645,62.462798],[-153.823461,62.462939],[-153.821659,62.463339],[-153.820474,62.46355],[-153.819135,62.46388],[-153.817488,62.464091],[-153.81481,62.464537],[-153.813574,62.464843],[-153.812596,62.465008],[-153.81136,62.465219]]}},{"type":"Feature","properties":{"FaultName":"Denali (Farewell)","Change":"Revised","QfaultID":5000,"Feature":"Scarps and linear slope breaks","SlipSense1":"Strike-slip","SlipSense2":"Right-lateral"},"geometry":{"type":"LineString","coordinates":[[-153.804924,62.466252],[-153.803894,62.46644],[-153.802864,62.466651],[-153.801782,62.466815],[-153.801164,62.466933],[-153.799876,62.467191],[-153.79962,62.467144],[-153.798898,62.467332],[-153.798383,62.467426],[-153.79756,62.467425],[-153.797148,62.467448],[-153.796582,62.467542],[-153.795964,62.467659],[-153.795551,62.467848],[-153.794882,62.467894],[-153.794265,62.467894],[-153.79375,62.467964],[-153.793234,62.468129],[-153.792668,62.468104],[-153.792152,62.468388],[-153.791586,62.468387],[-153.790918,62.468362],[-153.789887,62.468621],[-153.789321,62.468667],[-153.788394,62.468832],[-153.78726,62.469043],[-153.786076,62.469231],[-153.785252,62.469348],[-153.783861,62.469559],[-153.782162,62.469745],[-153.781235,62.469933],[-153.780411,62.47005],[-153.779741,62.470191],[-153.778711,62.470356],[-153.778093,62.47052],[-153.776856,62.470731],[-153.775568,62.471013],[-153.774384,62.47113],[-153.773354,62.471294],[-153.772272,62.471529],[-153.771344,62.471693],[-153.770726,62.471763],[-153.770315,62.471762],[-153.76985,62.472046],[-153.769077,62.47221],[-153.768305,62.472232],[-153.767737,62.472421],[-153.762866,62.473154],[-153.760315,62.473646],[-153.751164,62.475438],[-153.749875,62.475767],[-153.748999,62.47586],[-153.747866,62.476024],[-153.746939,62.476069],[-153.746166,62.47621],[-153.745393,62.476327],[-153.744672,62.476468],[-153.743693,62.476631]]}},{"type":"Feature","properties":{"FaultName":"Denali (Farewell)","Change":"Revised","QfaultID":5000,"Feature":"Scarps and linear slope breaks","SlipSense1":"Strike-slip","SlipSense2":"Right-lateral"},"geometry":{"type":"LineString","coordinates":[[-153.740691,62.476587],[-153.739676,62.476967],[-153.738465,62.477202],[-153.737306,62.477401],[-153.736635,62.477613],[-153.735991,62.47773],[-153.735114,62.47787],[-153.734547,62.477999],[-153.73398,62.478117],[-153.733413,62.478234]]}},{"type":"Feature","properties":{"FaultName":"Denali (Farewell)","Change":"Revised","QfaultID":5000,"Feature":"Scarps and linear slope breaks","SlipSense1":"Strike-slip","SlipSense2":"Right-lateral"},"geometry":{"type":"LineString","coordinates":[[-153.725324,62.479296],[-153.72468,62.479436],[-153.724267,62.47953],[-153.723495,62.479576],[-153.72316,62.479587],[-153.722156,62.47968],[-153.721744,62.479679],[-153.721435,62.479691],[-153.720637,62.479819],[-153.719039,62.480088],[-153.718162,62.480264],[-153.717673,62.480275],[-153.716874,62.480404]]}},{"type":"Feature","properties":{"FaultName":"Denali (Farewell)","Change":"Revised","QfaultID":5000,"Feature":"Scarps and linear slope breaks","SlipSense1":"Strike-slip","SlipSense2":"Right-lateral"},"geometry":{"type":"LineString","coordinates":[[-153.730919,62.478052],[-153.730377,62.478193],[-153.730069,62.47818],[-153.729605,62.478227],[-153.728884,62.478332],[-153.728343,62.478355],[-153.727879,62.478437],[-153.727416,62.478495],[-153.726901,62.47853],[-153.726643,62.478636],[-153.725998,62.478753],[-153.725457,62.478834],[-153.725071,62.478869],[-153.724762,62.47894],[-153.724529,62.479022],[-153.724143,62.479045],[-153.723783,62.478997],[-153.722649,62.479196],[-153.721954,62.479266],[-153.72131,62.4793],[-153.720846,62.479394],[-153.719893,62.479581],[-153.719068,62.479733],[-153.71832,62.479886],[-153.717651,62.479932],[-153.717368,62.479931],[-153.716543,62.480024],[-153.714611,62.480328],[-153.714327,62.480398],[-153.713991,62.48054],[-153.713553,62.480598],[-153.712961,62.480621],[-153.711905,62.480761],[-153.711261,62.48083],[-153.710797,62.480912],[-153.709946,62.481123],[-153.709405,62.481134],[-153.708915,62.481287],[-153.708426,62.481274],[-153.707756,62.481344],[-153.706751,62.481484],[-153.706442,62.481531],[-153.705669,62.481647],[-153.704819,62.481764],[-153.704201,62.481798],[-153.703609,62.481844],[-153.703015,62.481985],[-153.702782,62.482138],[-153.702499,62.482197],[-153.701391,62.482313],[-153.700722,62.482335],[-153.7,62.482452],[-153.699149,62.482604],[-153.698427,62.482756],[-153.69799,62.482767],[-153.697525,62.482873],[-153.697061,62.483002],[-153.696622,62.483096],[-153.696133,62.483178],[-153.695694,62.483283],[-153.695359,62.483377],[-153.694998,62.4834],[-153.694766,62.483482],[-153.694482,62.483506],[-153.694173,62.483564],[-153.693709,62.483658],[-153.692883,62.483857],[-153.692522,62.48401],[-153.692135,62.484092],[-153.691568,62.484115],[-153.691207,62.48422],[-153.690795,62.484231],[-153.690049,62.484159],[-153.689638,62.484146],[-153.689175,62.484121],[-153.688736,62.484274],[-153.688195,62.484332],[-153.687525,62.484402],[-153.68701,62.484413],[-153.686546,62.484506],[-153.685772,62.484658],[-153.68518,62.484728],[-153.684794,62.484739],[-153.684072,62.484808],[-153.683479,62.484902],[-153.682989,62.485019],[-153.682576,62.485125],[-153.682036,62.485135],[-153.68165,62.485146],[-153.68067,62.485298],[-153.680154,62.485415],[-153.679407,62.485496],[-153.678943,62.485578],[-153.678479,62.485636],[-153.677964,62.485682],[-153.677216,62.485811],[-153.676134,62.485927],[-153.674408,62.4861],[-153.672475,62.486309],[-153.671598,62.486461],[-153.670929,62.486495],[-153.67031,62.486576],[-153.669717,62.48667],[-153.668609,62.486833],[-153.667784,62.486914],[-153.66732,62.486972],[-153.666676,62.48703],[-153.666058,62.487123],[-153.665491,62.487204],[-153.664923,62.487309],[-153.664202,62.487391],[-153.662242,62.48767],[-153.660696,62.487891],[-153.659356,62.488042],[-153.655118,62.488299],[-153.648156,62.489454],[-153.644211,62.490012],[-153.636666,62.491389],[-153.635439,62.491741],[-153.633955,62.492062],[-153.632601,62.492325],[-153.631439,62.492618],[-153.629892,62.492792],[-153.628343,62.493172],[-153.627633,62.493348],[-153.626988,62.493435],[-153.625956,62.49361],[-153.623699,62.493988],[-153.62131,62.494633],[-153.619372,62.49516],[-153.618805,62.495202],[-153.618341,62.495328],[-153.617845,62.49544],[-153.617381,62.495453],[-153.616948,62.495509],[-153.616452,62.495636],[-153.616019,62.495677],[-153.615648,62.495733],[-153.614936,62.495859],[-153.614532,62.496],[-153.613758,62.496125],[-153.612706,62.496265],[-153.612025,62.496391],[-153.611437,62.496446],[-153.610787,62.496543],[-153.609456,62.496739],[-153.608837,62.496865],[-153.607442,62.497202],[-153.60617,62.497596],[-153.605457,62.497779],[-153.604713,62.498018],[-153.603906,62.498243]]}},{"type":"Feature","properties":{"FaultName":"Denali (Farewell)","Change":"Revised","QfaultID":5000,"Feature":"Scarps and linear slope breaks","SlipSense1":"Strike-slip","SlipSense2":"Right-lateral"},"geometry":{"type":"LineString","coordinates":[[-153.595312,62.499398],[-153.593948,62.499735],[-153.592296,62.500071],[-153.590147,62.500519],[-153.588578,62.500818],[-153.587298,62.501003],[-153.586061,62.501076],[-153.58573,62.501207],[-153.585068,62.501395],[-153.584324,62.501601],[-153.583994,62.501638],[-153.583456,62.501769],[-153.582794,62.501956],[-153.582339,62.502125],[-153.581761,62.502199],[-153.581306,62.502311],[-153.580357,62.50246],[-153.579653,62.502666],[-153.579405,62.502741],[-153.579032,62.502892],[-153.57837,62.503079],[-153.577586,62.503209],[-153.576885,62.503245],[-153.576226,62.503243],[-153.574906,62.503334],[-153.573956,62.503521],[-153.573212,62.503632],[-153.572509,62.503838],[-153.572055,62.503932],[-153.571516,62.504157],[-153.570607,62.504306],[-153.569864,62.504436],[-153.568913,62.504661],[-153.567838,62.504885],[-153.567094,62.505053],[-153.566434,62.505108],[-153.565774,62.505144],[-153.565073,62.505236],[-153.564206,62.505347],[-153.563587,62.505402],[-153.562308,62.505531]]}},{"type":"Feature","properties":{"FaultName":"Denali (Farewell)","Change":"Revised","QfaultID":5000,"Feature":"Scarps and linear slope breaks","SlipSense1":"Strike-slip","SlipSense2":"Right-lateral"},"geometry":{"type":"LineString","coordinates":[[-153.656143,62.506329],[-153.65475,62.506574],[-153.65328,62.506748],[-153.651888,62.506851],[-153.650806,62.506919],[-153.649799,62.507094],[-153.647868,62.50709],[-153.646244,62.507157],[-153.644774,62.507331],[-153.642918,62.507468],[-153.641526,62.507607],[-153.640366,62.507675],[-153.639207,62.507672],[-153.638048,62.507669],[-153.636346,62.507878],[-153.635031,62.507981],[-153.634335,62.508086],[-153.632017,62.50808],[-153.630779,62.508183],[-153.628922,62.508427],[-153.628148,62.508496],[-153.626755,62.508741],[-153.626057,62.508881],[-153.624743,62.508949],[-153.616124,62.509795],[-153.612257,62.510081],[-153.608905,62.510368],[-153.605037,62.510712],[-153.600523,62.511232],[-153.597296,62.511756],[-153.59523,62.512164]]}},{"type":"Feature","properties":{"FaultName":"Denali (Farewell)","Change":"Revised","QfaultID":5000,"Feature":"Scarps and linear slope breaks","SlipSense1":"Strike-slip","SlipSense2":"Right-lateral"},"geometry":{"type":"LineString","coordinates":[[-153.470801,62.520309],[-153.44786,62.523702],[-153.436366,62.525425],[-153.434169,62.525771],[-153.431843,62.526117],[-153.430295,62.526229],[-153.429391,62.526344],[-153.428097,62.526635],[-153.426155,62.527101],[-153.424472,62.527508]]}},{"type":"Feature","properties":{"FaultName":"Denali (Farewell)","Change":"Revised","QfaultID":5000,"Feature":"Scarps and linear slope breaks","SlipSense1":"Strike-slip","SlipSense2":"Right-lateral"},"geometry":{"type":"LineString","coordinates":[[-153.321398,62.548138],[-153.320206,62.548416],[-153.319222,62.548601],[-153.317928,62.548808]]}},{"type":"Feature","properties":{"FaultName":"Denali (Farewell)","Change":"Revised","QfaultID":5000,"Feature":"Scarps and linear slope breaks","SlipSense1":"Strike-slip","SlipSense2":"Right-lateral"},"geometry":{"type":"LineString","coordinates":[[-153.314956,62.549647],[-153.313184,62.549994],[-153.311862,62.550152],[-153.310257,62.550428],[-153.309686,62.550567],[-153.307614,62.550936],[-153.306476,62.551073],[-153.304236,62.551471]]}},{"type":"Feature","properties":{"FaultName":"Denali (Farewell)","Change":"Revised","QfaultID":5000,"Feature":"Scarps and linear slope breaks","SlipSense1":"Strike-slip","SlipSense2":"Right-lateral"},"geometry":{"type":"LineString","coordinates":[[-153.302589,62.551883],[-153.300671,62.552276],[-153.299996,62.552485],[-153.299321,62.552671],[-153.298022,62.553091],[-153.296361,62.553509],[-153.294895,62.553937],[-153.293144,62.554342],[-153.292557,62.554606],[-153.291389,62.554955],[-153.28951,62.55533],[-153.287762,62.555588],[-153.283233,62.555749],[-153.27535,62.557168],[-153.270739,62.557728],[-153.270218,62.557934],[-153.269734,62.558087],[-153.269149,62.558189],[-153.268305,62.558516],[-153.267091,62.558805],[-153.265753,62.559003],[-153.264895,62.559254],[-153.263805,62.55954],[-153.261719,62.559778],[-153.260261,62.559926],[-153.259267,62.560063],[-153.257655,62.560154],[-153.256165,62.560289],[-153.255017,62.560411],[-153.254427,62.56045],[-153.253714,62.560503],[-153.253184,62.560643],[-153.25278,62.560712],[-153.252126,62.560864],[-153.25169,62.56099]]}},{"type":"Feature","properties":{"FaultName":"Denali (Farewell)","Change":"Revised","QfaultID":5000,"Feature":"Scarps and linear slope breaks","SlipSense1":"Strike-slip","SlipSense2":"Right-lateral"},"geometry":{"type":"LineString","coordinates":[[-153.226761,62.565453],[-153.225915,62.565744],[-153.224751,62.565827],[-153.223974,62.565941],[-153.22313,62.566173],[-153.222287,62.566316],[-153.220924,62.566635],[-153.219691,62.566924],[-153.218846,62.567156],[-153.217031,62.567501],[-153.215995,62.567643],[-153.212889,62.568011]]}},{"type":"Feature","properties":{"FaultName":"Denali (Farewell)","Change":"Revised","QfaultID":5000,"Feature":"Scarps and linear slope breaks","SlipSense1":"Strike-slip","SlipSense2":"Right-lateral"},"geometry":{"type":"LineString","coordinates":[[-153.206505,62.56955],[-153.204761,62.569919],[-153.202976,62.570269],[-153.20194,62.570396],[-153.199906,62.570802],[-153.198992,62.571024],[-153.197701,62.571414]]}},{"type":"Feature","properties":{"FaultName":"Denali (Farewell)","Change":"Revised","QfaultID":5000,"Feature":"Scarps and linear slope breaks","SlipSense1":"Strike-slip","SlipSense2":"Right-lateral"},"geometry":{"type":"LineString","coordinates":[[-153.13482,62.587382],[-153.133835,62.587542],[-153.133006,62.587608],[-153.132538,62.587747],[-153.131914,62.587886],[-153.131033,62.587999],[-153.130668,62.588091],[-153.129996,62.588135],[-153.129322,62.588225],[-153.128231,62.588432],[-153.126527,62.588907],[-153.12561,62.589345],[-153.124695,62.589754],[-153.124046,62.589839],[-153.123078,62.589833],[-153.121581,62.590238],[-153.119637,62.590492],[-153.1184,62.59084],[-153.11606,62.591388],[-153.114824,62.591706],[-153.113132,62.592139],[-153.110727,62.592687],[-153.109555,62.593034],[-153.107928,62.593468],[-153.105135,62.594013],[-153.103319,62.594298],[-153.101885,62.594733],[-153.100064,62.595165]]}},{"type":"Feature","properties":{"FaultName":"Denali (Farewell)","Change":"Revised","QfaultID":5000,"Feature":"Scarps and linear slope breaks","SlipSense1":"Strike-slip","SlipSense2":"Right-lateral"},"geometry":{"type":"LineString","coordinates":[[-153.096555,62.595859],[-153.095356,62.596231],[-153.093376,62.59681],[-153.090627,62.597148]]}},{"type":"Feature","properties":{"FaultName":"Denali (Farewell)","Change":"Revised","QfaultID":5000,"Feature":"Scarps in alluvium or colluvium and linear slope breaks","SlipSense1":"Strike-slip","SlipSense2":"Right-lateral"},"geometry":{"type":"LineString","coordinates":[[-152.755737,62.667851],[-152.75386,62.668155],[-152.752764,62.668358],[-152.751199,62.668629],[-152.750257,62.66887],[-152.749011,62.66893],[-152.747759,62.669168],[-152.746427,62.66944]]}},{"type":"Feature","properties":{"FaultName":"Denali (Farewell)","Change":"Revised","QfaultID":5000,"Feature":"Scarps in alluvium or colluvium and linear slope breaks","SlipSense1":"Strike-slip","SlipSense2":"Right-lateral"},"geometry":{"type":"LineString","coordinates":[[-152.739207,62.669307],[-152.737311,62.670071],[-152.735192,62.670586],[-152.732678,62.671238],[-152.729857,62.671818],[-152.72813,62.672229],[-152.727113,62.672397],[-152.726015,62.672636],[-152.724918,62.672875]]}},{"type":"Feature","properties":{"FaultName":"Denali (Farewell)","Change":"Revised","QfaultID":5000,"Feature":"Scarps in alluvium or colluvium and linear slope breaks","SlipSense1":"Strike-slip","SlipSense2":"Right-lateral"},"geometry":{"type":"LineString","coordinates":[[-152.400451,62.739599],[-152.398904,62.739889],[-152.398657,62.740135],[-152.397323,62.740334],[-152.395827,62.740637],[-152.394088,62.741115]]}},{"type":"Feature","properties":{"FaultName":"Denali (Farewell)","Change":"Revised","QfaultID":5000,"Feature":"Scarps in alluvium or colluvium and linear slope breaks","SlipSense1":"Strike-slip","SlipSense2":"Right-lateral"},"geometry":{"type":"LineString","coordinates":[[-152.390844,62.742074],[-152.388805,62.742335],[-152.387239,62.742495],[-152.38598,62.74273],[-152.384638,62.74307],[-152.38322,62.743374],[-152.382113,62.743682],[-152.38085,62.743987],[-152.379593,62.744186],[-152.378168,62.744632],[-152.376584,62.745112],[-152.375635,62.745385],[-152.374847,62.745554],[-152.374055,62.745794],[-152.37271,62.746169],[-152.371047,62.746684],[-152.368755,62.747297],[-152.367327,62.747778],[-152.366056,62.748226]]}},{"type":"Feature","properties":{"FaultName":"Denali (Tonzona-Muldrow)","Change":"Revised","QfaultID":5000,"Feature":"Scarps in alluvium or colluvium and linear slope breaks or depressions","SlipSense1":"Strike-slip","SlipSense2":"Right-lateral"},"geometry":{"type":"LineString","coordinates":[[-152.330402,62.75766],[-152.328739,62.758138],[-152.327476,62.758443],[-152.326515,62.758894],[-152.325485,62.759201],[-152.324379,62.759473],[-152.323042,62.759706],[-152.322558,62.759985],[-152.321762,62.760295],[-152.320019,62.760808],[-152.316694,62.761728]]}},{"type":"Feature","properties":{"FaultName":"Peters Dome (western)","Change":"Added","QfaultID":0,"Feature":"North-facing scarps and linear slope breaks","SlipSense1":"Thrust","SlipSense2":"Up-to-the-south"},"geometry":{"type":"LineString","coordinates":[[-151.935813,63.015963],[-151.934518,63.016514],[-151.932861,63.016831],[-151.93184,63.017044],[-151.930293,63.017591],[-151.928746,63.018138],[-151.928553,63.019101],[-151.927623,63.019827]]}},{"type":"Feature","properties":{"FaultName":"Peters Dome (western)","Change":"Added","QfaultID":0,"Feature":"North-facing scarps and linear slope breaks","SlipSense1":"Thrust","SlipSense2":"Up-to-the-south"},"geometry":{"type":"LineString","coordinates":[[-151.925247,63.021442],[-151.924422,63.022454],[-151.923731,63.023354],[-151.921757,63.0255]]}},{"type":"Feature","properties":{"FaultName":"Peters Dome (western)","Change":"Added","QfaultID":0,"Feature":"North-facing scarps and linear slope breaks","SlipSense1":"Thrust","SlipSense2":"Up-to-the-south"},"geometry":{"type":"LineString","coordinates":[[-152.003851,62.985421],[-152.002646,62.985831],[-152.00104,62.986354],[-152.000235,62.986651],[-151.999005,62.987037],[-151.998273,62.987027],[-151.997257,62.987345],[-151.994417,62.987543],[-151.993616,62.987769],[-151.992979,62.987902],[-151.99166,62.98805],[-151.990709,62.988179],[-151.989528,62.988613],[-151.989248,62.988893],[-151.98898,62.988984],[-151.988127,62.989209],[-151.987482,62.989461],[-151.986837,62.989713],[-151.985765,62.990077],[-151.985012,62.990375],[-151.982831,62.990889],[-151.981185,62.991222],[-151.980284,62.991375],[-151.978526,62.991825],[-151.976464,62.992128],[-151.97491,62.992651],[-151.973196,62.99322],[-151.97198,62.993393],[-151.969211,62.994065],[-151.967577,62.99499],[-151.966509,62.995306],[-151.964793,62.995899],[-151.963655,62.996451]]}},{"type":"Feature","properties":{"FaultName":"Peters Dome (western)","Change":"Added","QfaultID":0,"Feature":"North-facing scarps and linear slope breaks","SlipSense1":"Thrust","SlipSense2":"Up-to-the-south"},"geometry":{"type":"LineString","coordinates":[[-152.172398,62.912361],[-152.17035,62.912549],[-152.167367,62.912654],[-152.165175,62.912626],[-152.163766,62.912609],[-152.161736,62.912719],[-152.161017,62.91274]]}},{"type":"Feature","properties":{"FaultName":"Peters Dome (western)","Change":"Added","QfaultID":0,"Feature":"North-facing scarps and linear slope breaks","SlipSense1":"Thrust","SlipSense2":"Up-to-the-south"},"geometry":{"type":"LineString","coordinates":[[-152.15621,62.91342],[-152.154432,62.913664],[-152.153639,62.913831],[-152.152626,62.914381],[-152.151828,62.914608],[-152.150578,62.914769],[-152.149277,62.914694],[-152.148821,62.914688],[-152.147771,62.914764],[-152.14653,62.914777],[-152.145351,62.914851],[-152.14422,62.915192],[-152.143627,62.915273],[-152.142712,62.915291],[-152.141741,62.915161],[-152.14102,62.915211],[-152.140157,62.915437],[-152.139572,62.9154],[-152.137697,62.915109]]}},{"type":"Feature","properties":{"FaultName":"Peters Dome (western)","Change":"Added","QfaultID":0,"Feature":"North-facing scarps and linear slope breaks","SlipSense1":"Thrust","SlipSense2":"Up-to-the-south"},"geometry":{"type":"LineString","coordinates":[[-152.135596,62.91529],[-152.132822,62.915817],[-152.13123,62.916211],[-152.125547,62.917323],[-152.121696,62.918339],[-152.119769,62.918877],[-152.118053,62.91918],[-152.116815,62.919135],[-152.115635,62.919208],[-152.11444,62.919519],[-152.112267,62.919816],[-152.111016,62.919978],[-152.10926,62.919866],[-152.107633,62.919786]]}},{"type":"Feature","properties":{"FaultName":"Peters Dome (western)","Change":"Added","QfaultID":0,"Feature":"North-facing scarps and linear slope breaks","SlipSense1":"Thrust","SlipSense2":"Up-to-the-south"},"geometry":{"type":"LineString","coordinates":[[-152.095117,62.917404],[-152.093866,62.917565],[-152.092684,62.917668],[-152.090981,62.917764],[-152.089933,62.91781],[-152.088233,62.917847],[-152.087186,62.917892],[-152.086334,62.91794],[-152.085916,62.918349],[-152.084479,62.91836],[-152.083362,62.918464],[-152.080805,62.918638],[-152.079823,62.918684],[-152.077744,62.918509]]}},{"type":"Feature","properties":{"FaultName":"Denali (Farewell)","Change":"Revised","QfaultID":5000,"Feature":"Sinuous north-facing scarps in alluvium, colluvium, and glacial landforms; linear slope breaks and linear gullies","SlipSense1":"Thrust","SlipSense2":"Up-to-the-southeast"},"geometry":{"type":"LineString","coordinates":[[-154.772897,62.23204],[-154.770095,62.233262],[-154.766236,62.235164],[-154.764873,62.235775],[-154.762591,62.23639],[-154.760691,62.237004],[-154.757793,62.237481],[-154.756503,62.237984]]}},{"type":"Feature","properties":{"FaultName":"Denali (Farewell)","Change":"Revised","QfaultID":5000,"Feature":"Sinuous north-facing scarps in alluvium, colluvium, and glacial landforms; linear slope breaks and linear gullies","SlipSense1":"Thrust","SlipSense2":"Up-to-the-southeast"},"geometry":{"type":"LineString","coordinates":[[-154.747015,62.241513],[-154.744274,62.242237],[-154.740328,62.243748],[-154.736991,62.245185],[-154.734705,62.245694]]}},{"type":"Feature","properties":{"FaultName":"Denali (Farewell)","Change":"Revised","QfaultID":5000,"Feature":"Scarps, linear slope-breaks, and linear gullies","SlipSense1":"Strike-slip","SlipSense2":"Right-lateral"},"geometry":{"type":"LineString","coordinates":[[-154.344005,62.3535],[-154.345844,62.352928],[-154.346867,62.352736],[-154.348193,62.352165],[-154.348496,62.351833],[-154.350645,62.351496],[-154.353712,62.350826]]}},{"type":"Feature","properties":{"FaultName":"Denali (Farewell)","Change":"Revised","QfaultID":5000,"Feature":"Scarps, linear slope-breaks, and linear gullies","SlipSense1":"Strike-slip","SlipSense2":"Right-lateral"},"geometry":{"type":"LineString","coordinates":[[-154.371903,62.346521],[-154.373129,62.346186],[-154.37466,62.345709],[-154.376192,62.345267],[-154.37757,62.344802],[-154.378565,62.34448],[-154.380174,62.34405],[-154.38209,62.343619],[-154.38301,62.343474],[-154.384232,62.342903]]}},{"type":"Feature","properties":{"FaultName":"Denali (Farewell)","Change":"Revised","QfaultID":5000,"Feature":"Scarps, linear slope-breaks, and linear gullies","SlipSense1":"Strike-slip","SlipSense2":"Right-lateral"},"geometry":{"type":"LineString","coordinates":[[-154.395937,62.338718],[-154.397234,62.338005],[-154.397996,62.337541],[-154.398759,62.337148],[-154.39983,62.33679],[-154.401055,62.336468]]}},{"type":"Feature","properties":{"FaultName":"Denali (Farewell)","Change":"Revised","QfaultID":5000,"Feature":"Scarps, linear slope-breaks, and linear gullies","SlipSense1":"Strike-slip","SlipSense2":"Right-lateral"},"geometry":{"type":"LineString","coordinates":[[-154.394791,62.339289],[-154.39372,62.339612],[-154.393029,62.339649],[-154.391878,62.33983],[-154.390575,62.340082],[-154.388967,62.340512],[-154.388203,62.340904],[-154.386824,62.341192],[-154.382972,62.341328],[-154.380292,62.342104],[-154.378631,62.342463],[-154.37633,62.342825],[-154.373517,62.343187],[-154.37109,62.343726],[-154.369683,62.343907]]}},{"type":"Feature","properties":{"FaultName":"Denali (Farewell)","Change":"Revised","QfaultID":5000,"Feature":"Scarps, linear slope-breaks, and linear gullies","SlipSense1":"Strike-slip","SlipSense2":"Right-lateral"},"geometry":{"type":"LineString","coordinates":[[-154.417019,62.329536],[-154.418396,62.32907],[-154.420076,62.328391],[-154.421223,62.327997],[-154.422296,62.327781]]}},{"type":"Feature","properties":{"FaultName":"Denali (Farewell)","Change":"Revised","QfaultID":5000,"Feature":"Scarps, linear slope-breaks, and linear gullies","SlipSense1":"Strike-slip","SlipSense2":"Right-lateral"},"geometry":{"type":"LineString","coordinates":[[-154.423473,62.32774],[-154.424162,62.327245],[-154.425262,62.326807],[-154.425749,62.326464],[-154.42628,62.326311],[-154.426889,62.325912],[-154.427377,62.325683],[-154.427988,62.325435],[-154.429048,62.325091],[-154.429944,62.324691]]}},{"type":"Feature","properties":{"FaultName":"Denali (Farewell)","Change":"Revised","QfaultID":5000,"Feature":"Scarps, linear slope-breaks, and linear gullies","SlipSense1":"Strike-slip","SlipSense2":"Right-lateral"},"geometry":{"type":"LineString","coordinates":[[-154.434831,62.32267],[-154.435888,62.322155],[-154.436661,62.321756],[-154.437232,62.321564],[-154.438006,62.321278],[-154.43878,62.320992],[-154.439595,62.320743],[-154.440126,62.320609],[-154.440613,62.320286],[-154.441262,62.319886],[-154.442073,62.319297],[-154.442763,62.318878],[-154.443292,62.31863],[-154.445734,62.317582],[-154.44663,62.3172],[-154.447891,62.316666],[-154.449315,62.315999],[-154.450987,62.315521],[-154.452821,62.314947],[-154.453961,62.31447],[-154.454773,62.314051],[-154.457137,62.313267],[-154.459137,62.312825],[-154.460196,62.312481],[-154.461379,62.312193],[-154.462478,62.311724],[-154.462885,62.311533]]}},{"type":"Feature","properties":{"FaultName":"Denali (Farewell)","Change":"Revised","QfaultID":5000,"Feature":"Scarps, linear slope-breaks, and linear gullies","SlipSense1":"Strike-slip","SlipSense2":"Right-lateral"},"geometry":{"type":"LineString","coordinates":[[-154.463647,62.311176],[-154.464816,62.31058]]}},{"type":"Feature","properties":{"FaultName":"Denali (Farewell)","Change":"Revised","QfaultID":5000,"Feature":"Scarps, linear slope-breaks, and linear gullies","SlipSense1":"Strike-slip","SlipSense2":"Right-lateral"},"geometry":{"type":"LineString","coordinates":[[-154.468117,62.308937],[-154.470048,62.308007],[-154.472335,62.306982],[-154.473551,62.306221],[-154.475636,62.305362],[-154.478177,62.304218],[-154.480056,62.303336],[-154.481376,62.302669],[-154.482746,62.301931],[-154.484885,62.301308],[-154.488707,62.300325],[-154.491003,62.299915],[-154.492732,62.29927],[-154.496186,62.297744],[-154.499334,62.296289],[-154.50061,62.296072],[-154.501577,62.295761]]}},{"type":"Feature","properties":{"FaultName":"Denali (Farewell)","Change":"Revised","QfaultID":5000,"Feature":"Scarps, linear slope-breaks, and linear gullies","SlipSense1":"Strike-slip","SlipSense2":"Right-lateral"},"geometry":{"type":"LineString","coordinates":[[-154.512671,62.29064],[-154.512856,62.290225],[-154.513107,62.289928],[-154.513738,62.289453],[-154.514116,62.289126],[-154.514493,62.28871],[-154.516525,62.287904],[-154.517029,62.287488],[-154.51747,62.287102],[-154.517849,62.286805],[-154.51918,62.28615],[-154.520579,62.285671],[-154.521851,62.285341],[-154.523379,62.284951],[-154.524138,62.284475],[-154.524707,62.284088],[-154.525721,62.283582],[-154.527692,62.282249],[-154.531119,62.280817],[-154.532944,62.279923],[-154.534392,62.279385],[-154.536067,62.278669],[-154.536979,62.278204],[-154.537971,62.277916],[-154.539423,62.277662],[-154.540793,62.277054]]}},{"type":"Feature","properties":{"FaultName":"Denali (Farewell)","Change":"Revised","QfaultID":5000,"Feature":"Scarps, linear slope-breaks, and linear gullies","SlipSense1":"Strike-slip","SlipSense2":"Right-lateral"},"geometry":{"type":"LineString","coordinates":[[-154.545584,62.274799],[-154.548403,62.273795],[-154.550305,62.272935],[-154.551594,62.272149],[-154.552502,62.271436],[-154.555243,62.270396],[-154.558504,62.268597],[-154.560403,62.267465],[-154.561472,62.267213],[-154.562467,62.267102],[-154.563685,62.266671],[-154.565598,62.266451]]}},{"type":"Feature","properties":{"FaultName":"Denali (Farewell)","Change":"Revised","QfaultID":5000,"Feature":"Scarps, linear slope-breaks, and linear gullies","SlipSense1":"Strike-slip","SlipSense2":"Right-lateral"},"geometry":{"type":"LineString","coordinates":[[-154.575646,62.261288],[-154.577801,62.260392],[-154.57945,62.259793],[-154.58021,62.259435],[-154.580839,62.25893],[-154.582042,62.258392],[-154.58242,62.258125],[-154.5835,62.257795],[-154.58426,62.257466],[-154.585464,62.256959],[-154.586477,62.256481],[-154.587047,62.256242],[-154.588062,62.255883],[-154.589396,62.255523],[-154.590859,62.255221],[-154.591935,62.254714],[-154.592884,62.254266],[-154.59384,62.254144],[-154.594921,62.253932],[-154.595937,62.253632],[-154.596444,62.253453],[-154.596757,62.253126],[-154.59803,62.252913],[-154.598605,62.252911]]}},{"type":"Feature","properties":{"FaultName":"Denali (Farewell)","Change":"Revised","QfaultID":5000,"Feature":"Scarps, linear slope-breaks, and linear gullies","SlipSense1":"Strike-slip","SlipSense2":"Right-lateral"},"geometry":{"type":"LineString","coordinates":[[-154.607903,62.248435],[-154.608528,62.247752],[-154.609351,62.247364],[-154.609984,62.247095],[-154.610425,62.246797],[-154.611249,62.246498],[-154.611882,62.246259],[-154.612194,62.245902],[-154.612826,62.245574],[-154.61333,62.245217],[-154.614156,62.245006],[-154.615171,62.244677],[-154.615803,62.244378],[-154.616754,62.244049],[-154.617644,62.243867],[-154.618215,62.243687],[-154.61942,62.243298],[-154.620752,62.242878],[-154.621258,62.242639],[-154.622272,62.24228],[-154.622717,62.242189],[-154.623288,62.242039],[-154.623921,62.24177],[-154.6243,62.241561],[-154.625061,62.241291],[-154.62576,62.24114],[-154.62639,62.240753]]}},{"type":"Feature","properties":{"FaultName":"Denali (Farewell)","Change":"Revised","QfaultID":5000,"Feature":"Scarps, linear slope-breaks, and linear gullies","SlipSense1":"Strike-slip","SlipSense2":"Right-lateral"},"geometry":{"type":"LineString","coordinates":[[-154.631902,62.238717],[-154.632656,62.238152],[-154.633859,62.237703],[-154.634491,62.237404],[-154.636139,62.236835],[-154.637598,62.236385],[-154.639374,62.235874],[-154.639942,62.235576],[-154.641213,62.235304],[-154.641847,62.235094],[-154.643369,62.234614]]}},{"type":"Feature","properties":{"FaultName":"Denali (Farewell)","Change":"Revised","QfaultID":5000,"Feature":"Scarps, linear slope-breaks, and linear gullies","SlipSense1":"Strike-slip","SlipSense2":"Right-lateral"},"geometry":{"type":"LineString","coordinates":[[-154.66152,62.227307],[-154.663345,62.22673],[-154.663949,62.22633],[-154.665161,62.225756],[-154.665644,62.225413],[-154.666735,62.224897],[-154.6677,62.224211],[-154.668919,62.223921],[-154.670259,62.223338],[-154.671208,62.222978],[-154.671714,62.222798],[-154.672661,62.22235],[-154.673798,62.221812]]}},{"type":"Feature","properties":{"FaultName":"Denali (Farewell)","Change":"Revised","QfaultID":5000,"Feature":"Scarps, linear slope-breaks, and linear gullies","SlipSense1":"Strike-slip","SlipSense2":"Right-lateral"},"geometry":{"type":"LineString","coordinates":[[-154.677859,62.220817],[-154.679438,62.220129],[-154.680767,62.21965],[-154.681904,62.219141],[-154.683169,62.218662],[-154.684499,62.218212],[-154.686018,62.217702],[-154.686457,62.217345],[-154.687217,62.217105],[-154.688106,62.216952],[-154.689079,62.21626],[-154.690435,62.215551],[-154.69126,62.215399],[-154.691955,62.21507],[-154.692587,62.214831],[-154.692903,62.214711],[-154.693793,62.214558],[-154.695063,62.214316],[-154.696826,62.213301],[-154.698725,62.212701],[-154.700689,62.212129],[-154.701891,62.211709],[-154.702644,62.211173],[-154.70404,62.21087]]}},{"type":"Feature","properties":{"FaultName":"Paimiut","Change":"Added","QfaultID":0,"Feature":"South-facing scarps in alluvium, and aligned linear pond margins","SlipSense1":"Strike-slip","SlipSense2":"Right-lateral"},"geometry":{"type":"LineString","coordinates":[[-163.649728,60.925248],[-163.644396,60.927251],[-163.64128,60.929383],[-163.636911,60.930648],[-163.631492,60.932369],[-163.627368,60.933138],[-163.6248,60.934467],[-163.623778,60.935017],[-163.620288,60.935263],[-163.618462,60.935774],[-163.615748,60.935965],[-163.613587,60.936022],[-163.611846,60.936813],[-163.610327,60.937685],[-163.605265,60.939285],[-163.601834,60.940386],[-163.598517,60.941863],[-163.592124,60.94365],[-163.591655,60.944066],[-163.588643,60.945903],[-163.58457,60.946189],[-163.580997,60.946822],[-163.57851,60.94843],[-163.575438,60.949411],[-163.571645,60.950632],[-163.567631,60.951774],[-163.56309,60.953144],[-163.560599,60.954083],[-163.553206,60.956512],[-163.549361,60.958884],[-163.540137,60.961823],[-163.533737,60.963608],[-163.531104,60.964079],[-163.53036,60.965565],[-163.528089,60.966583],[-163.522492,60.968407],[-163.517421,60.970003],[-163.511766,60.97164],[-163.506193,60.972888],[-163.501231,60.974189],[-163.495409,60.975931],[-163.491775,60.976375],[-163.486061,60.977154],[-163.484259,60.977757],[-163.480462,60.980314],[-163.475972,60.983875],[-163.47367,60.9848],[-163.471119,60.986219],[-163.468652,60.987919],[-163.467348,60.98887],[-163.465489,60.989285],[-163.462382,60.990169],[-163.459635,60.991602],[-163.45847,60.992352],[-163.453087,60.994253],[-163.448813,60.995887],[-163.446259,60.996636],[-163.444733,60.997506],[-163.442568,60.998229],[-163.441263,60.998511],[-163.438099,61.000545],[-163.435018,61.00286],[-163.433657,61.003623],[-163.430076,61.00559],[-163.426632,61.007357],[-163.422355,61.00832],[-163.419439,61.00919],[-163.417633,61.010461],[-163.416717,61.011385],[-163.413189,61.012201],[-163.410716,61.013231],[-163.408827,61.013552],[-163.404188,61.014635],[-163.400493,61.015558],[-163.397103,61.016173]]}},{"type":"Feature","properties":{"FaultName":"Paimiut","Change":"Added","QfaultID":0,"Feature":"South-facing scarps in alluvium, and aligned linear pond margins","SlipSense1":"Strike-slip","SlipSense2":"Right-lateral"},"geometry":{"type":"LineString","coordinates":[[-163.376173,61.024585],[-163.37378,61.026564],[-163.36994,61.029694],[-163.366741,61.030964],[-163.364014,61.033158],[-163.363427,61.034536],[-163.361867,61.036649],[-163.358861,61.038575],[-163.3548,61.039617],[-163.350795,61.040177],[-163.348179,61.041406],[-163.34662,61.042182],[-163.336326,61.044986],[-163.330148,61.046935],[-163.32611,61.048739],[-163.322072,61.050543],[-163.316389,61.053509],[-163.311347,61.055954],[-163.30703,61.057489],[-163.304438,61.058812],[-163.301259,61.060843],[-163.292431,61.063257],[-163.284855,61.065204],[-163.280648,61.066444],[-163.269875,61.06765],[-163.262327,61.06902],[-163.257176,61.06975],[-163.253836,61.069879],[-163.250629,61.071147],[-163.246167,61.072881]]}},{"type":"Feature","properties":{"FaultName":"Paimiut","Change":"Added","QfaultID":0,"Feature":"South-facing scarps in alluvium, and aligned linear pond margins","SlipSense1":"Strike-slip","SlipSense2":"Right-lateral"},"geometry":{"type":"LineString","coordinates":[[-163.207157,61.080185],[-163.20197,61.081488],[-163.195056,61.083003],[-163.189728,61.084506]]}},{"type":"Feature","properties":{"FaultName":"Paimiut","Change":"Added","QfaultID":0,"Feature":"South-facing scarps in alluvium, and aligned linear pond margins","SlipSense1":"Strike-slip","SlipSense2":"Right-lateral"},"geometry":{"type":"LineString","coordinates":[[-163.173053,61.091449],[-163.170117,61.092982],[-163.166488,61.09418],[-163.163248,61.095351],[-163.160094,61.096135],[-163.157363,61.096317],[-163.156025,61.096502],[-163.153099,61.096697],[-163.150786,61.096946],[-163.141996,61.098869]]}},{"type":"Feature","properties":{"FaultName":"Paimiut","Change":"Added","QfaultID":0,"Feature":"South-facing scarps in alluvium, and aligned linear pond margins","SlipSense1":"Strike-slip","SlipSense2":"Right-lateral"},"geometry":{"type":"LineString","coordinates":[[-163.127201,61.105489],[-163.121596,61.106052],[-163.118662,61.106916],[-163.115345,61.107136],[-163.111664,61.107476],[-163.108145,61.108378],[-163.10406,61.110081],[-163.098999,61.111849],[-163.096153,61.112324],[-163.082056,61.117268]]}},{"type":"Feature","properties":{"FaultName":"Paimiut","Change":"Added","QfaultID":0,"Feature":"South-facing scarps in alluvium, and aligned linear pond margins","SlipSense1":"Strike-slip","SlipSense2":"Right-lateral"},"geometry":{"type":"LineString","coordinates":[[-163.034414,61.136262],[-163.030881,61.137831],[-163.027969,61.138786],[-163.022819,61.14027]]}},{"type":"Feature","properties":{"FaultName":"Paimiut","Change":"Added","QfaultID":0,"Feature":"South-facing scarps in alluvium, and aligned linear pond margins","SlipSense1":"Strike-slip","SlipSense2":"Right-lateral"},"geometry":{"type":"LineString","coordinates":[[-162.891582,61.173257],[-162.872994,61.179421],[-162.861311,61.183228],[-162.845399,61.189024],[-162.834909,61.191415]]}},{"type":"Feature","properties":{"FaultName":"Paimiut","Change":"Added","QfaultID":0,"Feature":"South-facing scarps in alluvium, and aligned linear pond margins","SlipSense1":"Strike-slip","SlipSense2":"Right-lateral"},"geometry":{"type":"LineString","coordinates":[[-162.696853,61.217041],[-162.694532,61.219478],[-162.69319,61.222211],[-162.692653,61.224607],[-162.691117,61.226636],[-162.688857,61.22821],[-162.686431,61.229723],[-162.68515,61.231593],[-162.683261,61.23343],[-162.681028,61.235646],[-162.67692,61.238123],[-162.674717,61.239908],[-162.672974,61.241735],[-162.669548,61.242881],[-162.665168,61.244373],[-162.660487,61.245311],[-162.655204,61.246787],[-162.652539,61.248529],[-162.649969,61.250623],[-162.646963,61.25167],[-162.642485,61.252809],[-162.637821,61.253816],[-162.63333,61.255457],[-162.627654,61.256599],[-162.619424,61.258258],[-162.609555,61.259947],[-162.605081,61.261657],[-162.601624,61.263805],[-162.600535,61.265304],[-162.597269,61.266509],[-162.592595,61.268589],[-162.589015,61.269742],[-162.586191,61.27092],[-162.579196,61.273286],[-162.576306,61.275326],[-162.573211,61.277164],[-162.570135,61.279073],[-162.565988,61.280904],[-162.561989,61.282726],[-162.559752,61.283867],[-162.552697,61.288239],[-162.548519,61.288855],[-162.545763,61.289741],[-162.544223,61.290695],[-162.536204,61.292621],[-162.532772,61.294336],[-162.530043,61.296436],[-162.522245,61.298635],[-162.518455,61.299584],[-162.515672,61.302045],[-162.512628,61.304092],[-162.506249,61.30656],[-162.498499,61.308396],[-162.49377,61.309759],[-162.488711,61.311572],[-162.484344,61.312055],[-162.479756,61.312837],[-162.473804,61.313559],[-162.466954,61.315409]]}},{"type":"Feature","properties":{"FaultName":"Paimiut","Change":"Added","QfaultID":0,"Feature":"South-facing scarps in alluvium, and aligned linear pond margins","SlipSense1":"Strike-slip","SlipSense2":"Right-lateral"},"geometry":{"type":"LineString","coordinates":[[-162.451706,61.31949],[-162.448304,61.321343],[-162.446378,61.323106],[-162.442937,61.324818],[-162.439327,61.325897],[-162.43371,61.327885],[-162.430909,61.328628],[-162.425643,61.330808],[-162.421039,61.332662],[-162.417191,61.334542],[-162.410425,61.336169],[-162.405156,61.338349],[-162.400493,61.339991],[-162.395645,61.341501]]}},{"type":"Feature","properties":{"FaultName":"Paimiut","Change":"Added","QfaultID":0,"Feature":"South-facing scarps in alluvium, and aligned linear pond margins","SlipSense1":"Strike-slip","SlipSense2":"Right-lateral"},"geometry":{"type":"LineString","coordinates":[[-162.278398,61.383491],[-162.270552,61.386225],[-162.263407,61.38801],[-162.258409,61.389516],[-162.250208,61.392119],[-162.242865,61.394368],[-162.233177,61.39736],[-162.230911,61.3984]]}},{"type":"Feature","properties":{"FaultName":"Paimiut","Change":"Added","QfaultID":0,"Feature":"South-facing scarps in alluvium, and aligned linear pond margins","SlipSense1":"Strike-slip","SlipSense2":"Right-lateral"},"geometry":{"type":"LineString","coordinates":[[-161.549533,61.450569],[-161.524961,61.460947],[-161.502893,61.469281],[-161.490921,61.473735],[-161.476406,61.475943],[-161.467414,61.48452],[-161.450255,61.488296],[-161.429463,61.493691],[-161.418351,61.497616],[-161.402613,61.503214],[-161.383237,61.51043],[-161.357459,61.511793],[-161.339362,61.51596],[-161.331591,61.521367],[-161.320291,61.526721],[-161.309647,61.532753],[-161.287914,61.540792],[-161.274509,61.543633],[-161.266604,61.546365],[-161.262185,61.548975],[-161.256796,61.552825],[-161.248512,61.556379],[-161.240152,61.560977],[-161.231514,61.565738],[-161.227439,61.567139],[-161.216743,61.568436],[-161.21191,61.56928],[-161.204068,61.572065],[-161.200775,61.575506],[-161.193997,61.57883],[-161.183396,61.580565],[-161.178378,61.583351],[-161.170885,61.583753],[-161.164077,61.587419],[-161.158953,61.590094],[-161.154075,61.592454],[-161.147476,61.595656],[-161.144351,61.597324],[-161.139505,61.599832],[-161.134624,61.602192],[-161.129597,61.605313],[-161.121664,61.60828]]}},{"type":"Feature","properties":{"FaultName":"Denali (Farewell)","Change":"Revised","QfaultID":5000,"Feature":"Scarps, linear slope-breaks, and linear gullies","SlipSense1":"Strike-slip","SlipSense2":"Right-lateral"},"geometry":{"type":"LineString","coordinates":[[-154.774581,62.168079],[-154.771082,62.169616],[-154.768299,62.170767],[-154.764555,62.172661],[-154.760465,62.175409],[-154.756359,62.177532],[-154.752258,62.179883],[-154.748392,62.181891],[-154.742231,62.185103]]}},{"type":"Feature","properties":{"FaultName":"Dall Mountain","Change":"Revised","QfaultID":5430,"Feature":"Range-front linear slope-breaks and west-facing scarps in alluvium and colluvium","SlipSense1":"Normal","SlipSense2":"Down-to-the-west"},"geometry":{"type":"LineString","coordinates":[[-149.543516,66.215436],[-149.54235,66.215202],[-149.541994,66.215049],[-149.541485,66.214928],[-149.540809,66.214754],[-149.540072,66.214591],[-149.539487,66.214575],[-149.538573,66.214419],[-149.537702,66.214181],[-149.537092,66.213962],[-149.534153,66.21344],[-149.53284,66.213214]]}},{"type":"Feature","properties":{"FaultName":"Kaltag","Change":"Revised","QfaultID":5134,"Feature":"Parallel scarps, linear slope breaks, and linear swale","SlipSense1":"Strike-slip","SlipSense2":"Right-lateral"},"geometry":{"type":"LineString","coordinates":[[-156.976518,64.56167],[-156.961626,64.563728],[-156.946168,64.566857]]}},{"type":"Feature","properties":{"FaultName":"Kaltag","Change":"Revised","QfaultID":5134,"Feature":"Parallel scarps, linear slope breaks, and linear swale","SlipSense1":"Strike-slip","SlipSense2":"Right-lateral"},"geometry":{"type":"LineString","coordinates":[[-157.120696,64.53265],[-157.114469,64.533851],[-157.108213,64.534832],[-157.103665,64.535664],[-157.100614,64.536865],[-157.097519,64.537668],[-157.094437,64.538584],[-157.092364,64.539025],[-157.090549,64.539403],[-157.082716,64.540528],[-157.078033,64.541362],[-157.068389,64.542921],[-157.05575,64.544995],[-157.049099,64.546038],[-157.043639,64.547057],[-157.039062,64.54766],[-157.035953,64.548348],[-157.033071,64.54869],[-157.025643,64.549918],[-157.011108,64.55419],[-157.007991,64.55482],[-157.002355,64.556363]]}},{"type":"Feature","properties":{"FaultName":"Kaltag","Change":"Revised","QfaultID":5134,"Feature":"Parallel scarps, linear slope breaks, and linear swale","SlipSense1":"Strike-slip","SlipSense2":"Right-lateral"},"geometry":{"type":"LineString","coordinates":[[-159.250915,64.207872],[-159.249472,64.208359],[-159.247627,64.208803],[-159.244876,64.209564],[-159.242442,64.210142],[-159.241006,64.210667],[-159.239381,64.211122],[-159.234764,64.212936],[-159.232723,64.213747],[-159.231429,64.214096],[-159.229877,64.214473]]}},{"type":"Feature","properties":{"FaultName":"Bendeleben","Change":"Revised","QfaultID":5450,"Feature":"Parallel south-facing scarps in alluvium, and range-front slope breaks","SlipSense1":"Normal","SlipSense2":"Down-to-the-south"},"geometry":{"type":"LineString","coordinates":[[-163.351956,65.175263],[-163.35014,65.174985],[-163.34785,65.174786],[-163.346381,65.174825],[-163.34421,65.174811]]}},{"type":"Feature","properties":{"FaultName":"Atsaksovluk","Change":"Revised","QfaultID":5293,"Feature":"Scarps and linear slope breaks","SlipSense1":"Strike-slip","SlipSense2":"Right-lateral"},"geometry":{"type":"LineString","coordinates":[[-158.784303,60.942282],[-158.782806,60.943117],[-158.782515,60.944123],[-158.780704,60.944826],[-158.779753,60.946354],[-158.777565,60.947497],[-158.776236,60.948468],[-158.775432,60.94999],[-158.773433,60.951412],[-158.772471,60.952868],[-158.771341,60.954188],[-158.769718,60.95517],[-158.769426,60.956176]]}},{"type":"Feature","properties":{"FaultName":"Atsaksovluk","Change":"Revised","QfaultID":5293,"Feature":"Scarps and linear slope breaks","SlipSense1":"Normal","SlipSense2":"Down-to-the-south"},"geometry":{"type":"LineString","coordinates":[[-158.509849,61.129468],[-158.506313,61.129619],[-158.503802,61.130199],[-158.500972,61.131145],[-158.498362,61.13155],[-158.494775,61.132329]]}},{"type":"Feature","properties":{"FaultName":"Denali (Holitna)","Change":"Revised","QfaultID":5000,"Feature":"Scarps and linear slope breaks","SlipSense1":"Strike-slip","SlipSense2":"Right-lateral"},"geometry":{"type":"LineString","coordinates":[[-157.818042,61.221111],[-157.814507,61.223009],[-157.81131,61.224424],[-157.806089,61.227127]]}},{"type":"Feature","properties":{"FaultName":"Denali (Holitna)","Change":"Revised","QfaultID":5000,"Feature":"Scarps and linear slope breaks","SlipSense1":"Strike-slip","SlipSense2":"Right-lateral"},"geometry":{"type":"LineString","coordinates":[[-157.801713,61.23028],[-157.79227,61.23414],[-157.787593,61.236448],[-157.781894,61.238499],[-157.774276,61.241076],[-157.76748,61.243914],[-157.763488,61.24535],[-157.759751,61.247252]]}},{"type":"Feature","properties":{"FaultName":"Denali (Holitna)","Change":"Revised","QfaultID":5000,"Feature":"Scarps and linear slope breaks","SlipSense1":"Strike-slip","SlipSense2":"Right-lateral"},"geometry":{"type":"LineString","coordinates":[[-157.790668,61.240629],[-157.784749,61.242496]]}},{"type":"Feature","properties":{"FaultName":"Denali (Holitna)","Change":"Revised","QfaultID":5000,"Feature":"Scarps and linear slope breaks","SlipSense1":"Strike-slip","SlipSense2":"Right-lateral"},"geometry":{"type":"LineString","coordinates":[[-158.333104,60.941117],[-158.330698,60.941913],[-158.326798,60.943288],[-158.321259,60.945321]]}},{"type":"Feature","properties":{"FaultName":"Denali (Holitna)","Change":"Revised","QfaultID":5000,"Feature":"Scarps and linear slope breaks","SlipSense1":"Strike-slip","SlipSense2":"Right-lateral"},"geometry":{"type":"LineString","coordinates":[[-158.789696,60.702719],[-158.78709,60.703641],[-158.785623,60.704433],[-158.784299,60.705369],[-158.783213,60.705852],[-158.780724,60.707155],[-158.779278,60.70768],[-158.776862,60.708654]]}},{"type":"Feature","properties":{"FaultName":"Denali (Holitna)","Change":"Revised","QfaultID":5000,"Feature":"Scarps and linear slope breaks","SlipSense1":"Strike-slip","SlipSense2":"Right-lateral"},"geometry":{"type":"LineString","coordinates":[[-158.852626,60.670103],[-158.850179,60.670842],[-158.847629,60.671704],[-158.844856,60.673107],[-158.841987,60.674276],[-158.839342,60.675319],[-158.837298,60.676311],[-158.835405,60.67709],[-158.832972,60.678332],[-158.829939,60.680041],[-158.82797,60.681534],[-158.825597,60.682774]]}},{"type":"Feature","properties":{"FaultName":"Koyukuk Basin","Change":"Added","QfaultID":0,"Feature":"Scarps and lineaments in alluvium","SlipSense1":"Strike-slip","SlipSense2":"Right-lateral"},"geometry":{"type":"LineString","coordinates":[[-156.744982,65.378802],[-156.748312,65.37796],[-156.754646,65.376424],[-156.759304,65.375203],[-156.762825,65.374571],[-156.76651,65.373865],[-156.773353,65.37232],[-156.778016,65.371169],[-156.781522,65.370395],[-156.785361,65.369543],[-156.791564,65.368436],[-156.795048,65.367448],[-156.798056,65.366824],[-156.804229,65.365432],[-156.80923,65.364274],[-156.815913,65.362872],[-156.819906,65.361875],[-156.82475,65.360862],[-156.830387,65.359264],[-156.83718,65.357289],[-156.844199,65.35588],[-156.849183,65.354578],[-156.853166,65.353508],[-156.859652,65.351894],[-156.86262,65.350914],[-156.870111,65.349139],[-156.890928,65.34434],[-156.897564,65.342579],[-156.904532,65.34074],[-156.910316,65.338994],[-156.914102,65.337713],[-156.917933,65.336858],[-156.922672,65.334917],[-156.9262,65.334424],[-156.929674,65.333433],[-156.933739,65.331575],[-156.938737,65.330484],[-156.946689,65.32834],[-156.954146,65.326348],[-156.961772,65.324352],[-156.969366,65.32207],[-156.97518,65.320678],[-156.981381,65.318137],[-156.988307,65.31601],[-156.997627,65.31398],[-157.005725,65.311688],[-157.016665,65.308913],[-157.024582,65.306552],[-157.03324,65.304746],[-157.038043,65.303513],[-157.046266,65.30086],[-157.051578,65.299617]]}},{"type":"Feature","properties":{"FaultName":"Kigluaik","Change":"Revised","QfaultID":5440,"Feature":"Aligned north-facing scarps and a range-front slope-breaks","SlipSense1":"Normal","SlipSense2":"Down-to-the-north"},"geometry":{"type":"LineString","coordinates":[[-165.141004,65.026422],[-165.144068,65.026395],[-165.14656,65.026361],[-165.149108,65.026467],[-165.150492,65.026512],[-165.15243,65.026518],[-165.154444,65.02671],[-165.156566,65.026606]]}},{"type":"Feature","properties":{"FaultName":"Kigluaik","Change":"Revised","QfaultID":5440,"Feature":"Aligned north-facing scarps and a range-front slope-breaks","SlipSense1":"Normal","SlipSense2":"Down-to-the-north"},"geometry":{"type":"LineString","coordinates":[[-165.043229,65.021882],[-165.046439,65.021365],[-165.050135,65.020699],[-165.05226,65.020201],[-165.054719,65.020546],[-165.056778,65.020573],[-165.060874,65.020224],[-165.064904,65.020053],[-165.068405,65.020613],[-165.075073,65.021236],[-165.079722,65.020905],[-165.083752,65.020734],[-165.089596,65.020317],[-165.095663,65.020116],[-165.102614,65.019735],[-165.10534,65.020061],[-165.108948,65.019861],[-165.114925,65.019434],[-165.118535,65.01958],[-165.124162,65.019987],[-165.128038,65.020114],[-165.131826,65.020363]]}},{"type":"Feature","properties":{"FaultName":"Kigluaik","Change":"Revised","QfaultID":5440,"Feature":"Aligned north-facing scarps and a range-front slope-breaks","SlipSense1":"Normal","SlipSense2":"Down-to-the-north"},"geometry":{"type":"LineString","coordinates":[[-165.040796,65.040051],[-165.0437,65.040249],[-165.046381,65.040117],[-165.050073,65.039778],[-165.056128,65.039078],[-165.058233,65.038987],[-165.059643,65.038752],[-165.061881,65.038881],[-165.064163,65.038777],[-165.0657,65.038745]]}},{"type":"Feature","properties":{"FaultName":"Kigluaik","Change":"Revised","QfaultID":5440,"Feature":"Aligned north-facing scarps and a range-front slope-breaks","SlipSense1":"Normal","SlipSense2":"Down-to-the-north"},"geometry":{"type":"LineString","coordinates":[[-164.917131,65.045041],[-164.918682,65.045365],[-164.91955,65.045545],[-164.921424,65.045823],[-164.922699,65.046022],[-164.923945,65.046007],[-164.924878,65.046062],[-164.926346,65.04632],[-164.928525,65.046792],[-164.931,65.047004],[-164.932792,65.04707],[-164.934925,65.047281],[-164.936467,65.047582],[-164.937704,65.047832],[-164.93932,65.048031],[-164.940743,65.048028],[-164.942396,65.048176],[-164.946136,65.048563],[-164.947402,65.048595],[-164.949073,65.048934],[-164.950089,65.0492]]}},{"type":"Feature","properties":{"FaultName":"Iditarod-Nixon Fork","Change":"Revised","QfaultID":5282,"Feature":"North-facing scarp","SlipSense1":"Strike-slip","SlipSense2":"Right-lateral"},"geometry":{"type":"LineString","coordinates":[[-158.023911,62.298875],[-157.998101,62.305155],[-157.984554,62.308386],[-157.976333,62.310116],[-157.969729,62.311801],[-157.96284,62.313794],[-157.95593,62.315637],[-157.946488,62.317999],[-157.938586,62.319719],[-157.927293,62.322882],[-157.921865,62.323631],[-157.916531,62.325128],[-157.910531,62.326494]]}},{"type":"Feature","properties":{"FaultName":"Denali (Boss Creek)","Change":"Revised","QfaultID":5000,"Feature":"Aligned linear depressions and north-facing scarps.","SlipSense1":"Strike-slip","SlipSense2":"Right-lateral"},"geometry":{"type":"LineString","coordinates":[[-156.233053,61.742136],[-156.214783,61.741918],[-156.197887,61.741732],[-156.191523,61.741831],[-156.182572,61.74137],[-156.174648,61.741943],[-156.167022,61.74221],[-156.158759,61.742487],[-156.150845,61.743208],[-156.139368,61.743082],[-156.129185,61.743236],[-156.122256,61.744391],[-156.113724,61.745419],[-156.106455,61.746277],[-156.099802,61.746826],[-156.091239,61.747404]]}},{"type":"Feature","properties":{"FaultName":"Denali (Farewell)","Change":"Revised","QfaultID":5000,"Feature":"Subtle northwest-facing scarps and aligned braidplain features.","SlipSense1":"Strike-slip","SlipSense2":"Right-lateral"},"geometry":{"type":"LineString","coordinates":[[-155.453563,61.930271],[-155.450894,61.931029],[-155.449253,61.931614],[-155.446405,61.932353],[-155.442973,61.933595],[-155.439519,61.93434],[-155.437583,61.935141],[-155.435038,61.935876],[-155.433396,61.936461],[-155.431019,61.93755],[-155.427263,61.938369],[-155.425014,61.938959],[-155.423379,61.939686],[-155.421004,61.940845],[-155.416531,61.942594]]}},{"type":"Feature","properties":{"FaultName":"Denali (Farewell)","Change":"Revised","QfaultID":5000,"Feature":"Sinuous north-facing scarps in alluvium, colluvium, and glacial landforms; linear slope breaks and linear gullies","SlipSense1":"Thrust","SlipSense2":"Up-to-the-southeast"},"geometry":{"type":"LineString","coordinates":[[-154.337666,62.382477],[-154.33255,62.383791],[-154.327179,62.385282],[-154.321841,62.386252],[-154.316844,62.387161],[-154.313772,62.387792]]}},{"type":"Feature","properties":{"FaultName":"Denali (Farewell)","Change":"Revised","QfaultID":5000,"Feature":"Sinuous north-facing scarps in alluvium, colluvium, and glacial landforms; linear slope breaks and linear gullies","SlipSense1":"Thrust","SlipSense2":"Up-to-the-southeast"},"geometry":{"type":"LineString","coordinates":[[-154.296204,62.380637],[-154.294988,62.380846],[-154.293882,62.381018],[-154.292407,62.381305],[-154.29167,62.381477],[-154.289826,62.381765]]}},{"type":"Feature","properties":{"FaultName":"Denali (Farewell)","Change":"Revised","QfaultID":5000,"Feature":"Sinuous north-facing scarps in alluvium, colluvium, and glacial landforms; linear slope breaks and linear gullies","SlipSense1":"Thrust","SlipSense2":"Up-to-the-southeast"},"geometry":{"type":"LineString","coordinates":[[-154.303792,62.379331],[-154.300756,62.379854]]}},{"type":"Feature","properties":{"FaultName":"Denali (Farewell)","Change":"Revised","QfaultID":5000,"Feature":"Scarps and linear slope breaks","SlipSense1":"Strike-slip","SlipSense2":"Right-lateral"},"geometry":{"type":"LineString","coordinates":[[-153.168142,62.579564],[-153.166773,62.579783],[-153.164742,62.580151],[-153.161936,62.580774],[-153.159914,62.581082],[-153.156492,62.581595]]}},{"type":"Feature","properties":{"FaultName":"Denali (Farewell)","Change":"Revised","QfaultID":5000,"Feature":"Scarps in alluvium or colluvium and linear slope breaks","SlipSense1":"Strike-slip","SlipSense2":"Right-lateral"},"geometry":{"type":"LineString","coordinates":[[-153.070861,62.601912],[-153.068003,62.602426],[-153.063857,62.602814],[-153.059769,62.60355]]}},{"type":"Feature","properties":{"FaultName":"Denali (Tonzona-Muldrow)","Change":"Revised","QfaultID":5000,"Feature":"Scarps in alluvium or colluvium and linear slope breaks or depressions","SlipSense1":"Strike-slip","SlipSense2":"Right-lateral"},"geometry":{"type":"LineString","coordinates":[[-152.192749,62.788089],[-152.191162,62.788542],[-152.189835,62.789],[-152.188829,62.789295],[-152.187456,62.789633],[-152.186394,62.789999],[-152.185388,62.790294],[-152.184172,62.790634],[-152.183063,62.790904],[-152.181956,62.791151],[-152.181164,62.791354],[-152.180311,62.791699],[-152.179713,62.792118],[-152.178182,62.792501],[-152.176855,62.792934],[-152.176059,62.793209],[-152.174361,62.793756]]}},{"type":"Feature","properties":{"FaultName":"Denali (Tonzona-Muldrow)","Change":"Revised","QfaultID":5000,"Feature":"Scarps in alluvium or colluvium and linear slope breaks or depressions","SlipSense1":"Strike-slip","SlipSense2":"Right-lateral"},"geometry":{"type":"LineString","coordinates":[[-152.049668,62.835887],[-152.047682,62.836394],[-152.046308,62.8375],[-152.043935,62.837942],[-152.041684,62.838504],[-152.038894,62.839354],[-152.03378,62.839878]]}},{"type":"Feature","properties":{"FaultName":"Denali (Tonzona-Muldrow)","Change":"Revised","QfaultID":5000,"Feature":"Scarps in alluvium or colluvium and linear slope breaks or depressions","SlipSense1":"Strike-slip","SlipSense2":"Right-lateral"},"geometry":{"type":"LineString","coordinates":[[-151.998395,62.847094],[-151.99599,62.848008],[-151.993319,62.848978],[-151.990396,62.849826],[-151.983738,62.851984]]}},{"type":"Feature","properties":{"FaultName":"Denali (Tonzona-Muldrow)","Change":"Revised","QfaultID":5000,"Feature":"Scarps in alluvium or colluvium and linear slope breaks or depressions","SlipSense1":"Strike-slip","SlipSense2":"Right-lateral"},"geometry":{"type":"LineString","coordinates":[[-151.621255,62.978452],[-151.616317,62.980037],[-151.606951,62.982609],[-151.598909,62.984965]]}},{"type":"Feature","properties":{"FaultName":"Denali (Farewell)","Change":"Revised","QfaultID":5000,"Feature":"Scarps and linear slope breaks","SlipSense1":"Strike-slip","SlipSense2":"Right-lateral"},"geometry":{"type":"LineString","coordinates":[[-154.035044,62.425085],[-154.032579,62.425654],[-154.030884,62.425938],[-154.029266,62.426151],[-154.027186,62.426755],[-154.02472,62.427217],[-154.024027,62.427572],[-154.021407,62.427715],[-154.019172,62.428034],[-154.015859,62.428461]]}},{"type":"Feature","properties":{"FaultName":"Denali (Farewell)","Change":"Revised","QfaultID":5000,"Feature":"Scarps and linear slope breaks","SlipSense1":"Strike-slip","SlipSense2":"Right-lateral"},"geometry":{"type":"LineString","coordinates":[[-154.020714,62.428638],[-154.017401,62.429064],[-154.013316,62.429704],[-154.010157,62.430343],[-154.007383,62.430804],[-154.005302,62.431088],[-154.002835,62.431373],[-154.001217,62.431799],[-153.999598,62.432083],[-153.998134,62.432402],[-153.995513,62.433183]]}},{"type":"Feature","properties":{"FaultName":"Denali (Farewell)","Change":"Revised","QfaultID":5000,"Feature":"Scarps and linear slope breaks","SlipSense1":"Strike-slip","SlipSense2":"Right-lateral"},"geometry":{"type":"LineString","coordinates":[[-153.903748,62.448068],[-153.902637,62.448295],[-153.900456,62.448748],[-153.899386,62.448955],[-153.89811,62.449087],[-153.897246,62.4492],[-153.896382,62.449256],[-153.895724,62.449312]]}},{"type":"Feature","properties":{"FaultName":"Denali (Farewell)","Change":"Revised","QfaultID":5000,"Feature":"Scarps and linear slope breaks","SlipSense1":"Strike-slip","SlipSense2":"Right-lateral"},"geometry":{"type":"LineString","coordinates":[[-153.397577,62.532191],[-153.396024,62.532481],[-153.394859,62.532772],[-153.393565,62.533003],[-153.391359,62.533763],[-153.388898,62.534344],[-153.386699,62.534749],[-153.385017,62.535494],[-153.384083,62.535821],[-153.379947,62.536371],[-153.374778,62.536964],[-153.372808,62.537524],[-153.369884,62.538032],[-153.368166,62.538841],[-153.366535,62.539153],[-153.364042,62.539994],[-153.362096,62.540589],[-153.358914,62.541108],[-153.35674,62.541489],[-153.354021,62.542009],[-153.350283,62.5432],[-153.34624,62.54414],[-153.339556,62.545601],[-153.337772,62.545805],[-153.335371,62.545936],[-153.332655,62.546279],[-153.329552,62.546691],[-153.326447,62.547138]]}},{"type":"Feature","properties":{"FaultName":"Denali (Farewell)","Change":"Revised","QfaultID":5000,"Feature":"Scarps in alluvium or colluvium and linear slope breaks","SlipSense1":"Strike-slip","SlipSense2":"Right-lateral"},"geometry":{"type":"LineString","coordinates":[[-153.003133,62.61265],[-153.00144,62.613052],[-153.000588,62.613401],[-152.999482,62.613631],[-152.998498,62.614068],[-152.997254,62.614562],[-152.996727,62.614884],[-152.995362,62.615111],[-152.993866,62.615397],[-152.99283,62.615478],[-152.991984,62.61565],[-152.990234,62.615815],[-152.988875,62.615865],[-152.986605,62.616115]]}},{"type":"Feature","properties":{"FaultName":"Denali (Farewell)","Change":"Revised","QfaultID":5000,"Feature":"Scarps in alluvium or colluvium and linear slope breaks","SlipSense1":"Strike-slip","SlipSense2":"Right-lateral"},"geometry":{"type":"LineString","coordinates":[[-152.929487,62.636039],[-152.927373,62.636556],[-152.9255,62.636861],[-152.923774,62.637381],[-152.921897,62.637793],[-152.921191,62.638001]]}},{"type":"Feature","properties":{"FaultName":"Denali (Farewell)","Change":"Revised","QfaultID":5000,"Feature":"Scarps in alluvium or colluvium and linear slope breaks","SlipSense1":"Strike-slip","SlipSense2":"Right-lateral"},"geometry":{"type":"LineString","coordinates":[[-152.785125,62.6599],[-152.783634,62.660278],[-152.781374,62.660472],[-152.779342,62.660775],[-152.778171,62.660943]]}},{"type":"Feature","properties":{"FaultName":"Denali (Farewell)","Change":"Revised","QfaultID":5000,"Feature":"Scarps in alluvium or colluvium and linear slope breaks","SlipSense1":"Strike-slip","SlipSense2":"Right-lateral"},"geometry":{"type":"LineString","coordinates":[[-152.770588,62.662157],[-152.768639,62.662318],[-152.766616,62.662407],[-152.764365,62.662388]]}},{"type":"Feature","properties":{"FaultName":"Denali (Farewell)","Change":"Revised","QfaultID":5000,"Feature":"Scarps in alluvium or colluvium and linear slope breaks","SlipSense1":"Strike-slip","SlipSense2":"Right-lateral"},"geometry":{"type":"LineString","coordinates":[[-152.758181,62.663543],[-152.757009,62.66371],[-152.75622,62.664023],[-152.754657,62.664258],[-152.753557,62.664568],[-152.752379,62.664878]]}},{"type":"Feature","properties":{"FaultName":"Denali (Farewell)","Change":"Revised","QfaultID":5000,"Feature":"Scarps in alluvium or colluvium and linear slope breaks","SlipSense1":"Strike-slip","SlipSense2":"Right-lateral"},"geometry":{"type":"LineString","coordinates":[[-152.71999,62.674006],[-152.71897,62.674246],[-152.717481,62.674552],[-152.716139,62.675038],[-152.712376,62.675821],[-152.709873,62.676225],[-152.70736,62.676842],[-152.705792,62.677147],[-152.702966,62.677832]]}},{"type":"Feature","properties":{"FaultName":"Denali (Farewell)","Change":"Revised","QfaultID":5000,"Feature":"Scarps in alluvium or colluvium and linear slope breaks","SlipSense1":"Strike-slip","SlipSense2":"Right-lateral"},"geometry":{"type":"LineString","coordinates":[[-152.664524,62.68395],[-152.660784,62.684867],[-152.657922,62.684897],[-152.655167,62.685326],[-152.652414,62.685699],[-152.65026,62.686588],[-152.647492,62.687301],[-152.64411,62.687837],[-152.640867,62.688034],[-152.634594,62.689225]]}},{"type":"Feature","properties":{"FaultName":"Denali (Farewell)","Change":"Revised","QfaultID":5000,"Feature":"Scarps in alluvium or colluvium and linear slope breaks","SlipSense1":"Strike-slip","SlipSense2":"Right-lateral"},"geometry":{"type":"LineString","coordinates":[[-152.606214,62.697763],[-152.604701,62.698203],[-152.602201,62.698463],[-152.599565,62.698949],[-152.597425,62.699497],[-152.595662,62.699934],[-152.594397,62.700377]]}},{"type":"Feature","properties":{"FaultName":"Denali (Farewell)","Change":"Revised","QfaultID":5000,"Feature":"Scarps in alluvium or colluvium and linear slope breaks","SlipSense1":"Strike-slip","SlipSense2":"Right-lateral"},"geometry":{"type":"LineString","coordinates":[[-152.587988,62.701735],[-152.585355,62.702164],[-152.581565,62.703377],[-152.577057,62.703958],[-152.571057,62.704524],[-152.565932,62.704985]]}},{"type":"Feature","properties":{"FaultName":"Denali (Farewell)","Change":"Revised","QfaultID":5000,"Feature":"Scarps in alluvium or colluvium and linear slope breaks","SlipSense1":"Strike-slip","SlipSense2":"Right-lateral"},"geometry":{"type":"LineString","coordinates":[[-152.553949,62.707693],[-152.547945,62.708315],[-152.5427,62.708661],[-152.538686,62.709302]]}},{"type":"Feature","properties":{"FaultName":"Denali (Farewell)","Change":"Revised","QfaultID":5000,"Feature":"Scarps in alluvium or colluvium and linear slope breaks","SlipSense1":"Strike-slip","SlipSense2":"Right-lateral"},"geometry":{"type":"LineString","coordinates":[[-152.468846,62.724267],[-152.46385,62.724555],[-152.459091,62.725073],[-152.455962,62.725381]]}},{"type":"Feature","properties":{"FaultName":"Denali (Farewell)","Change":"Revised","QfaultID":5000,"Feature":"Scarps in alluvium or colluvium and linear slope breaks","SlipSense1":"Strike-slip","SlipSense2":"Right-lateral"},"geometry":{"type":"LineString","coordinates":[[-152.449309,62.72639],[-152.444811,62.726682],[-152.437802,62.727346],[-152.427517,62.728713]]}},{"type":"Feature","properties":{"FaultName":"Denali (Farewell)","Change":"Revised","QfaultID":5000,"Feature":"Scarps in alluvium or colluvium and linear slope breaks or depressions","SlipSense1":"Strike-slip","SlipSense2":"Right-lateral"},"geometry":{"type":"LineString","coordinates":[[-152.422612,62.734399],[-152.42022,62.734884],[-152.417324,62.735478],[-152.414184,62.735955],[-152.412283,62.73656],[-152.410267,62.736992],[-152.407616,62.737645],[-152.405339,62.738302]]}},{"type":"Feature","properties":{"FaultName":"Denali (Tonzona-Muldrow)","Change":"Revised","QfaultID":5000,"Feature":"Scarps in alluvium or colluvium and linear slope breaks or depressions","SlipSense1":"Strike-slip","SlipSense2":"Right-lateral"},"geometry":{"type":"LineString","coordinates":[[-151.798402,62.914045],[-151.794737,62.915601],[-151.79163,62.916643],[-151.78811,62.917632],[-151.783393,62.919266]]}},{"type":"Feature","properties":{"FaultName":"Denali (Tonzona-Muldrow)","Change":"Revised","QfaultID":5000,"Feature":"Scarps in alluvium or colluvium and linear slope breaks or depressions","SlipSense1":"Strike-slip","SlipSense2":"Right-lateral"},"geometry":{"type":"LineString","coordinates":[[-151.688202,62.956026],[-151.685336,62.956561],[-151.683201,62.95712],[-151.681439,62.957921],[-151.679051,62.958357],[-151.677019,62.959272],[-151.675,62.96001],[-151.67354,62.960283],[-151.671652,62.961023],[-151.6703,62.961594],[-151.666392,62.963071],[-151.662403,62.963896]]}},{"type":"Feature","properties":{"FaultName":"Denali (Tonzona-Muldrow)","Change":"Revised","QfaultID":5000,"Feature":"Scarps in alluvium or colluvium and linear slope breaks or depressions","SlipSense1":"Strike-slip","SlipSense2":"Right-lateral"},"geometry":{"type":"LineString","coordinates":[[-151.398391,63.042619],[-151.393982,63.044077],[-151.390309,63.045774],[-151.385493,63.047565],[-151.382733,63.048881],[-151.380666,63.04947],[-151.37858,63.050285],[-151.374752,63.050843],[-151.370558,63.052701],[-151.36736,63.054691]]}},{"type":"Feature","properties":{"FaultName":"Denali (Tonzona-Muldrow)","Change":"Revised","QfaultID":5000,"Feature":"Scarps in alluvium or colluvium and linear slope breaks or depressions","SlipSense1":"Strike-slip","SlipSense2":"Right-lateral"},"geometry":{"type":"LineString","coordinates":[[-151.30416,63.076634],[-151.302018,63.078017],[-151.300693,63.078732],[-151.29845,63.079828],[-151.295568,63.081026],[-151.29395,63.082191],[-151.292655,63.082565],[-151.291607,63.083001],[-151.289888,63.083879],[-151.285422,63.085844],[-151.284872,63.086346],[-151.283703,63.086722],[-151.282587,63.087896]]}},{"type":"Feature","properties":{"FaultName":"Denali (Tonzona-Muldrow)","Change":"Revised","QfaultID":5000,"Feature":"Scarps in alluvium or colluvium and linear slope breaks or depressions","SlipSense1":"Strike-slip","SlipSense2":"Right-lateral"},"geometry":{"type":"LineString","coordinates":[[-151.161868,63.126959],[-151.157677,63.128963],[-151.154592,63.130421],[-151.15134,63.131401],[-151.144975,63.134121]]}},{"type":"Feature","properties":{"FaultName":"Denali (Tonzona-Muldrow)","Change":"Revised","QfaultID":5000,"Feature":"Scarps in alluvium or colluvium and linear slope breaks or depressions","SlipSense1":"Strike-slip","SlipSense2":"Right-lateral"},"geometry":{"type":"LineString","coordinates":[[-151.068107,63.155744],[-151.061275,63.156651],[-151.057195,63.157423],[-151.052666,63.15847],[-151.046198,63.159952]]}},{"type":"Feature","properties":{"FaultName":"Denali (Tonzona-Muldrow)","Change":"Revised","QfaultID":5000,"Feature":"Scarps in alluvium or colluvium and linear slope breaks or depressions","SlipSense1":"Strike-slip","SlipSense2":"Right-lateral"},"geometry":{"type":"LineString","coordinates":[[-150.976481,63.182431],[-150.968922,63.184173],[-150.964329,63.185785],[-150.960003,63.186834],[-150.955208,63.188347],[-150.951264,63.189782],[-150.946296,63.190912]]}},{"type":"Feature","properties":{"FaultName":"Denali (west Muldrow-Alsek)","Change":"Revised","QfaultID":5000,"Feature":"Scarps and linear slope breaks or depressions","SlipSense1":"Strike-slip","SlipSense2":"Right-lateral"},"geometry":{"type":"LineString","coordinates":[[-150.195874,63.29916],[-150.192119,63.29969],[-150.18768,63.3006],[-150.182086,63.301595],[-150.177675,63.302278],[-150.173801,63.302747],[-150.170574,63.303119],[-150.166797,63.303819]]}},{"type":"Feature","properties":{"FaultName":"Denali (west Muldrow-Alsek)","Change":"Revised","QfaultID":5000,"Feature":"Scarps and linear slope breaks or depressions","SlipSense1":"Strike-slip","SlipSense2":"Right-lateral"},"geometry":{"type":"LineString","coordinates":[[-150.300258,63.290818],[-150.293762,63.29094],[-150.290186,63.291078],[-150.283958,63.291093],[-150.281403,63.2912],[-150.27749,63.290987],[-150.273549,63.291002],[-150.270107,63.291086],[-150.264624,63.291233],[-150.261197,63.291203],[-150.257107,63.291384],[-150.25232,63.29206],[-150.24623,63.292988],[-150.238959,63.293202],[-150.234728,63.293493],[-150.227461,63.294674],[-150.223045,63.295415]]}},{"type":"Feature","properties":{"FaultName":"Denali (west Muldrow-Alsek)","Change":"Revised","QfaultID":5000,"Feature":"Scarps and linear slope breaks or depressions","SlipSense1":"Strike-slip","SlipSense2":"Right-lateral"},"geometry":{"type":"LineString","coordinates":[[-150.051357,63.32524],[-150.046343,63.325619],[-150.040516,63.326374]]}},{"type":"Feature","properties":{"FaultName":"Denali (west Muldrow-Alsek)","Change":"Revised","QfaultID":5000,"Feature":"Scarps and linear slope breaks or depressions","SlipSense1":"Strike-slip","SlipSense2":"Right-lateral"},"geometry":{"type":"LineString","coordinates":[[-150.028767,63.326686],[-150.024537,63.326914],[-150.021463,63.32706],[-150.018001,63.327251],[-150.014167,63.327376],[-150.012107,63.327549],[-150.005338,63.328676],[-150.000831,63.329067],[-149.998114,63.329392]]}},{"type":"Feature","properties":{"FaultName":"Denali (west Muldrow-Alsek)","Change":"Revised","QfaultID":5000,"Feature":"Scarps and linear slope breaks or depressions","SlipSense1":"Strike-slip","SlipSense2":"Right-lateral"},"geometry":{"type":"LineString","coordinates":[[-149.961866,63.335754],[-149.957857,63.336215],[-149.954148,63.336341],[-149.951683,63.336673],[-149.948696,63.337103],[-149.944306,63.337553],[-149.940012,63.338232],[-149.935891,63.338575]]}},{"type":"Feature","properties":{"FaultName":"Denali (west Muldrow-Alsek)","Change":"Revised","QfaultID":5000,"Feature":"Scarps and linear slope breaks or depressions","SlipSense1":"Strike-slip","SlipSense2":"Right-lateral"},"geometry":{"type":"LineString","coordinates":[[-149.924255,63.338939],[-149.921505,63.33949],[-149.919659,63.339952],[-149.916664,63.340439],[-149.912257,63.341001],[-149.909872,63.341675],[-149.908184,63.341913],[-149.90678,63.341931],[-149.903531,63.342411],[-149.899885,63.342994],[-149.895089,63.343601],[-149.891966,63.344084],[-149.888961,63.344627],[-149.886211,63.345178],[-149.882398,63.34604],[-149.879893,63.346654],[-149.877942,63.346941],[-149.874493,63.347016],[-149.871139,63.347321],[-149.867158,63.347552],[-149.862615,63.348166],[-149.859641,63.348481],[-149.856533,63.34885],[-149.851973,63.349577],[-149.848198,63.350155],[-149.843646,63.350825],[-149.841283,63.351328],[-149.836984,63.352004],[-149.833232,63.352412]]}},{"type":"Feature","properties":{"FaultName":"Denali (west Muldrow-Alsek)","Change":"Revised","QfaultID":5000,"Feature":"Scarps and linear slope breaks or depressions","SlipSense1":"Strike-slip","SlipSense2":"Right-lateral"},"geometry":{"type":"LineString","coordinates":[[-149.801164,63.354868],[-149.798451,63.355132],[-149.795435,63.35573],[-149.79154,63.356246],[-149.789564,63.356703],[-149.786319,63.357123],[-149.782828,63.35748],[-149.779995,63.357684],[-149.777933,63.357853],[-149.775211,63.358174],[-149.773071,63.358512],[-149.769417,63.358892],[-149.764389,63.359005]]}},{"type":"Feature","properties":{"FaultName":"Denali (west Muldrow-Alsek)","Change":"Revised","QfaultID":5000,"Feature":"Scarps and linear slope breaks or depressions","SlipSense1":"Strike-slip","SlipSense2":"Right-lateral"},"geometry":{"type":"LineString","coordinates":[[-149.671076,63.36954],[-149.667011,63.370098],[-149.661872,63.370909],[-149.66008,63.371177],[-149.657251,63.37145],[-149.647199,63.372615],[-149.645306,63.373023],[-149.642794,63.373305],[-149.63905,63.373836]]}},{"type":"Feature","properties":{"FaultName":"Denali (west Muldrow-Alsek)","Change":"Revised","QfaultID":5000,"Feature":"Scarps and linear slope breaks or depressions","SlipSense1":"Strike-slip","SlipSense2":"Right-lateral"},"geometry":{"type":"LineString","coordinates":[[-149.631261,63.374781],[-149.628241,63.375262],[-149.62483,63.375696]]}},{"type":"Feature","properties":{"FaultName":"Denali (west Muldrow-Alsek)","Change":"Revised","QfaultID":5000,"Feature":"Scarps and linear slope breaks or depressions","SlipSense1":"Strike-slip","SlipSense2":"Right-lateral"},"geometry":{"type":"LineString","coordinates":[[-149.621603,63.375957],[-149.620196,63.376307],[-149.619133,63.376489],[-149.617832,63.376664],[-149.61625,63.376582],[-149.61405,63.376908]]}},{"type":"Feature","properties":{"FaultName":"Denali (west Muldrow-Alsek)","Change":"Revised","QfaultID":5000,"Feature":"Scarps and linear slope breaks or depressions","SlipSense1":"Strike-slip","SlipSense2":"Right-lateral"},"geometry":{"type":"LineString","coordinates":[[-149.59607,63.378833],[-149.593885,63.379053],[-149.591288,63.379367]]}},{"type":"Feature","properties":{"FaultName":"Denali (west Muldrow-Alsek)","Change":"Revised","QfaultID":5000,"Feature":"Scarps and linear slope breaks or depressions","SlipSense1":"Strike-slip","SlipSense2":"Right-lateral"},"geometry":{"type":"LineString","coordinates":[[-149.584648,63.38006],[-149.582611,63.380355],[-149.580516,63.380507],[-149.578659,63.380665],[-149.576246,63.380807],[-149.573447,63.380866],[-149.571394,63.380733],[-149.568876,63.38105],[-149.567257,63.381215],[-149.56514,63.381508],[-149.562495,63.381607],[-149.560712,63.381803]]}},{"type":"Feature","properties":{"FaultName":"Denali (west Muldrow-Alsek)","Change":"Revised","QfaultID":5000,"Feature":"Scarps and linear slope breaks or depressions","SlipSense1":"Strike-slip","SlipSense2":"Right-lateral"},"geometry":{"type":"LineString","coordinates":[[-149.550778,63.383713],[-149.548926,63.383835],[-149.546238,63.384217],[-149.542978,63.384689],[-149.540543,63.384972],[-149.538675,63.385201],[-149.536495,63.385385],[-149.533817,63.385696],[-149.529531,63.385567],[-149.526017,63.385603],[-149.52237,63.385992],[-149.519475,63.386154],[-149.516167,63.38641],[-149.514055,63.386667],[-149.511837,63.387098],[-149.508073,63.387732]]}},{"type":"Feature","properties":{"FaultName":"Denali (west Muldrow-Alsek)","Change":"Revised","QfaultID":5000,"Feature":"Scarps and linear slope breaks or depressions","SlipSense1":"Strike-slip","SlipSense2":"Right-lateral"},"geometry":{"type":"LineString","coordinates":[[-149.533817,63.385696],[-149.525343,63.386366],[-149.520553,63.386934],[-149.517811,63.387136],[-149.512009,63.388065],[-149.503163,63.389079],[-149.498309,63.389537],[-149.495075,63.389831],[-149.490655,63.390053],[-149.484065,63.390386],[-149.481328,63.390552],[-149.477579,63.391079],[-149.474937,63.391141],[-149.47292,63.391293],[-149.471618,63.391467],[-149.470173,63.39153],[-149.467742,63.391776]]}},{"type":"Feature","properties":{"FaultName":"Denali (west Muldrow-Alsek)","Change":"Revised","QfaultID":5000,"Feature":"Scarps and linear slope breaks or depressions","SlipSense1":"Strike-slip","SlipSense2":"Right-lateral"},"geometry":{"type":"LineString","coordinates":[[-149.464888,63.392188],[-149.463522,63.392253],[-149.461335,63.392471],[-149.459291,63.3928],[-149.45749,63.393101],[-149.454175,63.393391],[-149.451988,63.393609],[-149.448186,63.393956],[-149.447127,63.394101],[-149.444934,63.394354],[-149.442764,63.394466],[-149.440519,63.394539],[-149.438693,63.394483],[-149.43604,63.394616],[-149.433831,63.394975],[-149.431655,63.395122]]}},{"type":"Feature","properties":{"FaultName":"Denali (west Muldrow-Alsek)","Change":"Revised","QfaultID":5000,"Feature":"Scarps and linear slope breaks or depressions","SlipSense1":"Strike-slip","SlipSense2":"Right-lateral"},"geometry":{"type":"LineString","coordinates":[[-149.42926,63.395653],[-149.424091,63.396064],[-149.420549,63.396275],[-149.416853,63.396446],[-149.414216,63.396471],[-149.411785,63.396717],[-149.409978,63.397053],[-149.406435,63.397264],[-149.402169,63.398022],[-149.394637,63.39875],[-149.389541,63.399197],[-149.38508,63.399664],[-149.380715,63.400027],[-149.377054,63.400483],[-149.374786,63.400697],[-149.37253,63.400841],[-149.371481,63.400915],[-149.369383,63.401063],[-149.367354,63.401285],[-149.364043,63.401537],[-149.359757,63.401902],[-149.355646,63.402165],[-149.351774,63.402436],[-149.349131,63.402496],[-149.345486,63.402845],[-149.34307,63.402983],[-149.339663,63.403339]]}},{"type":"Feature","properties":{"FaultName":"Denali (west Muldrow-Alsek)","Change":"Revised","QfaultID":5000,"Feature":"Scarps and linear slope breaks or depressions","SlipSense1":"Strike-slip","SlipSense2":"Right-lateral"},"geometry":{"type":"LineString","coordinates":[[-149.322828,63.40484],[-149.321127,63.405],[-149.318445,63.405307],[-149.315791,63.405437],[-149.313437,63.405683],[-149.310199,63.405973]]}},{"type":"Feature","properties":{"FaultName":"Denali (west Muldrow-Alsek)","Change":"Revised","QfaultID":5000,"Feature":"Scarps and linear slope breaks or depressions","SlipSense1":"Strike-slip","SlipSense2":"Right-lateral"},"geometry":{"type":"LineString","coordinates":[[-149.299527,63.407345],[-149.296526,63.407642],[-149.294252,63.40789],[-149.291008,63.408215],[-149.288115,63.408337],[-149.285535,63.408504],[-149.282874,63.408669],[-149.279738,63.408819],[-149.277236,63.408989],[-149.273788,63.409093],[-149.271695,63.409204],[-149.269034,63.409369],[-149.265183,63.409495],[-149.262783,63.409526],[-149.259709,63.409784],[-149.256629,63.410077],[-149.254116,63.410318],[-149.251353,63.410621],[-149.248079,63.411122],[-149.241663,63.411807],[-149.239206,63.412191],[-149.237425,63.412348],[-149.233941,63.412663],[-149.229561,63.413093]]}},{"type":"Feature","properties":{"FaultName":"Denali (west Muldrow-Alsek)","Change":"Revised","QfaultID":5000,"Feature":"Scarps and linear slope breaks or depressions","SlipSense1":"Strike-slip","SlipSense2":"Right-lateral"},"geometry":{"type":"LineString","coordinates":[[-149.211102,63.415669],[-149.208027,63.415926],[-149.205507,63.416201],[-149.203419,63.416276],[-149.200769,63.416368],[-149.198216,63.416357],[-149.194357,63.416517],[-149.191242,63.416524]]}},{"type":"Feature","properties":{"FaultName":"Denali (west Muldrow-Alsek)","Change":"Revised","QfaultID":5000,"Feature":"Scarps and linear slope breaks or depressions","SlipSense1":"Strike-slip","SlipSense2":"Right-lateral"},"geometry":{"type":"LineString","coordinates":[[-149.141743,63.422322],[-149.137322,63.422498],[-149.133786,63.422632],[-149.132383,63.422907],[-149.128994,63.423116],[-149.127676,63.423358],[-149.125684,63.423328],[-149.122937,63.423523],[-149.118548,63.423985],[-149.116106,63.424261],[-149.112846,63.424652],[-149.110825,63.424799],[-149.107083,63.425211],[-149.10397,63.425678],[-149.100454,63.426168],[-149.093799,63.426803],[-149.091498,63.42719],[-149.089429,63.427621],[-149.086237,63.428085],[-149.083612,63.428497]]}},{"type":"Feature","properties":{"FaultName":"Denali (west Muldrow-Alsek)","Change":"Revised","QfaultID":5000,"Feature":"Scarps and linear slope breaks or depressions","SlipSense1":"Strike-slip","SlipSense2":"Right-lateral"},"geometry":{"type":"LineString","coordinates":[[-149.05196,63.429549],[-149.050044,63.430019],[-149.048664,63.430151],[-149.04539,63.430612],[-149.039192,63.431368],[-149.037202,63.4318],[-149.034043,63.432051],[-149.031435,63.432355],[-149.02906,63.432703],[-149.026793,63.432877],[-149.022846,63.433066]]}},{"type":"Feature","properties":{"FaultName":"Denali (west Muldrow-Alsek)","Change":"Revised","QfaultID":5000,"Feature":"Scarps and linear slope breaks or depressions","SlipSense1":"Strike-slip","SlipSense2":"Right-lateral"},"geometry":{"type":"LineString","coordinates":[[-149.00045,63.436981],[-148.996949,63.437362],[-148.994181,63.437661],[-148.990056,63.437949],[-148.987276,63.438319],[-148.984924,63.438525],[-148.982412,63.438725],[-148.975562,63.439527],[-148.972213,63.439948],[-148.967826,63.44037],[-148.963976,63.440916],[-148.961275,63.441288],[-148.95949,63.441441],[-148.956263,63.441617],[-148.953727,63.441958],[-148.950163,63.442229],[-148.946429,63.442565],[-148.942437,63.443],[-148.939992,63.443273],[-148.928892,63.444142],[-148.925101,63.444333],[-148.919887,63.44444],[-148.917007,63.444449]]}},{"type":"Feature","properties":{"FaultName":"Denali (west Muldrow-Alsek)","Change":"Revised","QfaultID":5000,"Feature":"Scarps and linear slope breaks or depressions","SlipSense1":"Strike-slip","SlipSense2":"Right-lateral"},"geometry":{"type":"LineString","coordinates":[[-148.884007,63.449474],[-148.880357,63.449862],[-148.87841,63.450023],[-148.874624,63.450462],[-148.872784,63.450741],[-148.869418,63.450967],[-148.867324,63.451237],[-148.864731,63.451432],[-148.861081,63.451819],[-148.857284,63.452315],[-148.854006,63.452772],[-148.850708,63.453342],[-148.847312,63.453737],[-148.842517,63.454084],[-148.836487,63.454901]]}},{"type":"Feature","properties":{"FaultName":"Denali (west Muldrow-Alsek)","Change":"Revised","QfaultID":5000,"Feature":"Scarps and linear slope breaks or depressions","SlipSense1":"Strike-slip","SlipSense2":"Right-lateral"},"geometry":{"type":"LineString","coordinates":[[-148.820714,63.451445],[-148.818023,63.451466],[-148.815537,63.451778],[-148.810684,63.451723],[-148.806241,63.452252],[-148.801924,63.452785],[-148.798156,63.45311],[-148.793203,63.453621],[-148.787751,63.454057],[-148.779873,63.454465],[-148.775214,63.454758],[-148.771593,63.454972],[-148.768108,63.455135],[-148.764976,63.455481],[-148.760092,63.455594],[-148.75559,63.455721],[-148.748672,63.455762],[-148.745579,63.45588],[-148.740889,63.456342],[-148.736856,63.456712],[-148.732608,63.456847],[-148.728859,63.457056]]}},{"type":"Feature","properties":{"FaultName":"Denali (west Muldrow-Alsek)","Change":"Revised","QfaultID":5000,"Feature":"Scarps and linear slope breaks or depressions","SlipSense1":"Strike-slip","SlipSense2":"Right-lateral"},"geometry":{"type":"LineString","coordinates":[[-148.723161,63.457425],[-148.721253,63.457357],[-148.718023,63.457527],[-148.714823,63.457528],[-148.710967,63.457619],[-148.70797,63.457911],[-148.703544,63.458324],[-148.698172,63.458304],[-148.692937,63.458231],[-148.687936,63.458281],[-148.680253,63.458291]]}},{"type":"Feature","properties":{"FaultName":"Denali (west Muldrow-Alsek)","Change":"Revised","QfaultID":5000,"Feature":"Scarps and linear slope breaks or depressions","SlipSense1":"Strike-slip","SlipSense2":"Right-lateral"},"geometry":{"type":"LineString","coordinates":[[-148.671654,63.459481],[-148.66994,63.459669],[-148.66773,63.459946],[-148.664705,63.460301],[-148.662844,63.460494],[-148.65369,63.46086],[-148.650728,63.461046],[-148.646139,63.461202],[-148.642517,63.461321],[-148.638319,63.461526],[-148.635246,63.461701],[-148.632565,63.461925],[-148.628547,63.462457],[-148.62633,63.462769],[-148.621966,63.463003],[-148.61514,63.463576],[-148.612611,63.463737],[-148.610181,63.463899],[-148.608651,63.46395],[-148.606756,63.46381],[-148.604657,63.463912],[-148.601412,63.464151],[-148.599703,63.464303],[-148.597664,63.464514],[-148.595571,63.46458],[-148.593485,63.464612],[-148.592101,63.46474],[-148.588869,63.464907],[-148.586266,63.465133],[-148.583597,63.465286],[-148.581577,63.46539],[-148.579418,63.465383],[-148.577828,63.465325],[-148.576775,63.465394],[-148.572887,63.465644],[-148.570642,63.465669],[-148.566741,63.46599],[-148.563687,63.466057],[-148.560416,63.466436],[-148.557375,63.466432],[-148.551558,63.46629],[-148.546702,63.466148],[-148.5418,63.465826],[-148.525642,63.465339],[-148.521992,63.465169],[-148.517931,63.465055],[-148.514042,63.464876],[-148.508373,63.465237],[-148.503305,63.465799],[-148.49788,63.466133],[-148.495787,63.466198],[-148.49009,63.4667],[-148.486685,63.46693],[-148.485208,63.467125],[-148.483035,63.467187],[-148.480286,63.467335],[-148.476907,63.467423],[-148.47335,63.467612],[-148.469719,63.467762],[-148.46591,63.468013],[-148.463552,63.46821],[-148.461736,63.468071],[-148.458967,63.467897],[-148.456934,63.467643],[-148.455105,63.467575],[-148.452701,63.467592],[-148.451124,63.467462],[-148.446971,63.466986]]}},{"type":"Feature","properties":{"FaultName":"Purkeypile","Change":"Added","QfaultID":0,"Feature":"Range-bounding north-tilted surfaces (Qs on Alaska State Geologic Map); displacement-gradient fold?","SlipSense1":"Thrust","SlipSense2":"Blind, north-vergent"},"geometry":{"type":"LineString","coordinates":[[-153.273545,62.63174],[-153.256491,62.641713],[-153.241925,62.655248],[-153.20073,62.678246],[-153.164717,62.6993],[-153.12591,62.718388],[-153.109022,62.730242],[-153.07598,62.741006],[-153.041042,62.74803],[-152.995888,62.756499],[-152.967874,62.760676],[-152.942486,62.763771],[-152.902827,62.773983],[-152.873591,62.782786],[-152.860773,62.786681],[-152.820282,62.798915],[-152.789357,62.809189],[-152.763497,62.821253]]}},{"type":"Feature","properties":{"FaultName":"Peters Dome (western)","Change":"Added","QfaultID":0,"Feature":"North-facing scarps and linear slope breaks","SlipSense1":"Thrust","SlipSense2":"Up-to-the-south"},"geometry":{"type":"LineString","coordinates":[[-152.071754,62.955338],[-152.069188,62.956204],[-152.066619,62.957118],[-152.063453,62.957549],[-152.058793,62.958435],[-152.055443,62.960096],[-152.052827,62.961719],[-152.050343,62.962918],[-152.047677,62.963687],[-152.044627,62.963931],[-152.040864,62.963881],[-152.037983,62.964742],[-152.034465,62.965737],[-152.031817,62.966223],[-152.030433,62.966583]]}},{"type":"Feature","properties":{"FaultName":"Stampede","Change":"Revised","QfaultID":5537,"Feature":"South-facing scarps in alluvium","SlipSense1":"Thrust","SlipSense2":"Up-to-the-north"},"geometry":{"type":"LineString","coordinates":[[-149.381587,63.913244],[-149.386051,63.912126],[-149.390292,63.910773],[-149.396084,63.909468],[-149.401333,63.906664],[-149.404948,63.905976],[-149.407427,63.905082],[-149.411269,63.903774],[-149.413048,63.9032]]}},{"type":"Feature","properties":{"FaultName":"Stampede","Change":"Revised","QfaultID":5537,"Feature":"South-facing scarps in alluvium","SlipSense1":"Thrust","SlipSense2":"Up-to-the-north"},"geometry":{"type":"LineString","coordinates":[[-149.40417,63.903501],[-149.406007,63.901732],[-149.407969,63.900823],[-149.409609,63.900303],[-149.411231,63.899896],[-149.413794,63.89929]]}},{"type":"Feature","properties":{"FaultName":"Stampede","Change":"Revised","QfaultID":5537,"Feature":"South-facing scarps in alluvium","SlipSense1":"Thrust","SlipSense2":"Up-to-the-north"},"geometry":{"type":"LineString","coordinates":[[-149.419921,63.897481],[-149.425459,63.89611]]}},{"type":"Feature","properties":{"FaultName":"Stampede","Change":"Revised","QfaultID":5537,"Feature":"South-facing scarps in alluvium","SlipSense1":"Thrust","SlipSense2":"Up-to-the-north"},"geometry":{"type":"LineString","coordinates":[[-149.44898,63.891804],[-149.455132,63.891477],[-149.458855,63.890905],[-149.461777,63.890479],[-149.465741,63.890029],[-149.468956,63.889384],[-149.471343,63.889057],[-149.473586,63.887984],[-149.4757,63.886907],[-149.479141,63.885642],[-149.482158,63.884593],[-149.484201,63.88397],[-149.486787,63.883192],[-149.491111,63.882923]]}},{"type":"Feature","properties":{"FaultName":"Stampede","Change":"Revised","QfaultID":5537,"Feature":"South-facing scarps in alluvium","SlipSense1":"Thrust","SlipSense2":"Up-to-the-north"},"geometry":{"type":"LineString","coordinates":[[-149.527207,63.879427],[-149.533453,63.877475],[-149.537527,63.875577],[-149.541064,63.872772],[-149.545021,63.870752],[-149.54947,63.869043]]}},{"type":"Feature","properties":{"FaultName":"Stampede","Change":"Revised","QfaultID":5537,"Feature":"North-facing scarps","SlipSense1":"Thrust","SlipSense2":"Up-to-the-south"},"geometry":{"type":"LineString","coordinates":[[-149.848428,63.827686],[-149.83948,63.831427],[-149.833774,63.835115],[-149.823291,63.838244],[-149.815609,63.839882],[-149.809518,63.841707],[-149.802618,63.844649],[-149.80076,63.846307],[-149.795574,63.848584],[-149.784498,63.851266],[-149.775616,63.854436]]}},{"type":"Feature","properties":{"FaultName":"Stampede","Change":"Revised","QfaultID":5537,"Feature":"North-facing scarps","SlipSense1":"Thrust","SlipSense2":"Up-to-the-south"},"geometry":{"type":"LineString","coordinates":[[-149.763562,63.845979],[-149.75851,63.84954],[-149.752976,63.851949],[-149.747152,63.856343],[-149.740201,63.859566],[-149.734238,63.862674],[-149.723952,63.866514]]}},{"type":"Feature","properties":{"FaultName":"Stampede","Change":"Revised","QfaultID":5537,"Feature":"South-facing scarp","SlipSense1":"Thrust","SlipSense2":"Up-to-the-north"},"geometry":{"type":"LineString","coordinates":[[-149.858749,63.855317],[-149.868752,63.853312],[-149.88331,63.851147],[-149.891154,63.850648],[-149.899703,63.849742],[-149.910103,63.847175],[-149.920119,63.845025]]}},{"type":"Feature","properties":{"FaultName":"Healy Creek","Change":"Revised","QfaultID":5219,"Feature":"South-facing scarps in alluvium","SlipSense1":"Thrust","SlipSense2":"Up-to-the-north"},"geometry":{"type":"LineString","coordinates":[[-149.215451,63.899322],[-149.231512,63.896409],[-149.24554,63.892005],[-149.261755,63.888096],[-149.274623,63.884794],[-149.285252,63.883274],[-149.297078,63.880365],[-149.304914,63.878043],[-149.316344,63.875548],[-149.324545,63.872952],[-149.331963,63.871187],[-149.338203,63.868672],[-149.347023,63.866236],[-149.353448,63.864582],[-149.360517,63.862947],[-149.368965,63.860784],[-149.37562,63.859705]]}},{"type":"Feature","properties":{"FaultName":"Park Road","Change":"Revised","QfaultID":5534,"Feature":"North-facing scarp in alluvium","SlipSense1":"Thrust","SlipSense2":"Up-to-the-south"},"geometry":{"type":"LineString","coordinates":[[-149.028505,63.717942],[-149.024339,63.718146],[-149.020103,63.718006]]}},{"type":"Feature","properties":{"FaultName":"Park Road","Change":"Revised","QfaultID":5534,"Feature":"South-facing scarps in alluvium","SlipSense1":"Thrust","SlipSense2":"Up-to-the-north"},"geometry":{"type":"LineString","coordinates":[[-149.017989,63.715256],[-149.022145,63.715108],[-149.027122,63.715445],[-149.036408,63.714726],[-149.042502,63.715326]]}},{"type":"Feature","properties":{"FaultName":"Park Road","Change":"Revised","QfaultID":5534,"Feature":"South-facing scarps in alluvium","SlipSense1":"Thrust","SlipSense2":"Up-to-the-north"},"geometry":{"type":"LineString","coordinates":[[-149.062097,63.716999],[-149.06417,63.716953],[-149.06649,63.716972]]}},{"type":"Feature","properties":{"FaultName":"Park Road","Change":"Revised","QfaultID":5534,"Feature":"South-facing scarps in alluvium","SlipSense1":"Thrust","SlipSense2":"Up-to-the-north"},"geometry":{"type":"LineString","coordinates":[[-149.106143,63.719125],[-149.108924,63.718703],[-149.11084,63.718822],[-149.11327,63.718958],[-149.115024,63.718503],[-149.118813,63.718227],[-149.122969,63.718077],[-149.127015,63.717809],[-149.130585,63.717298],[-149.135225,63.717334]]}},{"type":"Feature","properties":{"FaultName":"Park Road","Change":"Revised","QfaultID":5534,"Feature":"South-facing scarps in alluvium","SlipSense1":"Thrust","SlipSense2":"Up-to-the-north"},"geometry":{"type":"LineString","coordinates":[[-149.14344,63.722275],[-149.147909,63.721792],[-149.152986,63.720759],[-149.15675,63.719855],[-149.160319,63.719343],[-149.163144,63.719434],[-149.165298,63.719674],[-149.166996,63.719558],[-149.170754,63.720249],[-149.173506,63.719995],[-149.178185,63.719804],[-149.181836,63.719579]]}},{"type":"Feature","properties":{"FaultName":"Park Road","Change":"Revised","QfaultID":5534,"Feature":"South-facing scarps in alluvium","SlipSense1":"Thrust","SlipSense2":"Up-to-the-north"},"geometry":{"type":"LineString","coordinates":[[-149.199658,63.718725],[-149.205373,63.718508],[-149.207739,63.718242],[-149.210629,63.717935],[-149.213656,63.717576],[-149.217619,63.717018],[-149.220563,63.717169],[-149.2238,63.717101]]}},{"type":"Feature","properties":{"FaultName":"Park Road","Change":"Revised","QfaultID":5534,"Feature":"South-facing scarps in alluvium","SlipSense1":"Thrust","SlipSense2":"Up-to-the-north"},"geometry":{"type":"LineString","coordinates":[[-149.216264,63.726893],[-149.221687,63.726097],[-149.22633,63.725333],[-149.229953,63.725277],[-149.234063,63.725407],[-149.237741,63.725809],[-149.242346,63.726069]]}},{"type":"Feature","properties":{"FaultName":"Park Road","Change":"Revised","QfaultID":5534,"Feature":"South-facing scarps in alluvium","SlipSense1":"Thrust","SlipSense2":"Up-to-the-north"},"geometry":{"type":"LineString","coordinates":[[-149.25108,63.725548],[-149.253034,63.725438],[-149.254841,63.725438],[-149.255988,63.725532],[-149.258043,63.725597],[-149.259777,63.725252],[-149.262281,63.724932],[-149.264501,63.724774],[-149.26674,63.724503],[-149.269473,63.724361]]}},{"type":"Feature","properties":{"FaultName":"Park Road","Change":"Revised","QfaultID":5534,"Feature":"South-facing scarps in alluvium","SlipSense1":"Thrust","SlipSense2":"Up-to-the-north"},"geometry":{"type":"LineString","coordinates":[[-149.306059,63.726421],[-149.312001,63.724783],[-149.3149,63.724418],[-149.318027,63.72423],[-149.320898,63.724035],[-149.325649,63.723385],[-149.329335,63.722929],[-149.332875,63.722584],[-149.33692,63.72231],[-149.340653,63.722369],[-149.344267,63.722367]]}},{"type":"Feature","properties":{"FaultName":"Park Road","Change":"Revised","QfaultID":5534,"Feature":"South-facing scarps in alluvium","SlipSense1":"Thrust","SlipSense2":"Up-to-the-north"},"geometry":{"type":"LineString","coordinates":[[-149.430463,63.719145],[-149.43246,63.71875],[-149.435272,63.718095],[-149.4378,63.717602],[-149.439806,63.71715],[-149.440444,63.716371],[-149.443667,63.715557],[-149.444724,63.714564],[-149.447585,63.714422],[-149.450533,63.713714],[-149.453043,63.713334],[-149.455142,63.713113],[-149.457377,63.712838],[-149.460051,63.712235],[-149.463751,63.711663]]}},{"type":"Feature","properties":{"FaultName":"Park Road","Change":"Revised","QfaultID":5534,"Feature":"South-facing scarps in alluvium","SlipSense1":"Thrust","SlipSense2":"Up-to-the-north"},"geometry":{"type":"LineString","coordinates":[[-149.492718,63.711757],[-149.496947,63.711941],[-149.499883,63.712143],[-149.504703,63.711832],[-149.508838,63.711785],[-149.512484,63.712407],[-149.515548,63.712612],[-149.518236,63.712749],[-149.521969,63.712804],[-149.530691,63.713975],[-149.534946,63.713988],[-149.541169,63.714629]]}},{"type":"Feature","properties":{"FaultName":"Denali (west Muldrow-Alsek)","Change":"Revised","QfaultID":5000,"Feature":"Scarps and linear slope breaks or depressions","SlipSense1":"Strike-slip","SlipSense2":"Right-lateral"},"geometry":{"type":"LineString","coordinates":[[-148.438938,63.469681],[-148.43591,63.470031],[-148.43432,63.469972],[-148.431318,63.47018],[-148.428522,63.470575],[-148.426071,63.470412],[-148.421804,63.470537],[-148.418789,63.470388],[-148.415987,63.47039],[-148.412846,63.470486],[-148.410818,63.471051],[-148.406191,63.471805],[-148.402454,63.472092],[-148.398073,63.47239],[-148.395807,63.472519],[-148.391135,63.472664],[-148.389518,63.472746],[-148.387113,63.472762],[-148.383745,63.473205],[-148.380484,63.47351],[-148.378132,63.473671],[-148.374069,63.473981],[-148.370158,63.474332],[-148.367255,63.474436],[-148.360866,63.474764],[-148.358561,63.474677],[-148.356248,63.474625],[-148.353763,63.474638],[-148.352073,63.47468],[-148.349073,63.47446],[-148.346681,63.474404],[-148.34468,63.4744],[-148.343135,63.474519],[-148.341121,63.474585],[-148.338377,63.474695],[-148.336117,63.474787],[-148.334002,63.474956],[-148.331635,63.475187],[-148.329455,63.475282],[-148.325205,63.475726],[-148.322858,63.475851]]}},{"type":"Feature","properties":{"FaultName":"Denali (west Muldrow-Alsek)","Change":"Revised","QfaultID":5000,"Feature":"Scarps and linear slope breaks or depressions","SlipSense1":"Strike-slip","SlipSense2":"Right-lateral"},"geometry":{"type":"LineString","coordinates":[[-148.067999,63.489287],[-148.065361,63.489253],[-148.06195,63.489474],[-148.059247,63.489366],[-148.056789,63.489232],[-148.054874,63.489191],[-148.050153,63.488753],[-148.046647,63.488256],[-148.041413,63.487583],[-148.036049,63.487154],[-148.031228,63.486818],[-148.02901,63.486693],[-148.019904,63.486934],[-148.014708,63.486868],[-148.010545,63.486843],[-148.005378,63.487027],[-148.00235,63.486941],[-147.994422,63.486907],[-147.989305,63.487235],[-147.984311,63.487354],[-147.978479,63.487654],[-147.974439,63.488203],[-147.97196,63.488174],[-147.968295,63.488454],[-147.965853,63.48864],[-147.963561,63.488869],[-147.961718,63.488865],[-147.959969,63.489187],[-147.958083,63.489395],[-147.95694,63.489492]]}},{"type":"Feature","properties":{"FaultName":"Denali (west Muldrow-Alsek)","Change":"Revised","QfaultID":5000,"Feature":"Scarps and linear slope breaks or depressions","SlipSense1":"Strike-slip","SlipSense2":"Right-lateral"},"geometry":{"type":"LineString","coordinates":[[-147.953659,63.489858],[-147.951223,63.490009],[-147.946857,63.490188],[-147.944262,63.490332],[-147.942296,63.490537],[-147.940547,63.490466],[-147.939029,63.49044],[-147.93715,63.490613],[-147.933312,63.490564],[-147.930847,63.490856],[-147.928288,63.490823],[-147.925931,63.490976],[-147.922765,63.491168],[-147.920322,63.491354],[-147.918457,63.491456],[-147.915948,63.491567],[-147.913541,63.491576],[-147.910498,63.491559]]}},{"type":"Feature","properties":{"FaultName":"Denali (west Muldrow-Alsek)","Change":"Revised","QfaultID":5000,"Feature":"Scarps and linear slope breaks or depressions","SlipSense1":"Strike-slip","SlipSense2":"Right-lateral"},"geometry":{"type":"LineString","coordinates":[[-147.886662,63.49554],[-147.882302,63.495682],[-147.878037,63.495757],[-147.875846,63.495881],[-147.873807,63.496047],[-147.870821,63.496138],[-147.867481,63.496],[-147.863795,63.495991],[-147.860585,63.496001],[-147.856449,63.496223]]}},{"type":"Feature","properties":{"FaultName":"Denali (west Muldrow-Alsek)","Change":"Revised","QfaultID":5000,"Feature":"Scarps and linear slope breaks or depressions","SlipSense1":"Strike-slip","SlipSense2":"Right-lateral"},"geometry":{"type":"LineString","coordinates":[[-147.847692,63.496682],[-147.845444,63.496696],[-147.843029,63.496739],[-147.841583,63.496751],[-147.839399,63.496839],[-147.837223,63.496891],[-147.835516,63.496999],[-147.83368,63.496959],[-147.831382,63.496828],[-147.828604,63.497069],[-147.826739,63.49717],[-147.824801,63.497233],[-147.823015,63.497337]]}},{"type":"Feature","properties":{"FaultName":"Denali (west Muldrow-Alsek)","Change":"Revised","QfaultID":5000,"Feature":"Scarps and linear slope breaks or depressions","SlipSense1":"Strike-slip","SlipSense2":"Right-lateral"},"geometry":{"type":"LineString","coordinates":[[-147.681213,63.509406],[-147.676567,63.509114],[-147.670216,63.508796],[-147.665157,63.508438],[-147.663122,63.508447],[-147.65831,63.508432],[-147.655266,63.50816],[-147.651525,63.508143],[-147.646905,63.508232],[-147.644118,63.508255],[-147.639891,63.508503],[-147.636078,63.508816],[-147.632094,63.508931],[-147.627262,63.50901],[-147.623329,63.508889],[-147.620744,63.508969],[-147.616982,63.509045],[-147.614215,63.508974],[-147.609352,63.509194],[-147.603248,63.509217],[-147.599643,63.509062],[-147.596186,63.508723],[-147.592697,63.508526]]}},{"type":"Feature","properties":{"FaultName":"Holitna (Denali)","Change":"Revised","QfaultID":5000,"Feature":"Scarps and linear slope breaks","SlipSense1":"Strike-slip","SlipSense2":"Right-lateral"},"geometry":{"type":"LineString","coordinates":[[-158.136592,61.062062],[-158.136439,61.062399],[-158.136129,61.062669],[-158.13577,61.06294],[-158.135334,61.06338],[-158.13476,61.063895],[-158.134343,61.064097],[-158.13403,61.064343],[-158.133671,61.064615],[-158.133557,61.064879],[-158.133281,61.065029],[-158.132692,61.065426],[-158.13183,61.065997]]}},{"type":"Feature","properties":{"FaultName":"Holitna (Denali)","Change":"Revised","QfaultID":5000,"Feature":"Scarps and linear slope breaks","SlipSense1":"Strike-slip","SlipSense2":"Right-lateral"},"geometry":{"type":"LineString","coordinates":[[-158.144747,61.050488],[-158.144244,61.050787],[-158.14402,61.05096],[-158.143348,61.051099],[-158.142634,61.051286],[-158.14237,61.051531],[-158.142051,61.05173],[-158.14153,61.051888],[-158.141207,61.052064],[-158.141131,61.052232],[-158.140662,61.052412],[-158.140208,61.05271],[-158.139665,61.053082]]}},{"type":"Feature","properties":{"FaultName":"Atsaksovluk","Change":"Revised","QfaultID":5293,"Feature":"Scarps and linear slope breaks","SlipSense1":"Strike-slip","SlipSense2":"Right-lateral"},"geometry":{"type":"LineString","coordinates":[[-158.707007,60.994711],[-158.705687,60.995349],[-158.705494,60.995711],[-158.705127,60.996139],[-158.704291,60.99673],[-158.707553,60.995492]]}},{"type":"Feature","properties":{"FaultName":"Atsaksovluk","Change":"Revised","QfaultID":5293,"Feature":"Scarps and linear slope breaks","SlipSense1":"Strike-slip","SlipSense2":"Right-lateral"},"geometry":{"type":"LineString","coordinates":[[-158.550188,61.108808],[-158.548686,61.109177],[-158.547071,61.1098],[-158.545236,61.110429],[-158.543906,61.110971],[-158.542508,61.11155],[-158.54133,61.112123],[-158.540074,61.112662],[-158.53876,61.11331],[-158.537793,61.113804],[-158.536565,61.114022],[-158.535838,61.114117],[-158.535262,61.114651],[-158.532977,61.115522],[-158.532555,61.116162],[-158.532052,61.11652],[-158.530657,61.116899],[-158.530081,61.117185],[-158.528448,61.117861],[-158.52727,61.118255],[-158.526062,61.118443],[-158.52524,61.118736],[-158.523453,61.119192],[-158.522569,61.119488],[-158.521751,61.119811],[-158.520748,61.12014],[-158.520307,61.12051],[-158.520222,61.12078],[-158.51935,61.121164],[-158.516694,61.122022],[-158.515916,61.122195],[-158.515753,61.122349],[-158.514644,61.1228],[-158.513669,61.122891],[-158.513436,61.122988],[-158.512961,61.123122],[-158.512077,61.123417],[-158.511025,61.123837],[-158.510092,61.124223],[-158.508234,61.125054]]}},{"type":"Feature","properties":{"FaultName":"Bendeleben","Change":"Revised","QfaultID":5450,"Feature":"Parallel south-facing scarps in alluvium, and range-front slope breaks","SlipSense1":"Normal","SlipSense2":"Down-to-the-south"},"geometry":{"type":"LineString","coordinates":[[-163.534797,65.13279],[-163.532718,65.133036],[-163.531984,65.132889],[-163.53059,65.132974],[-163.530088,65.133005],[-163.529402,65.132998],[-163.528534,65.133123],[-163.526885,65.133296],[-163.526431,65.133467],[-163.525762,65.133508],[-163.524321,65.133955],[-163.523205,65.133855],[-163.521754,65.133608],[-163.520583,65.133679],[-163.519579,65.13374],[-163.518241,65.133989],[-163.517499,65.133986],[-163.516583,65.134138],[-163.51589,65.134276],[-163.51558,65.134367],[-163.514982,65.134451],[-163.513899,65.134613],[-163.512656,65.134808],[-163.511947,65.134731],[-163.510927,65.134745],[-163.51029,65.13488],[-163.509509,65.134927],[-163.508959,65.134985],[-163.508249,65.134908],[-163.507708,65.134989],[-163.506321,65.135097],[-163.5057,65.135278],[-163.504561,65.135444],[-163.503581,65.135575],[-163.50233,65.135579],[-163.501884,65.135774],[-163.50143,65.135777],[-163.500593,65.135996],[-163.49951,65.136158],[-163.498506,65.136386],[-163.497678,65.136796],[-163.497344,65.136985],[-163.496771,65.137139],[-163.496245,65.137435],[-163.494014,65.137738],[-163.493083,65.13801],[-163.492485,65.138262],[-163.489935,65.139131],[-163.489481,65.139303],[-163.488497,65.139422],[-163.487688,65.139471],[-163.486896,65.139735]]}},{"type":"Feature","properties":{"FaultName":"Bendeleben","Change":"Revised","QfaultID":5450,"Feature":"Parallel south-facing scarps in alluvium, and range-front slope breaks","SlipSense1":"Normal","SlipSense2":"Down-to-the-south"},"geometry":{"type":"LineString","coordinates":[[-163.24637,65.164402],[-163.244975,65.164317],[-163.243355,65.164412],[-163.242637,65.164311],[-163.242159,65.164243],[-163.241292,65.163863],[-163.241054,65.163661],[-163.239588,65.163364],[-163.239013,65.16335],[-163.236787,65.163505],[-163.235662,65.163379],[-163.235288,65.163282],[-163.234889,65.163281],[-163.234005,65.163022],[-163.233224,65.1629],[-163.232595,65.162721],[-163.232085,65.162727],[-163.230849,65.162608],[-163.230283,65.162618],[-163.229531,65.162925],[-163.228053,65.163108],[-163.227488,65.16295],[-163.226994,65.162835],[-163.226612,65.162714],[-163.22583,65.16276],[-163.225439,65.162783],[-163.224651,65.16247],[-163.223249,65.162193],[-163.222198,65.161943],[-163.221361,65.161824],[-163.2205,65.161803],[-163.219512,65.161573],[-163.218531,65.161535],[-163.217662,65.16149],[-163.216578,65.161314],[-163.215039,65.161309],[-163.213196,65.16125],[-163.212512,65.161074],[-163.211427,65.161066],[-163.209807,65.161161],[-163.208657,65.1613],[-163.207788,65.161256],[-163.206585,65.161063],[-163.205495,65.160695],[-163.204577,65.160677],[-163.204211,65.160603],[-163.203663,65.160323],[-163.202865,65.160322],[-163.20128,65.160008],[-163.200245,65.159805],[-163.19893,65.159619],[-163.197607,65.159408],[-163.196676,65.159176],[-163.195776,65.159037],[-163.195209,65.159046],[-163.193966,65.158903],[-163.193345,65.158748],[-163.192101,65.158773],[-163.1901,65.158578],[-163.187024,65.158231],[-163.18267,65.158151],[-163.181755,65.157797],[-163.181021,65.157816],[-163.179657,65.157824],[-163.178891,65.157917],[-163.178124,65.15801],[-163.177415,65.157931],[-163.176251,65.157856],[-163.175461,65.157878],[-163.174536,65.157836],[-163.172846,65.157719],[-163.172399,65.157746],[-163.171282,65.157811],[-163.169511,65.157795],[-163.168419,65.157763],[-163.167294,65.157805],[-163.16588,65.158007],[-163.162496,65.158277],[-163.161301,65.158107],[-163.160305,65.158021],[-163.159454,65.157688],[-163.158438,65.157196],[-163.156906,65.157213],[-163.155317,65.157402],[-163.153815,65.157681],[-163.15165,65.158023],[-163.150635,65.158226],[-163.149687,65.158114],[-163.148396,65.157998],[-163.14771,65.15799],[-163.146785,65.157948],[-163.14617,65.157984],[-163.145558,65.157852],[-163.144775,65.157897],[-163.144136,65.15803],[-163.143121,65.158233],[-163.142298,65.158329],[-163.141372,65.158455],[-163.14117,65.158707],[-163.140353,65.158994],[-163.139664,65.159322],[-163.139254,65.159633],[-163.137844,65.160195],[-163.135947,65.160832],[-163.134853,65.160968],[-163.13414,65.161225],[-163.133593,65.16164],[-163.132634,65.16184],[-163.131097,65.162361],[-163.130272,65.162625],[-163.129729,65.162704],[-163.128891,65.162753],[-163.127581,65.162925],[-163.126542,65.163057],[-163.125926,65.163261],[-163.125652,65.163469],[-163.124947,65.163749],[-163.122798,65.164073]]}},{"type":"Feature","properties":{"FaultName":"Denali (Boss Creek)","Change":"Revised","QfaultID":5000,"Feature":"Scarps and linear slope breaks","SlipSense1":"Strike-slip","SlipSense2":"Right-lateral"},"geometry":{"type":"LineString","coordinates":[[-157.781465,61.262798],[-157.778802,61.264084],[-157.777223,61.264809],[-157.776789,61.265138],[-157.776501,61.265318],[-157.776284,61.265478],[-157.776053,61.265614],[-157.775802,61.265799],[-157.775542,61.266007],[-157.775237,61.266152],[-157.775066,61.266281],[-157.774732,61.266492]]}},{"type":"Feature","properties":{"FaultName":"Holitna (Denali)","Change":"Revised","QfaultID":5000,"Feature":"Scarps and linear slope breaks","SlipSense1":"Strike-slip","SlipSense2":"Right-lateral"},"geometry":{"type":"LineString","coordinates":[[-158.384422,60.900897],[-158.379162,60.903673],[-158.377411,60.904766],[-158.376519,60.905417],[-158.374768,60.906065],[-158.373746,60.906661],[-158.372186,60.907362],[-158.369987,60.908321],[-158.368681,60.90863],[-158.367642,60.909107],[-158.367043,60.90966],[-158.366379,60.910185]]}},{"type":"Feature","properties":{"FaultName":"Holitna (Denali)","Change":"Revised","QfaultID":5000,"Feature":"Scarps and linear slope breaks","SlipSense1":"Strike-slip","SlipSense2":"Right-lateral"},"geometry":{"type":"LineString","coordinates":[[-158.333623,60.933211],[-158.332225,60.933758],[-158.331241,60.934649],[-158.329764,60.935525],[-158.32863,60.936213],[-158.327054,60.93727],[-158.32676,60.937813],[-158.325351,60.938746],[-158.324266,60.939343],[-158.323715,60.939805],[-158.323709,60.94022],[-158.322845,60.940632],[-158.322232,60.941096],[-158.321521,60.941741],[-158.320994,60.94238],[-158.320537,60.942631],[-158.319887,60.943274],[-158.318666,60.944231]]}},{"type":"Feature","properties":{"FaultName":"Holitna (Denali)","Change":"Revised","QfaultID":5000,"Feature":"Scarps and linear slope breaks","SlipSense1":"Strike-slip","SlipSense2":"Right-lateral"},"geometry":{"type":"LineString","coordinates":[[-158.30279,60.954893],[-158.30183,60.955516],[-158.300874,60.956168],[-158.299429,60.956835],[-158.298902,60.957029],[-158.298208,60.957348],[-158.297469,60.957785],[-158.296448,60.95841],[-158.295761,60.958787],[-158.295095,60.959312],[-158.294267,60.959545],[-158.293641,60.95992],[-158.293008,60.960236],[-158.29107,60.960889],[-158.289578,60.961677],[-158.285326,60.963854],[-158.280554,60.966284],[-158.276653,60.967887],[-158.274857,60.969648],[-158.270316,60.971492],[-158.268465,60.972349],[-158.267232,60.972773],[-158.266434,60.973242],[-158.265355,60.973898],[-158.264202,60.974467],[-158.263714,60.974956],[-158.262707,60.975698],[-158.261914,60.976197],[-158.261521,60.976476],[-158.260597,60.976919]]}},{"type":"Feature","properties":{"FaultName":"Kaltag","Change":"Revised","QfaultID":5134,"Feature":"Parallel scarps, linear slope breaks, and linear swales","SlipSense1":"Strike-slip","SlipSense2":"Right-lateral"},"geometry":{"type":"LineString","coordinates":[[-159.143044,64.238925],[-159.141024,64.239145],[-159.139835,64.239603],[-159.139202,64.239739],[-159.137721,64.240036],[-159.136683,64.240356],[-159.1353,64.240707],[-159.13396,64.241056],[-159.132489,64.24141],[-159.131233,64.241738],[-159.130168,64.241906],[-159.129726,64.242131],[-159.12928,64.242336],[-159.129143,64.24255],[-159.127723,64.24294],[-159.126122,64.243298],[-159.125686,64.243312],[-159.125019,64.243506],[-159.124487,64.243714],[-159.121885,64.244262],[-159.11889,64.245161],[-159.11698,64.24551],[-159.115905,64.246117],[-159.113522,64.246767],[-159.112406,64.247147],[-159.107118,64.248465],[-159.105389,64.249094],[-159.104486,64.249452],[-159.103905,64.250036],[-159.102485,64.250915],[-159.099935,64.251595],[-159.096829,64.252234],[-159.09465,64.252693],[-159.093168,64.253218],[-159.091958,64.253733],[-159.090198,64.254238],[-159.088752,64.254583],[-159.087029,64.254908],[-159.085169,64.255624],[-159.082262,64.256226],[-159.077656,64.2573],[-159.07445,64.25815],[-159.071845,64.259306],[-159.069382,64.260487],[-159.067935,64.261219],[-159.064049,64.262095],[-159.063105,64.262494],[-159.062816,64.262718],[-159.062098,64.263003],[-159.061086,64.263168],[-159.060338,64.263276],[-159.06013,64.263342],[-159.05978,64.263377],[-159.05948,64.263542],[-159.059275,64.26362],[-159.059201,64.263824],[-159.058998,64.263914],[-159.058591,64.26394],[-159.05823,64.26407],[-159.057995,64.264138],[-159.057165,64.264248],[-159.056272,64.264314],[-159.055499,64.264434],[-159.054975,64.26457],[-159.05453,64.264692],[-159.054008,64.26484],[-159.053784,64.264966],[-159.053423,64.265097],[-159.052901,64.265245],[-159.052318,64.26536],[-159.051913,64.265397],[-159.051305,64.265524],[-159.050804,64.265636],[-159.050446,64.265624],[-159.050138,64.265741],[-159.049687,64.265827],[-159.049326,64.265958],[-159.047848,64.26628],[-159.047481,64.266375],[-159.047393,64.266497],[-159.046977,64.26663],[-159.046575,64.266679],[-159.046323,64.266651],[-159.04595,64.266711],[-159.045891,64.266844],[-159.045889,64.266987],[-159.045257,64.267293],[-159.043932,64.267705],[-159.04206,64.268221],[-159.040602,64.268911],[-159.039369,64.269194],[-159.037877,64.2695],[-159.035694,64.270371]]}},{"type":"Feature","properties":{"FaultName":"Kaltag","Change":"Revised","QfaultID":5134,"Feature":"Parallel scarps, linear slope breaks, and linear swales","SlipSense1":"Strike-slip","SlipSense2":"Right-lateral"},"geometry":{"type":"LineString","coordinates":[[-154.677545,64.939472],[-154.674188,64.939534],[-154.671285,64.939831],[-154.669501,64.940124],[-154.664811,64.940618],[-154.662245,64.940961],[-154.659345,64.941448],[-154.656893,64.941885],[-154.65399,64.94223],[-154.651875,64.942713],[-154.647747,64.943347],[-154.645295,64.943832],[-154.643074,64.944601],[-154.641626,64.944939],[-154.638398,64.945759],[-154.63293,64.94654],[-154.628685,64.946985],[-154.626111,64.947042],[-154.624545,64.947096],[-154.623322,64.947481],[-154.62199,64.948008],[-154.619762,64.948539],[-154.618318,64.949067],[-154.61642,64.949311],[-154.614294,64.949367],[-154.613066,64.949562],[-154.611959,64.950136],[-154.610615,64.950141],[-154.608942,64.950432],[-154.607609,64.950912],[-154.606495,64.951201],[-154.604482,64.951304],[-154.603259,64.951736],[-154.601923,64.952073],[-154.599357,64.952557],[-154.598127,64.95261],[-154.596115,64.952807],[-154.594324,64.952861],[-154.591759,64.953346],[-154.589188,64.953593],[-154.586169,64.953794],[-154.583376,64.954136],[-154.580256,64.954907],[-154.578245,64.955152],[-154.574892,64.955449],[-154.573215,64.955598],[-154.569193,64.956087]]}},{"type":"Feature","properties":{"FaultName":"Kaltag","Change":"Revised","QfaultID":5134,"Feature":"Parallel scarps, linear slope breaks, and linear swales","SlipSense1":"Strike-slip","SlipSense2":"Right-lateral"},"geometry":{"type":"LineString","coordinates":[[-153.078827,65.11316],[-153.070945,65.113114],[-153.067116,65.113092],[-153.061151,65.112961],[-153.048517,65.113503],[-153.041535,65.11346],[-153.036698,65.113288],[-153.027364,65.112851],[-153.023517,65.11335],[-153.018425,65.11403],[-153.013994,65.115094],[-153.009143,65.115301],[-153.003736,65.115315],[-152.970951,65.115363],[-152.921871,65.117409],[-152.868158,65.122374],[-152.854093,65.123646],[-152.852063,65.123688],[-152.850026,65.123901],[-152.846378,65.123818],[-152.843649,65.124424],[-152.83905,65.124447],[-152.834976,65.124873],[-152.832658,65.125312],[-152.828996,65.12557],[-152.826556,65.125722],[-152.823975,65.125988],[-152.821933,65.126315],[-152.817713,65.126967],[-152.814314,65.127397],[-152.8105,65.128052],[-152.806845,65.128138],[-152.802897,65.128735],[-152.799362,65.129164],[-152.796634,65.129713],[-152.793374,65.13003],[-152.789354,65.130213],[-152.785694,65.130125],[-152.78427,65.13047],[-152.782452,65.13016],[-152.778924,65.13031],[-152.776811,65.130294],[-152.774281,65.130156],[-152.770345,65.129947],[-152.766822,65.129979],[-152.759774,65.130042],[-152.74893,65.129956],[-152.746525,65.130175],[-152.743995,65.130036],[-152.741747,65.129899],[-152.738508,65.129873],[-152.736252,65.129915],[-152.732303,65.130002],[-152.730185,65.130103],[-152.726518,65.130192],[-152.723124,65.130462],[-152.720992,65.13086],[-152.718176,65.130837],[-152.715776,65.130936],[-152.710689,65.131251]]}}]}